ID,Tip,Nume,Cantitate,PragAlerta,PretAchizitie,PretVanzare,VolumM3
1,Perisabile,[Perisabile] Spray Degripant Model 75,34,10,109.93,160.48,0.198
2,Hardware,Cheie Dinamometrica Model 81,127,18,265.87,344.64,0.024
3,Electronice,[Electronice] Sursa Laborator Model 49,125,12,139.98,178.58,0.124
4,Electronice,[Electronice] Osciloscop Model 29,100,7,278.52,372.31,0.105
5,Auto,Furtun Intercooler 2.0 TDI Model 84,87,5,247.5,498.05,0.04
6,Auto,Filtru Aer Model 80,21,18,256.49,491.97,0.31
7,Electronice,[Electronice] Multimetru Analogic Model 4,80,11,177.83,257.69,0.154
8,Auto,Senzor Debitmetru Model 73,74,7,90.08,127.21,0.122
9,Perisabile,[Perisabile] Spray Degripant Model 85,16,16,112.93,259.42,0.27
10,Electronice,[Electronice] Osciloscop Model 30,150,19,94.72,133.48,0.218
11,Auto,Furtun Intercooler 2.0 TDI Model 71,68,16,47.82,58.88,0.034
12,Perisabile,[Perisabile] Adeziv Industrial Model 92,58,10,257.48,490.6,0.053
13,Perisabile,[Perisabile] Solutie Curatare Frane Model 91,117,12,37.73,90.03,0.277
14,Perisabile,[Perisabile] Solutie Curatare Frane Model 95,75,5,142.4,285.06,0.366
15,Electronice,[Electronice] Multimetru Analogic Model 12,47,12,17.96,26.55,0.408
16,Hardware,Incarcator Gaz Model 88,135,19,158.54,362.93,0.111
17,Electronice,[Electronice] Multimetru Analogic Model 66,58,15,206.4,471.82,0.132
18,Perisabile,[Perisabile] Spray Degripant Model 11,123,20,87.04,166.01,0.386
19,Perisabile,[Perisabile] Adeziv Industrial Model 26,128,15,74.38,123.76,0.075
20,Perisabile,[Perisabile] Adeziv Industrial Model 72,79,19,216.17,437.86,0.354
21,Hardware,Cheie Dinamometrica Model 24,2,8,32.44,47.58,0.486
22,Auto,Set Placute Frana Model 11,22,5,81.34,102.68,0.392
23,Electronice,[Electronice] Osciloscop Model 58,42,13,73.22,110.3,0.413
24,Perisabile,[Perisabile] Adeziv Industrial Model 21,22,13,197.04,486.94,0.183
25,Auto,Filtru Aer Model 43,112,18,75.26,179.15,0.239
26,Auto,Rulment Roata Fata Model 68,28,15,113.09,181.34,0.162
27,Auto,Set Placute Frana Model 90,115,16,140.85,347.17,0.402
28,Electronice,[Electronice] Multimetru Analogic Model 33,40,17,141.33,290.96,0.21
29,Auto,Baterie 12V 70Ah Model 76,64,16,107.39,252.1,0.051
30,Auto,Baterie 12V 70Ah Model 72,26,17,105.71,253.37,0.076
31,Electronice,[Electronice] Osciloscop Model 25,17,5,198.03,300.3,0.47
32,Electronice,[Electronice] Osciloscop Model 48,53,9,139.08,233.6,0.454
33,Auto,Filtru Aer Model 25,3,12,128.84,285.91,0.369
34,Perisabile,[Perisabile] Solutie Curatare Frane Model 13,85,18,245.08,551.17,0.231
35,Perisabile,[Perisabile] Spray Degripant Model 16,17,17,174.33,285.07,0.284
36,Perisabile,[Perisabile] Spray Degripant Model 14,94,17,270.63,350.97,0.449
37,Perisabile,[Perisabile] Solutie Curatare Frane Model 12,74,9,270.48,509.55,0.398
38,Perisabile,[Perisabile] Adeziv Industrial Model 42,41,16,214.45,400.11,0.42
39,Hardware,Set Imbusuri Model 54,134,19,48.74,63.88,0.139
40,Auto,Rulment Roata Fata Model 21,81,7,109.05,222.27,0.233
41,Hardware,Cheie Dinamometrica Model 12,142,16,188.31,469.32,0.197
42,Electronice,[Electronice] Sursa Laborator Model 19,90,8,220.11,351.01,0.134
43,Auto,Baterie 12V 70Ah Model 13,115,8,297.93,675.94,0.4
44,Hardware,Set Imbusuri Model 48,130,18,272.0,465.19,0.149
45,Auto,Furtun Intercooler 2.0 TDI Model 52,13,19,16.4,21.47,0.38
46,Perisabile,[Perisabile] Solutie Curatare Frane Model 14,5,5,104.43,191.38,0.036
47,Perisabile,[Perisabile] Solutie Curatare Frane Model 87,75,11,235.35,373.08,0.319
48,Auto,Rulment Roata Fata Model 69,108,14,219.05,383.08,0.31
49,Electronice,[Electronice] Multimetru Analogic Model 78,1,15,32.52,74.96,0.356
50,Perisabile,[Perisabile] Adeziv Industrial Model 22,25,11,296.43,478.93,0.275
51,Electronice,[Electronice] Multimetru Analogic Model 99,93,7,230.73,473.69,0.162
52,Electronice,[Electronice] Sursa Laborator Model 74,100,20,93.23,196.2,0.21
53,Electronice,[Electronice] Multimetru Analogic Model 61,50,16,42.04,79.74,0.123
54,Auto,Senzor Debitmetru Model 66,68,9,99.57,162.98,0.37
55,Hardware,Cheie Dinamometrica Model 52,68,18,232.76,319.44,0.065
56,Hardware,Incarcator Gaz Model 78,53,9,216.01,436.85,0.467
57,Perisabile,[Perisabile] Solutie Curatare Frane Model 16,124,19,256.31,556.87,0.215
58,Electronice,[Electronice] Modul Transmisie LoRa Model 29,78,10,112.73,265.08,0.02
59,Hardware,Trusa Tubulare Model 11,30,8,270.88,360.96,0.433
60,Perisabile,[Perisabile] Solutie Curatare Frane Model 7,24,6,70.09,130.48,0.121
61,Electronice,[Electronice] Sursa Laborator Model 2,110,11,121.18,184.27,0.448
62,Hardware,Cheie Dinamometrica Model 50,3,9,211.55,528.85,0.054
63,Auto,Filtru Aer Model 7,14,13,35.49,76.62,0.184
64,Auto,Senzor Debitmetru Model 52,124,11,102.21,170.61,0.31
65,Electronice,[Electronice] Sursa Laborator Model 54,13,18,149.73,217.09,0.25
66,Electronice,[Electronice] Modul Transmisie LoRa Model 65,98,12,165.46,222.65,0.353
67,Auto,Set Placute Frana Model 19,30,15,97.95,243.16,0.042
68,Electronice,[Electronice] Sursa Laborator Model 95,81,6,203.8,440.18,0.188
69,Perisabile,[Perisabile] Solutie Curatare Frane Model 12,30,11,34.48,77.93,0.326
70,Hardware,Set Imbusuri Model 46,75,8,276.75,553.86,0.334
71,Electronice,[Electronice] Multimetru Analogic Model 92,106,13,85.05,187.63,0.335
72,Perisabile,[Perisabile] Adeziv Industrial Model 36,128,10,68.89,135.06,0.138
73,Perisabile,[Perisabile] Solutie Curatare Frane Model 43,144,5,156.31,205.59,0.478
74,Hardware,Cheie Dinamometrica Model 55,125,16,85.85,210.15,0.172
75,Perisabile,[Perisabile] Solutie Curatare Frane Model 32,45,9,85.08,176.23,0.407
76,Hardware,Incarcator Gaz Model 8,144,10,187.96,373.33,0.144
77,Hardware,Incarcator Gaz Model 54,47,20,105.23,249.4,0.039
78,Electronice,[Electronice] Sursa Laborator Model 58,12,7,156.02,309.77,0.391
79,Electronice,[Electronice] Modul Transmisie LoRa Model 8,33,10,135.22,195.03,0.317
80,Auto,Rulment Roata Fata Model 14,3,19,255.79,408.53,0.069
81,Perisabile,[Perisabile] Spray Degripant Model 65,62,20,216.97,470.48,0.012
82,Auto,Senzor Debitmetru Model 99,85,15,45.89,93.13,0.176
83,Perisabile,[Perisabile] Adeziv Industrial Model 82,86,18,128.41,223.83,0.325
84,Electronice,[Electronice] Multimetru Analogic Model 61,30,14,51.19,77.48,0.316
85,Electronice,[Electronice] Modul Transmisie LoRa Model 71,62,5,181.51,270.16,0.29
86,Hardware,Set Imbusuri Model 25,19,7,239.48,388.16,0.037
87,Auto,Furtun Intercooler 2.0 TDI Model 30,109,17,224.87,510.47,0.344
88,Perisabile,[Perisabile] Adeziv Industrial Model 5,107,7,185.27,427.74,0.482
89,Perisabile,[Perisabile] Solutie Curatare Frane Model 58,11,6,184.03,392.15,0.089
90,Electronice,[Electronice] Osciloscop Model 35,22,12,117.5,288.19,0.311
91,Auto,Filtru Aer Model 31,111,11,11.66,19.08,0.143
92,Perisabile,[Perisabile] Adeziv Industrial Model 26,46,5,44.53,81.82,0.147
93,Electronice,[Electronice] Multimetru Analogic Model 69,15,17,137.09,301.85,0.118
94,Hardware,Trusa Tubulare Model 79,106,9,53.24,126.37,0.031
95,Perisabile,[Perisabile] Adeziv Industrial Model 23,139,12,284.08,695.73,0.052
96,Perisabile,[Perisabile] Spray Degripant Model 4,127,19,236.36,407.95,0.311
97,Auto,Senzor Debitmetru Model 1,3,12,142.27,196.33,0.442
98,Auto,Filtru Aer Model 23,7,13,243.75,424.25,0.137
99,Electronice,[Electronice] Sursa Laborator Model 54,17,9,140.7,336.97,0.342
100,Auto,Filtru Aer Model 44,138,13,230.95,400.3,0.212
101,Auto,Senzor Debitmetru Model 81,40,8,54.27,124.47,0.255
102,Hardware,Cheie Dinamometrica Model 56,25,7,157.73,222.65,0.43
103,Perisabile,[Perisabile] Spray Degripant Model 28,68,11,290.11,559.98,0.222
104,Perisabile,[Perisabile] Spray Degripant Model 61,117,11,288.08,394.49,0.299
105,Perisabile,[Perisabile] Spray Degripant Model 36,30,11,78.18,152.18,0.494
106,Electronice,[Electronice] Modul Transmisie LoRa Model 23,112,14,61.8,91.74,0.14
107,Perisabile,[Perisabile] Spray Degripant Model 83,127,6,176.96,341.13,0.063
108,Electronice,[Electronice] Osciloscop Model 10,87,8,76.64,96.23,0.481
109,Hardware,Cheie Dinamometrica Model 58,135,13,80.44,195.81,0.153
110,Hardware,Cheie Dinamometrica Model 21,59,18,40.86,86.33,0.106
111,Perisabile,[Perisabile] Adeziv Industrial Model 42,35,19,10.58,23.52,0.406
112,Hardware,Incarcator Gaz Model 78,133,15,87.15,141.48,0.371
113,Perisabile,[Perisabile] Adeziv Industrial Model 10,107,11,226.36,544.34,0.149
114,Electronice,[Electronice] Modul Transmisie LoRa Model 23,78,15,131.09,236.36,0.436
115,Hardware,Trusa Tubulare Model 76,142,5,259.38,370.27,0.153
116,Hardware,Trusa Tubulare Model 47,27,15,92.4,175.99,0.155
117,Auto,Filtru Aer Model 25,111,5,105.85,238.96,0.273
118,Electronice,[Electronice] Osciloscop Model 38,75,13,178.05,436.18,0.182
119,Hardware,Trusa Tubulare Model 47,135,8,84.92,174.69,0.411
120,Perisabile,[Perisabile] Solutie Curatare Frane Model 35,30,8,68.73,136.09,0.316
121,Electronice,[Electronice] Multimetru Analogic Model 81,128,20,215.65,485.96,0.266
122,Perisabile,[Perisabile] Solutie Curatare Frane Model 72,139,7,143.86,305.73,0.068
123,Electronice,[Electronice] Multimetru Analogic Model 28,78,18,137.98,288.18,0.072
124,Electronice,[Electronice] Modul Transmisie LoRa Model 38,137,9,257.81,546.72,0.479
125,Auto,Rulment Roata Fata Model 45,148,10,123.12,219.57,0.448
126,Electronice,[Electronice] Modul Transmisie LoRa Model 24,3,13,256.5,321.97,0.041
127,Hardware,Trusa Tubulare Model 55,104,14,257.61,551.9,0.401
128,Auto,Rulment Roata Fata Model 83,54,20,107.3,209.72,0.066
129,Electronice,[Electronice] Osciloscop Model 71,97,17,273.77,435.63,0.134
130,Perisabile,[Perisabile] Solutie Curatare Frane Model 91,103,14,74.05,149.96,0.416
131,Perisabile,[Perisabile] Solutie Curatare Frane Model 55,138,8,178.84,296.79,0.125
132,Hardware,Cheie Dinamometrica Model 63,92,10,260.81,647.48,0.042
133,Electronice,[Electronice] Modul Transmisie LoRa Model 88,39,11,197.43,455.76,0.218
134,Perisabile,[Perisabile] Adeziv Industrial Model 13,45,13,268.0,463.55,0.051
135,Perisabile,[Perisabile] Adeziv Industrial Model 25,92,5,170.44,281.72,0.32
136,Electronice,[Electronice] Multimetru Analogic Model 50,84,12,225.55,415.53,0.242
137,Auto,Filtru Aer Model 45,91,5,18.21,40.51,0.079
138,Hardware,Trusa Tubulare Model 50,31,17,93.33,151.22,0.361
139,Auto,Set Placute Frana Model 57,110,5,297.73,731.7,0.441
140,Perisabile,[Perisabile] Solutie Curatare Frane Model 58,21,16,170.35,250.72,0.212
141,Perisabile,[Perisabile] Adeziv Industrial Model 54,33,10,163.16,267.38,0.135
142,Perisabile,[Perisabile] Solutie Curatare Frane Model 72,54,14,138.2,268.91,0.253
143,Electronice,[Electronice] Sursa Laborator Model 62,37,11,152.54,209.66,0.3
144,Electronice,[Electronice] Osciloscop Model 65,41,7,67.64,142.56,0.202
145,Perisabile,[Perisabile] Adeziv Industrial Model 24,69,13,145.51,355.02,0.483
146,Electronice,[Electronice] Osciloscop Model 7,110,5,232.82,481.8,0.033
147,Electronice,[Electronice] Sursa Laborator Model 64,44,8,176.09,266.65,0.345
148,Electronice,[Electronice] Multimetru Analogic Model 46,112,20,16.83,31.84,0.299
149,Hardware,Set Imbusuri Model 2,70,11,266.57,436.94,0.307
150,Perisabile,[Perisabile] Solutie Curatare Frane Model 88,53,11,24.44,43.6,0.084
151,Auto,Baterie 12V 70Ah Model 98,46,17,194.72,346.14,0.407
152,Auto,Rulment Roata Fata Model 10,121,17,181.46,293.88,0.261
153,Hardware,Set Imbusuri Model 16,116,16,166.87,225.79,0.151
154,Electronice,[Electronice] Multimetru Analogic Model 31,46,9,167.19,271.53,0.168
155,Perisabile,[Perisabile] Solutie Curatare Frane Model 61,19,10,264.38,615.29,0.485
156,Auto,Furtun Intercooler 2.0 TDI Model 83,25,20,135.03,277.89,0.014
157,Perisabile,[Perisabile] Adeziv Industrial Model 78,103,11,166.32,352.58,0.309
158,Electronice,[Electronice] Osciloscop Model 16,14,16,207.92,327.44,0.419
159,Hardware,Set Imbusuri Model 19,27,20,211.71,505.92,0.069
160,Auto,Furtun Intercooler 2.0 TDI Model 61,100,16,292.59,377.15,0.303
161,Hardware,Incarcator Gaz Model 55,28,11,238.73,378.51,0.437
162,Hardware,Trusa Tubulare Model 5,119,15,202.64,308.28,0.463
163,Hardware,Set Imbusuri Model 43,110,19,228.46,320.49,0.029
164,Auto,Furtun Intercooler 2.0 TDI Model 31,33,18,98.83,187.89,0.082
165,Perisabile,[Perisabile] Adeziv Industrial Model 93,96,12,94.93,204.71,0.01
166,Auto,Filtru Aer Model 30,65,6,176.74,321.95,0.296
167,Hardware,Cheie Dinamometrica Model 64,79,19,99.79,196.39,0.49
168,Electronice,[Electronice] Modul Transmisie LoRa Model 89,119,5,142.4,277.11,0.362
169,Auto,Baterie 12V 70Ah Model 98,31,19,218.45,410.44,0.312
170,Perisabile,[Perisabile] Solutie Curatare Frane Model 32,115,9,187.45,404.5,0.36
171,Perisabile,[Perisabile] Spray Degripant Model 36,50,14,63.07,149.26,0.296
172,Hardware,Incarcator Gaz Model 89,107,12,204.57,311.46,0.295
173,Auto,Rulment Roata Fata Model 61,19,5,78.69,185.9,0.331
174,Electronice,[Electronice] Osciloscop Model 80,6,8,253.65,489.76,0.408
175,Hardware,Set Imbusuri Model 38,64,13,152.53,277.29,0.265
176,Perisabile,[Perisabile] Spray Degripant Model 17,122,16,111.11,234.16,0.061
177,Auto,Senzor Debitmetru Model 25,146,15,195.34,314.36,0.048
178,Perisabile,[Perisabile] Adeziv Industrial Model 30,54,13,193.22,302.44,0.448
179,Hardware,Incarcator Gaz Model 50,71,20,265.08,575.53,0.319
180,Hardware,Trusa Tubulare Model 77,94,20,46.2,87.3,0.189
181,Electronice,[Electronice] Modul Transmisie LoRa Model 10,123,7,125.95,184.23,0.064
182,Perisabile,[Perisabile] Spray Degripant Model 39,89,9,51.42,76.1,0.381
183,Electronice,[Electronice] Sursa Laborator Model 21,60,10,110.94,252.45,0.194
184,Electronice,[Electronice] Modul Transmisie LoRa Model 26,27,18,234.41,306.7,0.438
185,Electronice,[Electronice] Multimetru Analogic Model 73,21,5,244.05,474.92,0.3
186,Auto,Furtun Intercooler 2.0 TDI Model 86,92,7,12.08,20.97,0.103
187,Electronice,[Electronice] Modul Transmisie LoRa Model 90,95,7,140.29,283.67,0.172
188,Perisabile,[Perisabile] Solutie Curatare Frane Model 17,106,9,86.24,155.88,0.176
189,Hardware,Cheie Dinamometrica Model 60,133,18,277.82,382.83,0.304
190,Perisabile,[Perisabile] Solutie Curatare Frane Model 84,87,9,18.63,43.65,0.289
191,Auto,Baterie 12V 70Ah Model 10,73,10,256.44,345.29,0.447
192,Electronice,[Electronice] Sursa Laborator Model 57,103,18,227.34,321.46,0.09
193,Auto,Set Placute Frana Model 64,18,10,44.65,71.69,0.249
194,Auto,Furtun Intercooler 2.0 TDI Model 97,16,5,137.06,268.68,0.357
195,Perisabile,[Perisabile] Adeziv Industrial Model 60,103,19,81.33,125.62,0.198
196,Electronice,[Electronice] Multimetru Analogic Model 59,44,11,164.13,330.27,0.382
197,Electronice,[Electronice] Modul Transmisie LoRa Model 79,106,10,164.11,390.32,0.162
198,Electronice,[Electronice] Modul Transmisie LoRa Model 34,99,16,188.61,292.04,0.203
199,Hardware,Set Imbusuri Model 13,4,17,220.44,280.25,0.178
200,Hardware,Set Imbusuri Model 67,127,13,27.36,61.03,0.395
201,Perisabile,[Perisabile] Solutie Curatare Frane Model 19,23,15,271.55,511.38,0.359
202,Auto,Furtun Intercooler 2.0 TDI Model 59,80,9,186.09,373.27,0.262
203,Electronice,[Electronice] Modul Transmisie LoRa Model 3,122,10,34.86,47.29,0.137
204,Auto,Rulment Roata Fata Model 13,110,14,183.54,280.71,0.307
205,Perisabile,[Perisabile] Spray Degripant Model 16,93,11,153.41,294.0,0.457
206,Electronice,[Electronice] Osciloscop Model 34,99,7,61.09,130.28,0.117
207,Auto,Furtun Intercooler 2.0 TDI Model 71,115,19,47.86,102.87,0.365
208,Auto,Rulment Roata Fata Model 29,91,14,75.0,165.49,0.453
209,Electronice,[Electronice] Modul Transmisie LoRa Model 20,1,12,54.24,103.29,0.153
210,Perisabile,[Perisabile] Spray Degripant Model 62,89,14,133.75,310.61,0.207
211,Auto,Set Placute Frana Model 33,139,7,37.52,84.98,0.491
212,Auto,Senzor Debitmetru Model 9,116,19,297.94,461.34,0.182
213,Perisabile,[Perisabile] Adeziv Industrial Model 80,82,12,88.03,106.92,0.154
214,Perisabile,[Perisabile] Solutie Curatare Frane Model 25,122,8,150.48,364.46,0.107
215,Perisabile,[Perisabile] Solutie Curatare Frane Model 62,7,18,294.31,602.27,0.281
216,Perisabile,[Perisabile] Adeziv Industrial Model 5,31,9,177.93,291.87,0.018
217,Hardware,Incarcator Gaz Model 92,44,14,272.96,647.6,0.309
218,Auto,Baterie 12V 70Ah Model 86,118,9,210.81,496.35,0.41
219,Electronice,[Electronice] Multimetru Analogic Model 54,5,9,100.11,234.81,0.248
220,Perisabile,[Perisabile] Adeziv Industrial Model 63,63,5,58.77,78.26,0.287
221,Electronice,[Electronice] Modul Transmisie LoRa Model 64,93,7,46.28,99.58,0.416
222,Hardware,Set Imbusuri Model 78,146,11,63.59,104.89,0.335
223,Perisabile,[Perisabile] Solutie Curatare Frane Model 89,117,9,234.6,312.23,0.352
224,Hardware,Cheie Dinamometrica Model 49,135,15,233.55,367.99,0.459
225,Electronice,[Electronice] Modul Transmisie LoRa Model 93,150,13,297.69,657.26,0.089
226,Perisabile,[Perisabile] Spray Degripant Model 82,114,6,156.49,212.27,0.44
227,Perisabile,[Perisabile] Spray Degripant Model 98,20,9,18.54,28.73,0.017
228,Auto,Furtun Intercooler 2.0 TDI Model 54,84,19,268.39,603.11,0.08
229,Perisabile,[Perisabile] Spray Degripant Model 38,68,8,193.5,385.72,0.105
230,Perisabile,[Perisabile] Solutie Curatare Frane Model 3,137,12,99.81,230.38,0.159
231,Hardware,Trusa Tubulare Model 16,39,12,22.72,30.0,0.289
232,Perisabile,[Perisabile] Spray Degripant Model 22,74,17,76.99,147.07,0.086
233,Hardware,Cheie Dinamometrica Model 45,41,19,224.97,409.44,0.243
234,Electronice,[Electronice] Modul Transmisie LoRa Model 11,144,7,289.1,420.65,0.192
235,Perisabile,[Perisabile] Spray Degripant Model 72,20,14,173.7,266.79,0.187
236,Electronice,[Electronice] Osciloscop Model 57,90,11,270.35,630.79,0.377
237,Perisabile,[Perisabile] Solutie Curatare Frane Model 34,99,10,250.95,496.19,0.373
238,Auto,Set Placute Frana Model 87,132,9,256.29,325.3,0.259
239,Hardware,Trusa Tubulare Model 11,9,10,55.05,129.5,0.391
240,Hardware,Set Imbusuri Model 49,136,16,56.63,73.89,0.156
241,Hardware,Set Imbusuri Model 91,122,20,78.01,156.57,0.417
242,Hardware,Cheie Dinamometrica Model 40,11,14,162.63,342.47,0.492
243,Auto,Rulment Roata Fata Model 51,100,6,289.32,554.6,0.474
244,Electronice,[Electronice] Multimetru Analogic Model 71,24,13,226.54,402.23,0.02
245,Hardware,Cheie Dinamometrica Model 18,89,6,154.14,372.3,0.088
246,Perisabile,[Perisabile] Spray Degripant Model 9,34,15,142.23,262.53,0.072
247,Hardware,Set Imbusuri Model 13,72,19,298.24,503.74,0.156
248,Auto,Rulment Roata Fata Model 83,43,14,11.23,18.47,0.016
249,Perisabile,[Perisabile] Spray Degripant Model 88,1,17,54.45,81.19,0.287
250,Hardware,Incarcator Gaz Model 6,95,7,33.6,44.65,0.382
251,Perisabile,[Perisabile] Spray Degripant Model 55,3,17,143.41,277.44,0.334
252,Auto,Senzor Debitmetru Model 79,130,12,235.02,533.67,0.47
253,Auto,Set Placute Frana Model 2,49,6,293.05,600.34,0.269
254,Perisabile,[Perisabile] Adeziv Industrial Model 56,123,13,168.11,263.87,0.277
255,Auto,Baterie 12V 70Ah Model 97,115,16,297.65,377.24,0.04
256,Perisabile,[Perisabile] Spray Degripant Model 79,116,19,228.91,562.83,0.027
257,Auto,Senzor Debitmetru Model 9,50,20,232.85,419.27,0.076
258,Auto,Furtun Intercooler 2.0 TDI Model 18,106,11,210.68,495.39,0.457
259,Hardware,Cheie Dinamometrica Model 65,80,12,72.94,151.65,0.03
260,Perisabile,[Perisabile] Spray Degripant Model 50,29,20,54.99,103.14,0.292
261,Hardware,Set Imbusuri Model 94,141,13,83.91,128.43,0.484
262,Hardware,Set Imbusuri Model 97,111,18,26.88,49.9,0.26
263,Hardware,Incarcator Gaz Model 38,71,10,273.96,508.35,0.012
264,Auto,Rulment Roata Fata Model 83,37,17,24.0,58.78,0.155
265,Electronice,[Electronice] Modul Transmisie LoRa Model 35,10,15,78.9,180.55,0.155
266,Auto,Senzor Debitmetru Model 65,85,9,170.37,317.54,0.043
267,Perisabile,[Perisabile] Adeziv Industrial Model 14,43,18,76.06,125.45,0.043
268,Hardware,Cheie Dinamometrica Model 78,109,17,44.02,80.36,0.421
269,Hardware,Set Imbusuri Model 41,30,11,16.1,31.57,0.132
270,Perisabile,[Perisabile] Solutie Curatare Frane Model 66,149,15,199.79,387.61,0.064
271,Hardware,Set Imbusuri Model 70,116,14,290.93,444.05,0.226
272,Hardware,Trusa Tubulare Model 70,102,10,95.56,229.81,0.486
273,Auto,Rulment Roata Fata Model 44,60,19,56.6,100.34,0.251
274,Perisabile,[Perisabile] Solutie Curatare Frane Model 6,77,8,154.74,256.28,0.18
275,Perisabile,[Perisabile] Spray Degripant Model 51,72,14,190.04,423.15,0.156
276,Hardware,Incarcator Gaz Model 78,1,10,164.7,223.54,0.201
277,Auto,Set Placute Frana Model 45,133,17,211.58,418.43,0.111
278,Auto,Set Placute Frana Model 48,63,14,199.31,329.57,0.199
279,Hardware,Trusa Tubulare Model 88,120,10,92.27,209.67,0.387
280,Auto,Rulment Roata Fata Model 65,121,6,45.42,78.61,0.381
281,Auto,Set Placute Frana Model 94,102,15,173.0,335.49,0.016
282,Perisabile,[Perisabile] Adeziv Industrial Model 80,39,12,102.14,210.14,0.078
283,Hardware,Incarcator Gaz Model 41,64,9,169.41,295.7,0.415
284,Electronice,[Electronice] Osciloscop Model 27,73,9,48.1,115.51,0.205
285,Electronice,[Electronice] Multimetru Analogic Model 8,86,7,156.24,363.0,0.2
286,Auto,Senzor Debitmetru Model 80,141,11,24.69,57.08,0.148
287,Hardware,Incarcator Gaz Model 23,126,19,82.23,165.42,0.235
288,Electronice,[Electronice] Osciloscop Model 77,144,12,61.69,98.47,0.498
289,Hardware,Incarcator Gaz Model 35,96,6,60.5,144.26,0.334
290,Hardware,Trusa Tubulare Model 53,96,15,16.01,31.83,0.211
291,Auto,Baterie 12V 70Ah Model 1,88,8,245.08,323.44,0.434
292,Auto,Filtru Aer Model 24,49,19,245.38,611.95,0.095
293,Electronice,[Electronice] Multimetru Analogic Model 41,56,16,63.48,114.46,0.435
294,Electronice,[Electronice] Modul Transmisie LoRa Model 54,43,18,45.63,59.3,0.417
295,Electronice,[Electronice] Osciloscop Model 46,121,5,204.74,449.72,0.495
296,Auto,Rulment Roata Fata Model 13,0,12,125.2,197.11,0.34
297,Hardware,Cheie Dinamometrica Model 76,110,14,207.27,336.54,0.021
298,Perisabile,[Perisabile] Spray Degripant Model 40,13,19,65.75,125.95,0.435
299,Hardware,Cheie Dinamometrica Model 82,142,8,103.97,188.74,0.053
300,Hardware,Trusa Tubulare Model 9,74,8,131.6,244.5,0.138
301,Hardware,Set Imbusuri Model 81,88,10,168.6,297.26,0.466
302,Hardware,Set Imbusuri Model 25,73,12,175.1,242.5,0.175
303,Hardware,Incarcator Gaz Model 46,91,18,278.86,528.04,0.428
304,Auto,Filtru Aer Model 17,80,16,147.67,213.05,0.384
305,Auto,Baterie 12V 70Ah Model 12,24,9,119.25,252.82,0.05
306,Auto,Furtun Intercooler 2.0 TDI Model 19,138,16,274.55,464.23,0.296
307,Auto,Furtun Intercooler 2.0 TDI Model 31,100,13,204.58,357.35,0.285
308,Hardware,Incarcator Gaz Model 4,52,13,231.03,302.63,0.191
309,Auto,Set Placute Frana Model 53,104,9,280.59,443.89,0.403
310,Hardware,Trusa Tubulare Model 86,46,12,32.03,67.85,0.465
311,Perisabile,[Perisabile] Spray Degripant Model 68,92,12,29.86,38.36,0.426
312,Hardware,Set Imbusuri Model 46,43,7,78.33,134.14,0.08
313,Electronice,[Electronice] Modul Transmisie LoRa Model 37,122,13,239.39,595.47,0.409
314,Auto,Rulment Roata Fata Model 98,57,15,84.83,188.18,0.29
315,Auto,Set Placute Frana Model 97,75,16,142.75,207.36,0.158
316,Hardware,Set Imbusuri Model 90,76,11,48.91,67.41,0.276
317,Perisabile,[Perisabile] Spray Degripant Model 85,19,8,192.83,380.6,0.323
318,Electronice,[Electronice] Osciloscop Model 8,24,16,52.27,80.73,0.338
319,Perisabile,[Perisabile] Solutie Curatare Frane Model 10,104,14,279.11,608.04,0.098
320,Hardware,Set Imbusuri Model 28,34,9,18.07,36.16,0.299
321,Electronice,[Electronice] Osciloscop Model 99,13,18,50.37,106.72,0.18
322,Hardware,Cheie Dinamometrica Model 52,145,17,165.21,273.58,0.403
323,Perisabile,[Perisabile] Solutie Curatare Frane Model 28,122,10,150.86,316.48,0.434
324,Auto,Furtun Intercooler 2.0 TDI Model 4,123,8,280.08,656.69,0.262
325,Auto,Furtun Intercooler 2.0 TDI Model 96,119,12,106.12,257.31,0.274
326,Auto,Rulment Roata Fata Model 83,79,18,203.75,390.73,0.396
327,Auto,Baterie 12V 70Ah Model 71,14,12,215.14,400.19,0.322
328,Electronice,[Electronice] Sursa Laborator Model 22,136,6,274.09,551.16,0.137
329,Perisabile,[Perisabile] Adeziv Industrial Model 26,84,12,88.98,111.28,0.245
330,Auto,Baterie 12V 70Ah Model 43,134,7,20.16,43.31,0.224
331,Perisabile,[Perisabile] Solutie Curatare Frane Model 11,40,17,28.25,41.85,0.109
332,Auto,Set Placute Frana Model 19,37,7,66.12,96.47,0.429
333,Electronice,[Electronice] Multimetru Analogic Model 59,85,13,141.98,274.55,0.306
334,Hardware,Trusa Tubulare Model 2,119,16,285.3,484.11,0.365
335,Electronice,[Electronice] Sursa Laborator Model 86,144,7,280.66,530.82,0.333
336,Hardware,Set Imbusuri Model 90,111,11,278.87,495.62,0.335
337,Perisabile,[Perisabile] Adeziv Industrial Model 75,122,11,46.25,60.43,0.308
338,Auto,Filtru Aer Model 48,88,15,142.77,195.33,0.426
339,Auto,Set Placute Frana Model 90,104,9,223.73,373.51,0.13
340,Auto,Set Placute Frana Model 6,62,6,191.22,255.86,0.414
341,Auto,Furtun Intercooler 2.0 TDI Model 95,128,20,155.81,385.35,0.149
342,Electronice,[Electronice] Osciloscop Model 75,93,20,214.03,458.66,0.281
343,Hardware,Incarcator Gaz Model 74,74,8,156.19,348.66,0.223
344,Electronice,[Electronice] Modul Transmisie LoRa Model 81,39,7,144.05,229.73,0.079
345,Perisabile,[Perisabile] Adeziv Industrial Model 42,17,13,173.29,366.91,0.498
346,Perisabile,[Perisabile] Solutie Curatare Frane Model 10,101,13,42.4,88.34,0.034
347,Hardware,Set Imbusuri Model 92,22,7,281.03,653.82,0.121
348,Hardware,Incarcator Gaz Model 90,32,20,127.52,200.21,0.297
349,Perisabile,[Perisabile] Adeziv Industrial Model 45,82,11,103.61,202.87,0.401
350,Hardware,Trusa Tubulare Model 89,5,18,176.51,341.24,0.127
351,Auto,Senzor Debitmetru Model 16,67,18,131.42,321.22,0.287
352,Hardware,Cheie Dinamometrica Model 39,23,8,97.61,238.73,0.141
353,Hardware,Cheie Dinamometrica Model 12,110,11,59.07,143.53,0.247
354,Auto,Senzor Debitmetru Model 22,74,13,20.77,33.7,0.158
355,Electronice,[Electronice] Sursa Laborator Model 35,59,13,135.06,174.63,0.484
356,Auto,Senzor Debitmetru Model 90,78,19,245.54,444.59,0.371
357,Hardware,Incarcator Gaz Model 26,16,20,287.8,635.4,0.252
358,Auto,Baterie 12V 70Ah Model 98,33,13,149.87,275.32,0.192
359,Auto,Filtru Aer Model 98,100,20,18.48,44.21,0.232
360,Hardware,Set Imbusuri Model 81,113,16,134.65,187.79,0.379
361,Auto,Furtun Intercooler 2.0 TDI Model 67,95,7,24.94,53.99,0.491
362,Perisabile,[Perisabile] Solutie Curatare Frane Model 45,123,16,182.61,257.65,0.373
363,Hardware,Incarcator Gaz Model 98,145,12,144.24,317.61,0.269
364,Auto,Furtun Intercooler 2.0 TDI Model 39,23,10,133.59,230.81,0.118
365,Electronice,[Electronice] Modul Transmisie LoRa Model 26,136,12,122.0,227.43,0.368
366,Auto,Filtru Aer Model 31,10,6,34.9,54.78,0.07
367,Hardware,Incarcator Gaz Model 64,116,6,214.45,459.49,0.033
368,Auto,Set Placute Frana Model 87,81,16,242.21,340.39,0.085
369,Auto,Set Placute Frana Model 33,54,14,41.06,72.92,0.312
370,Perisabile,[Perisabile] Adeziv Industrial Model 54,66,12,47.35,115.54,0.09
371,Hardware,Trusa Tubulare Model 66,145,18,82.56,176.42,0.383
372,Auto,Rulment Roata Fata Model 30,2,7,137.11,181.82,0.062
373,Hardware,Cheie Dinamometrica Model 51,118,16,172.51,208.99,0.096
374,Electronice,[Electronice] Modul Transmisie LoRa Model 5,96,19,65.62,95.44,0.171
375,Hardware,Set Imbusuri Model 73,116,15,15.48,20.32,0.28
376,Perisabile,[Perisabile] Spray Degripant Model 80,85,17,152.98,186.52,0.499
377,Auto,Rulment Roata Fata Model 10,32,5,194.77,454.78,0.289
378,Electronice,[Electronice] Osciloscop Model 8,79,7,127.98,261.44,0.134
379,Perisabile,[Perisabile] Adeziv Industrial Model 97,66,6,286.15,554.44,0.212
380,Auto,Senzor Debitmetru Model 96,138,5,268.2,336.3,0.081
381,Auto,Furtun Intercooler 2.0 TDI Model 11,36,15,243.19,299.5,0.298
382,Perisabile,[Perisabile] Adeziv Industrial Model 89,90,8,290.9,415.56,0.413
383,Electronice,[Electronice] Modul Transmisie LoRa Model 77,131,6,62.44,118.74,0.421
384,Perisabile,[Perisabile] Adeziv Industrial Model 24,38,19,228.85,340.7,0.3
385,Electronice,[Electronice] Osciloscop Model 66,62,15,289.29,425.84,0.179
386,Auto,Set Placute Frana Model 1,145,10,261.41,630.29,0.396
387,Perisabile,[Perisabile] Adeziv Industrial Model 80,90,9,102.2,153.58,0.14
388,Perisabile,[Perisabile] Spray Degripant Model 77,1,17,63.05,81.86,0.438
389,Perisabile,[Perisabile] Solutie Curatare Frane Model 30,55,18,260.24,567.38,0.432
390,Hardware,Set Imbusuri Model 23,94,5,127.24,166.62,0.182
391,Hardware,Trusa Tubulare Model 99,29,9,290.64,381.45,0.327
392,Perisabile,[Perisabile] Solutie Curatare Frane Model 75,1,16,52.02,79.97,0.384
393,Perisabile,[Perisabile] Spray Degripant Model 81,127,12,160.49,346.93,0.357
394,Perisabile,[Perisabile] Solutie Curatare Frane Model 43,98,18,201.57,453.82,0.169
395,Perisabile,[Perisabile] Solutie Curatare Frane Model 53,69,13,262.53,606.36,0.335
396,Hardware,Cheie Dinamometrica Model 61,66,14,267.7,626.7,0.46
397,Hardware,Cheie Dinamometrica Model 97,105,9,109.34,194.48,0.364
398,Perisabile,[Perisabile] Spray Degripant Model 67,57,7,16.91,27.7,0.249
399,Electronice,[Electronice] Modul Transmisie LoRa Model 64,97,5,126.98,243.45,0.374
400,Auto,Set Placute Frana Model 87,148,9,277.57,566.67,0.105
401,Perisabile,[Perisabile] Spray Degripant Model 6,43,16,43.13,100.92,0.418
402,Hardware,Incarcator Gaz Model 53,97,15,80.33,168.91,0.083
403,Electronice,[Electronice] Multimetru Analogic Model 4,29,11,179.54,372.91,0.484
404,Electronice,[Electronice] Multimetru Analogic Model 69,124,13,161.8,403.9,0.054
405,Perisabile,[Perisabile] Solutie Curatare Frane Model 27,94,9,68.22,149.25,0.197
406,Electronice,[Electronice] Multimetru Analogic Model 91,138,15,31.55,78.45,0.173
407,Perisabile,[Perisabile] Spray Degripant Model 4,144,14,202.29,392.94,0.113
408,Hardware,Trusa Tubulare Model 27,60,19,30.36,65.35,0.17
409,Perisabile,[Perisabile] Adeziv Industrial Model 78,146,7,184.04,403.9,0.403
410,Auto,Rulment Roata Fata Model 81,65,20,212.7,437.53,0.409
411,Hardware,Cheie Dinamometrica Model 42,31,12,152.12,260.58,0.108
412,Auto,Senzor Debitmetru Model 60,62,8,232.95,309.18,0.099
413,Hardware,Trusa Tubulare Model 43,81,20,213.67,353.87,0.346
414,Auto,Senzor Debitmetru Model 95,120,19,220.27,336.64,0.462
415,Auto,Baterie 12V 70Ah Model 48,138,17,29.25,57.9,0.49
416,Electronice,[Electronice] Multimetru Analogic Model 29,45,20,113.31,206.62,0.123
417,Auto,Rulment Roata Fata Model 31,83,7,128.6,259.39,0.014
418,Perisabile,[Perisabile] Spray Degripant Model 24,147,8,284.09,543.01,0.182
419,Perisabile,[Perisabile] Spray Degripant Model 28,26,17,231.29,540.24,0.395
420,Electronice,[Electronice] Sursa Laborator Model 1,143,14,231.58,464.95,0.076
421,Perisabile,[Perisabile] Solutie Curatare Frane Model 1,127,12,73.38,167.35,0.035
422,Hardware,Cheie Dinamometrica Model 13,144,18,249.94,575.29,0.173
423,Hardware,Cheie Dinamometrica Model 13,70,17,106.57,217.37,0.269
424,Hardware,Cheie Dinamometrica Model 4,78,15,33.14,64.74,0.056
425,Electronice,[Electronice] Multimetru Analogic Model 9,13,11,119.32,276.91,0.048
426,Auto,Filtru Aer Model 14,114,19,195.69,382.87,0.193
427,Electronice,[Electronice] Osciloscop Model 43,85,9,276.22,618.93,0.018
428,Auto,Furtun Intercooler 2.0 TDI Model 6,107,18,289.6,672.36,0.025
429,Auto,Set Placute Frana Model 20,30,7,78.45,189.25,0.26
430,Perisabile,[Perisabile] Adeziv Industrial Model 4,140,15,283.08,642.37,0.041
431,Auto,Set Placute Frana Model 26,7,9,106.5,152.86,0.447
432,Perisabile,[Perisabile] Adeziv Industrial Model 84,146,14,227.24,441.87,0.491
433,Auto,Furtun Intercooler 2.0 TDI Model 93,71,8,281.61,368.02,0.359
434,Electronice,[Electronice] Osciloscop Model 13,99,19,91.17,214.8,0.337
435,Auto,Set Placute Frana Model 46,102,5,270.76,654.28,0.309
436,Perisabile,[Perisabile] Solutie Curatare Frane Model 21,124,13,131.35,211.01,0.19
437,Auto,Rulment Roata Fata Model 52,34,6,180.8,280.16,0.33
438,Hardware,Cheie Dinamometrica Model 53,137,9,170.05,378.82,0.377
439,Hardware,Cheie Dinamometrica Model 12,30,7,290.82,563.52,0.211
440,Perisabile,[Perisabile] Spray Degripant Model 20,110,5,152.72,227.71,0.317
441,Hardware,Incarcator Gaz Model 93,75,8,205.05,264.65,0.227
442,Electronice,[Electronice] Sursa Laborator Model 60,63,10,51.36,62.36,0.084
443,Auto,Baterie 12V 70Ah Model 98,74,17,203.36,351.52,0.165
444,Auto,Set Placute Frana Model 91,94,5,107.05,215.87,0.432
445,Perisabile,[Perisabile] Solutie Curatare Frane Model 31,113,11,21.58,51.78,0.367
446,Perisabile,[Perisabile] Solutie Curatare Frane Model 55,108,16,209.31,360.3,0.314
447,Auto,Filtru Aer Model 35,79,9,104.08,238.42,0.462
448,Auto,Senzor Debitmetru Model 65,15,18,216.36,376.44,0.149
449,Hardware,Incarcator Gaz Model 98,34,15,129.96,282.76,0.111
450,Hardware,Set Imbusuri Model 72,120,12,119.21,195.53,0.221
451,Perisabile,[Perisabile] Spray Degripant Model 50,111,10,92.47,204.26,0.379
452,Perisabile,[Perisabile] Solutie Curatare Frane Model 37,104,20,268.97,382.82,0.462
453,Hardware,Trusa Tubulare Model 60,42,19,144.98,346.5,0.195
454,Hardware,Trusa Tubulare Model 99,39,16,293.75,507.05,0.286
455,Perisabile,[Perisabile] Spray Degripant Model 63,103,6,61.09,125.54,0.039
456,Hardware,Set Imbusuri Model 17,83,14,290.21,656.16,0.032
457,Hardware,Incarcator Gaz Model 39,54,5,239.14,424.59,0.028
458,Electronice,[Electronice] Osciloscop Model 52,78,20,135.9,178.6,0.18
459,Perisabile,[Perisabile] Adeziv Industrial Model 50,90,7,186.77,406.97,0.486
460,Hardware,Trusa Tubulare Model 59,40,16,54.22,103.86,0.115
461,Auto,Set Placute Frana Model 38,90,5,199.24,422.16,0.226
462,Auto,Furtun Intercooler 2.0 TDI Model 51,70,14,88.79,156.22,0.471
463,Perisabile,[Perisabile] Adeziv Industrial Model 2,115,10,158.4,288.3,0.153
464,Perisabile,[Perisabile] Spray Degripant Model 57,120,6,259.1,498.88,0.336
465,Auto,Filtru Aer Model 66,13,6,173.14,417.79,0.498
466,Auto,Furtun Intercooler 2.0 TDI Model 32,67,15,115.04,262.7,0.066
467,Electronice,[Electronice] Multimetru Analogic Model 39,9,16,61.78,85.47,0.231
468,Electronice,[Electronice] Multimetru Analogic Model 85,101,7,61.79,135.99,0.475
469,Hardware,Incarcator Gaz Model 58,130,9,147.34,295.56,0.201
470,Perisabile,[Perisabile] Solutie Curatare Frane Model 64,30,17,76.03,160.94,0.069
471,Perisabile,[Perisabile] Adeziv Industrial Model 88,74,7,158.72,322.15,0.499
472,Hardware,Incarcator Gaz Model 25,29,6,269.54,613.75,0.222
473,Auto,Senzor Debitmetru Model 59,45,8,155.3,253.96,0.28
474,Hardware,Cheie Dinamometrica Model 70,66,8,12.23,21.86,0.151
475,Auto,Furtun Intercooler 2.0 TDI Model 43,88,20,251.45,550.75,0.432
476,Perisabile,[Perisabile] Solutie Curatare Frane Model 23,105,15,222.17,456.8,0.307
477,Electronice,[Electronice] Multimetru Analogic Model 68,63,10,24.35,55.29,0.098
478,Auto,Senzor Debitmetru Model 68,45,12,171.04,336.13,0.474
479,Electronice,[Electronice] Multimetru Analogic Model 25,68,15,141.15,277.22,0.108
480,Electronice,[Electronice] Modul Transmisie LoRa Model 52,11,18,265.06,589.31,0.304
481,Perisabile,[Perisabile] Adeziv Industrial Model 26,111,10,146.8,186.44,0.304
482,Hardware,Trusa Tubulare Model 53,111,14,78.36,174.33,0.214
483,Electronice,[Electronice] Sursa Laborator Model 83,16,8,276.55,517.24,0.4
484,Auto,Baterie 12V 70Ah Model 91,22,5,24.57,36.65,0.214
485,Auto,Rulment Roata Fata Model 99,105,7,203.33,258.6,0.418
486,Hardware,Trusa Tubulare Model 95,109,14,230.98,491.17,0.267
487,Auto,Filtru Aer Model 82,49,12,75.43,148.43,0.457
488,Auto,Rulment Roata Fata Model 83,118,5,291.88,561.0,0.176
489,Perisabile,[Perisabile] Solutie Curatare Frane Model 61,118,12,292.99,609.23,0.275
490,Electronice,[Electronice] Osciloscop Model 83,2,7,92.12,124.48,0.321
491,Hardware,Set Imbusuri Model 11,34,18,240.73,471.7,0.254
492,Auto,Rulment Roata Fata Model 70,78,10,250.45,490.48,0.078
493,Electronice,[Electronice] Modul Transmisie LoRa Model 77,45,18,17.26,33.88,0.264
494,Electronice,[Electronice] Sursa Laborator Model 39,56,13,93.85,203.01,0.075
495,Hardware,Cheie Dinamometrica Model 91,77,7,149.91,208.07,0.25
496,Electronice,[Electronice] Sursa Laborator Model 43,115,11,38.01,52.0,0.158
497,Perisabile,[Perisabile] Solutie Curatare Frane Model 85,114,17,162.68,399.06,0.124
498,Hardware,Incarcator Gaz Model 38,60,13,179.13,435.32,0.212
499,Auto,Furtun Intercooler 2.0 TDI Model 12,58,15,154.2,265.65,0.181
500,Hardware,Trusa Tubulare Model 98,84,5,32.14,42.85,0.376
501,Hardware,Set Imbusuri Model 28,123,14,182.95,451.97,0.423
502,Perisabile,[Perisabile] Adeziv Industrial Model 19,39,7,51.97,75.7,0.111
503,Perisabile,[Perisabile] Adeziv Industrial Model 64,98,19,256.32,571.96,0.055
504,Perisabile,[Perisabile] Spray Degripant Model 9,0,14,286.21,457.81,0.372
505,Hardware,Incarcator Gaz Model 38,134,11,264.4,319.43,0.46
506,Electronice,[Electronice] Modul Transmisie LoRa Model 2,73,5,145.49,187.25,0.108
507,Perisabile,[Perisabile] Spray Degripant Model 63,94,6,174.24,225.08,0.401
508,Electronice,[Electronice] Sursa Laborator Model 21,24,6,48.99,90.71,0.202
509,Hardware,Set Imbusuri Model 14,3,17,29.66,60.37,0.072
510,Hardware,Trusa Tubulare Model 44,49,12,285.42,615.92,0.05
511,Hardware,Incarcator Gaz Model 4,106,13,101.21,218.25,0.21
512,Perisabile,[Perisabile] Adeziv Industrial Model 13,132,17,111.94,186.75,0.379
513,Perisabile,[Perisabile] Adeziv Industrial Model 20,70,20,259.76,478.01,0.484
514,Electronice,[Electronice] Sursa Laborator Model 14,70,20,155.61,381.68,0.264
515,Perisabile,[Perisabile] Solutie Curatare Frane Model 72,4,13,205.96,331.09,0.357
516,Perisabile,[Perisabile] Spray Degripant Model 14,19,16,25.36,58.83,0.192
517,Auto,Furtun Intercooler 2.0 TDI Model 43,81,8,147.98,212.97,0.076
518,Hardware,Set Imbusuri Model 38,133,11,70.03,143.57,0.303
519,Electronice,[Electronice] Sursa Laborator Model 3,86,8,24.45,41.22,0.381
520,Electronice,[Electronice] Multimetru Analogic Model 55,25,20,260.23,478.75,0.434
521,Electronice,[Electronice] Modul Transmisie LoRa Model 96,143,14,103.28,249.12,0.016
522,Electronice,[Electronice] Multimetru Analogic Model 46,125,13,155.41,336.32,0.045
523,Perisabile,[Perisabile] Spray Degripant Model 17,9,6,58.21,139.42,0.362
524,Hardware,Set Imbusuri Model 80,20,12,98.91,179.96,0.27
525,Electronice,[Electronice] Osciloscop Model 51,10,5,291.67,679.67,0.163
526,Perisabile,[Perisabile] Solutie Curatare Frane Model 32,131,10,138.09,227.18,0.363
527,Hardware,Incarcator Gaz Model 98,69,20,127.42,166.5,0.361
528,Perisabile,[Perisabile] Adeziv Industrial Model 87,89,16,246.09,398.78,0.495
529,Hardware,Set Imbusuri Model 21,63,17,153.81,375.86,0.413
530,Perisabile,[Perisabile] Adeziv Industrial Model 50,104,17,228.07,426.21,0.133
531,Electronice,[Electronice] Modul Transmisie LoRa Model 3,121,13,217.69,513.73,0.114
532,Hardware,Set Imbusuri Model 23,42,5,111.6,250.48,0.479
533,Electronice,[Electronice] Modul Transmisie LoRa Model 9,40,16,237.81,478.14,0.424
534,Perisabile,[Perisabile] Solutie Curatare Frane Model 67,69,16,192.43,266.93,0.142
535,Hardware,Trusa Tubulare Model 41,28,10,234.12,449.19,0.097
536,Electronice,[Electronice] Osciloscop Model 76,19,10,43.97,62.67,0.356
537,Hardware,Trusa Tubulare Model 95,81,15,132.81,322.8,0.436
538,Auto,Baterie 12V 70Ah Model 34,102,7,299.03,481.78,0.028
539,Auto,Furtun Intercooler 2.0 TDI Model 93,81,17,99.62,181.87,0.02
540,Perisabile,[Perisabile] Solutie Curatare Frane Model 12,37,7,280.93,663.71,0.269
541,Perisabile,[Perisabile] Adeziv Industrial Model 53,71,15,39.75,50.72,0.377
542,Perisabile,[Perisabile] Solutie Curatare Frane Model 24,33,19,216.05,306.41,0.261
543,Auto,Baterie 12V 70Ah Model 96,85,11,165.61,365.83,0.492
544,Auto,Baterie 12V 70Ah Model 6,92,16,55.63,72.08,0.197
545,Perisabile,[Perisabile] Solutie Curatare Frane Model 83,44,19,170.01,270.57,0.114
546,Electronice,[Electronice] Osciloscop Model 29,123,16,93.79,228.12,0.099
547,Electronice,[Electronice] Multimetru Analogic Model 88,126,7,192.49,470.49,0.022
548,Electronice,[Electronice] Sursa Laborator Model 45,0,15,84.74,134.74,0.253
549,Hardware,Incarcator Gaz Model 14,3,19,148.86,357.82,0.397
550,Auto,Set Placute Frana Model 68,97,5,178.64,255.81,0.36
551,Perisabile,[Perisabile] Spray Degripant Model 9,100,19,51.09,73.91,0.496
552,Auto,Senzor Debitmetru Model 40,50,5,270.55,673.38,0.076
553,Electronice,[Electronice] Modul Transmisie LoRa Model 19,86,9,159.95,357.5,0.27
554,Hardware,Cheie Dinamometrica Model 9,126,7,79.39,155.14,0.266
555,Electronice,[Electronice] Sursa Laborator Model 83,44,15,279.93,690.28,0.455
556,Auto,Senzor Debitmetru Model 30,57,14,105.36,202.48,0.445
557,Perisabile,[Perisabile] Spray Degripant Model 43,111,19,100.13,138.36,0.438
558,Electronice,[Electronice] Modul Transmisie LoRa Model 80,140,5,118.31,217.92,0.211
559,Hardware,Incarcator Gaz Model 5,129,19,70.63,152.99,0.118
560,Perisabile,[Perisabile] Adeziv Industrial Model 21,148,20,101.57,203.98,0.063
561,Electronice,[Electronice] Sursa Laborator Model 38,90,8,230.77,477.26,0.432
562,Hardware,Trusa Tubulare Model 29,94,13,282.95,495.86,0.117
563,Perisabile,[Perisabile] Adeziv Industrial Model 16,66,19,206.61,250.02,0.037
564,Perisabile,[Perisabile] Solutie Curatare Frane Model 75,61,5,133.17,200.87,0.273
565,Electronice,[Electronice] Modul Transmisie LoRa Model 85,83,9,263.31,644.52,0.138
566,Auto,Baterie 12V 70Ah Model 17,59,8,164.3,367.29,0.488
567,Perisabile,[Perisabile] Spray Degripant Model 20,55,7,84.82,158.55,0.271
568,Electronice,[Electronice] Osciloscop Model 48,22,14,77.43,169.32,0.121
569,Perisabile,[Perisabile] Adeziv Industrial Model 19,55,5,115.33,265.51,0.193
570,Electronice,[Electronice] Osciloscop Model 81,49,19,41.27,76.32,0.309
571,Hardware,Trusa Tubulare Model 18,103,8,117.04,282.01,0.253
572,Auto,Baterie 12V 70Ah Model 24,140,17,279.22,563.67,0.197
573,Electronice,[Electronice] Modul Transmisie LoRa Model 49,26,13,134.39,188.38,0.447
574,Electronice,[Electronice] Sursa Laborator Model 41,64,6,292.25,586.06,0.438
575,Hardware,Trusa Tubulare Model 6,9,7,161.73,334.09,0.064
576,Perisabile,[Perisabile] Spray Degripant Model 68,37,20,148.85,312.38,0.469
577,Hardware,Set Imbusuri Model 8,89,9,90.36,130.03,0.034
578,Hardware,Set Imbusuri Model 21,44,7,91.43,217.71,0.205
579,Auto,Rulment Roata Fata Model 51,131,14,280.17,497.01,0.116
580,Hardware,Cheie Dinamometrica Model 16,3,16,227.58,376.12,0.353
581,Auto,Senzor Debitmetru Model 14,125,10,60.6,110.19,0.444
582,Perisabile,[Perisabile] Solutie Curatare Frane Model 97,68,14,266.68,469.25,0.433
583,Hardware,Incarcator Gaz Model 76,43,14,283.1,557.29,0.237
584,Electronice,[Electronice] Sursa Laborator Model 65,116,20,209.87,411.37,0.037
585,Hardware,Incarcator Gaz Model 8,90,7,43.37,59.4,0.248
586,Auto,Furtun Intercooler 2.0 TDI Model 49,49,18,163.06,294.55,0.063
587,Electronice,[Electronice] Osciloscop Model 44,24,19,157.11,241.71,0.02
588,Hardware,Incarcator Gaz Model 16,145,20,230.67,538.18,0.024
589,Electronice,[Electronice] Modul Transmisie LoRa Model 10,133,12,64.09,121.42,0.298
590,Perisabile,[Perisabile] Spray Degripant Model 20,29,9,112.32,166.71,0.384
591,Perisabile,[Perisabile] Solutie Curatare Frane Model 12,10,15,110.84,239.08,0.101
592,Perisabile,[Perisabile] Adeziv Industrial Model 34,28,13,143.32,338.2,0.218
593,Hardware,Incarcator Gaz Model 48,43,12,77.6,142.28,0.019
594,Hardware,Incarcator Gaz Model 64,132,9,31.18,42.21,0.48
595,Hardware,Set Imbusuri Model 63,63,12,100.8,165.73,0.115
596,Perisabile,[Perisabile] Spray Degripant Model 47,38,12,105.35,239.01,0.031
597,Perisabile,[Perisabile] Adeziv Industrial Model 30,145,5,277.13,678.73,0.191
598,Perisabile,[Perisabile] Solutie Curatare Frane Model 3,12,15,77.5,161.61,0.364
599,Perisabile,[Perisabile] Adeziv Industrial Model 67,109,20,202.09,321.66,0.168
600,Auto,Baterie 12V 70Ah Model 87,126,12,226.2,395.76,0.452
601,Auto,Filtru Aer Model 65,32,20,193.46,417.37,0.107
602,Perisabile,[Perisabile] Adeziv Industrial Model 22,23,8,238.12,469.39,0.498
603,Electronice,[Electronice] Sursa Laborator Model 28,41,19,94.24,120.33,0.238
604,Auto,Filtru Aer Model 1,137,17,49.95,108.29,0.392
605,Auto,Baterie 12V 70Ah Model 18,41,14,100.21,210.2,0.428
606,Hardware,Cheie Dinamometrica Model 54,100,20,235.13,321.62,0.443
607,Hardware,Trusa Tubulare Model 67,63,7,177.0,405.5,0.202
608,Hardware,Set Imbusuri Model 80,130,13,18.71,39.94,0.304
609,Perisabile,[Perisabile] Solutie Curatare Frane Model 8,35,20,262.34,338.76,0.168
610,Perisabile,[Perisabile] Spray Degripant Model 27,36,5,292.25,594.21,0.205
611,Auto,Rulment Roata Fata Model 47,147,5,168.94,315.91,0.358
612,Auto,Filtru Aer Model 7,8,5,57.53,135.93,0.338
613,Auto,Rulment Roata Fata Model 51,0,17,264.62,653.84,0.442
614,Electronice,[Electronice] Sursa Laborator Model 74,7,13,99.47,193.94,0.121
615,Perisabile,[Perisabile] Solutie Curatare Frane Model 32,64,9,217.69,544.04,0.465
616,Electronice,[Electronice] Modul Transmisie LoRa Model 62,123,6,138.56,245.65,0.243
617,Perisabile,[Perisabile] Solutie Curatare Frane Model 39,110,17,94.22,191.29,0.029
618,Hardware,Set Imbusuri Model 58,148,10,268.87,454.84,0.207
619,Perisabile,[Perisabile] Adeziv Industrial Model 75,116,8,129.62,294.81,0.394
620,Perisabile,[Perisabile] Solutie Curatare Frane Model 48,42,16,12.11,26.02,0.465
621,Electronice,[Electronice] Multimetru Analogic Model 9,32,6,155.32,189.57,0.129
622,Electronice,[Electronice] Multimetru Analogic Model 23,11,11,75.72,166.49,0.153
623,Perisabile,[Perisabile] Spray Degripant Model 93,21,15,30.67,73.66,0.29
624,Hardware,Cheie Dinamometrica Model 44,57,9,25.82,58.19,0.399
625,Perisabile,[Perisabile] Spray Degripant Model 9,41,11,93.46,184.63,0.262
626,Auto,Set Placute Frana Model 23,119,15,44.42,65.75,0.327
627,Electronice,[Electronice] Osciloscop Model 86,62,11,284.91,708.82,0.278
628,Auto,Senzor Debitmetru Model 72,75,18,106.23,187.95,0.13
629,Auto,Baterie 12V 70Ah Model 55,84,17,230.63,512.68,0.436
630,Electronice,[Electronice] Modul Transmisie LoRa Model 43,117,11,239.76,389.82,0.414
631,Hardware,Set Imbusuri Model 21,92,12,236.27,545.88,0.055
632,Electronice,[Electronice] Modul Transmisie LoRa Model 60,5,6,290.93,672.62,0.268
633,Electronice,[Electronice] Modul Transmisie LoRa Model 68,14,13,101.66,158.08,0.285
634,Electronice,[Electronice] Sursa Laborator Model 96,55,15,137.75,256.92,0.135
635,Hardware,Trusa Tubulare Model 24,95,10,172.26,378.36,0.088
636,Perisabile,[Perisabile] Spray Degripant Model 53,1,11,76.93,190.05,0.287
637,Perisabile,[Perisabile] Solutie Curatare Frane Model 32,6,12,228.12,364.33,0.478
638,Hardware,Trusa Tubulare Model 80,107,14,247.61,328.84,0.03
639,Perisabile,[Perisabile] Adeziv Industrial Model 56,125,6,167.19,259.44,0.158
640,Auto,Rulment Roata Fata Model 11,26,12,227.65,448.33,0.022
641,Perisabile,[Perisabile] Adeziv Industrial Model 21,25,10,83.08,147.31,0.382
642,Perisabile,[Perisabile] Spray Degripant Model 44,86,11,276.34,539.95,0.44
643,Auto,Filtru Aer Model 87,76,11,127.69,278.11,0.05
644,Perisabile,[Perisabile] Solutie Curatare Frane Model 17,111,11,17.04,25.08,0.111
645,Electronice,[Electronice] Multimetru Analogic Model 14,4,19,205.8,301.34,0.393
646,Hardware,Set Imbusuri Model 70,58,20,236.25,480.74,0.303
647,Hardware,Trusa Tubulare Model 21,69,15,187.82,289.7,0.268
648,Electronice,[Electronice] Osciloscop Model 18,97,12,91.56,131.87,0.236
649,Auto,Baterie 12V 70Ah Model 88,52,6,132.42,220.26,0.051
650,Hardware,Set Imbusuri Model 58,60,19,281.56,413.64,0.291
651,Auto,Furtun Intercooler 2.0 TDI Model 97,95,5,233.53,331.48,0.094
652,Hardware,Incarcator Gaz Model 73,114,11,189.09,268.23,0.198
653,Auto,Filtru Aer Model 28,148,10,157.66,301.08,0.492
654,Auto,Baterie 12V 70Ah Model 98,41,10,36.87,56.19,0.399
655,Perisabile,[Perisabile] Adeziv Industrial Model 32,67,8,18.65,40.76,0.031
656,Electronice,[Electronice] Osciloscop Model 12,130,7,133.83,287.45,0.178
657,Electronice,[Electronice] Osciloscop Model 98,52,19,176.39,407.28,0.186
658,Perisabile,[Perisabile] Spray Degripant Model 86,47,17,230.41,304.99,0.356
659,Perisabile,[Perisabile] Adeziv Industrial Model 45,147,10,128.37,295.54,0.442
660,Auto,Rulment Roata Fata Model 21,51,16,87.22,158.3,0.055
661,Auto,Furtun Intercooler 2.0 TDI Model 70,109,14,173.23,285.72,0.064
662,Perisabile,[Perisabile] Adeziv Industrial Model 55,26,17,195.97,243.73,0.392
663,Electronice,[Electronice] Modul Transmisie LoRa Model 95,23,8,56.3,71.24,0.131
664,Electronice,[Electronice] Sursa Laborator Model 7,26,15,146.86,348.42,0.089
665,Perisabile,[Perisabile] Adeziv Industrial Model 72,54,17,183.79,384.81,0.467
666,Auto,Set Placute Frana Model 9,124,19,136.61,283.4,0.067
667,Hardware,Set Imbusuri Model 1,137,6,156.54,358.92,0.131
668,Hardware,Cheie Dinamometrica Model 80,113,10,79.27,156.53,0.288
669,Hardware,Incarcator Gaz Model 84,65,12,232.56,500.16,0.298
670,Auto,Baterie 12V 70Ah Model 70,1,9,292.05,722.91,0.399
671,Auto,Furtun Intercooler 2.0 TDI Model 12,91,17,120.92,173.55,0.332
672,Auto,Set Placute Frana Model 33,98,13,262.25,373.38,0.313
673,Hardware,Cheie Dinamometrica Model 68,3,19,278.64,458.57,0.232
674,Perisabile,[Perisabile] Adeziv Industrial Model 27,147,10,289.56,599.39,0.217
675,Hardware,Cheie Dinamometrica Model 93,49,18,93.18,148.01,0.419
676,Auto,Set Placute Frana Model 41,31,8,241.65,469.67,0.022
677,Auto,Filtru Aer Model 23,105,11,79.94,127.0,0.426
678,Electronice,[Electronice] Modul Transmisie LoRa Model 25,59,7,11.48,18.54,0.016
679,Perisabile,[Perisabile] Adeziv Industrial Model 59,23,10,113.73,247.54,0.34
680,Hardware,Trusa Tubulare Model 75,135,8,137.66,172.79,0.444
681,Hardware,Trusa Tubulare Model 69,112,13,287.03,407.04,0.498
682,Auto,Baterie 12V 70Ah Model 63,129,16,49.13,59.72,0.095
683,Hardware,Trusa Tubulare Model 72,67,8,184.61,429.23,0.267
684,Hardware,Incarcator Gaz Model 30,150,6,259.25,435.09,0.435
685,Hardware,Cheie Dinamometrica Model 58,67,14,169.39,293.93,0.228
686,Auto,Baterie 12V 70Ah Model 90,30,13,231.97,545.3,0.314
687,Perisabile,[Perisabile] Adeziv Industrial Model 86,138,6,58.01,118.79,0.335
688,Hardware,Incarcator Gaz Model 28,104,7,12.31,27.2,0.217
689,Auto,Rulment Roata Fata Model 19,22,9,87.9,175.79,0.383
690,Perisabile,[Perisabile] Solutie Curatare Frane Model 76,90,14,76.71,94.69,0.145
691,Hardware,Set Imbusuri Model 83,127,18,48.61,74.68,0.205
692,Hardware,Cheie Dinamometrica Model 63,121,17,171.25,314.31,0.125
693,Auto,Furtun Intercooler 2.0 TDI Model 57,131,15,177.34,434.99,0.056
694,Hardware,Set Imbusuri Model 26,25,12,140.86,254.24,0.14
695,Electronice,[Electronice] Multimetru Analogic Model 92,32,17,283.43,498.4,0.094
696,Electronice,[Electronice] Multimetru Analogic Model 18,0,5,193.77,292.35,0.307
697,Hardware,Set Imbusuri Model 51,108,19,18.94,33.17,0.202
698,Hardware,Set Imbusuri Model 34,50,19,131.52,284.85,0.196
699,Hardware,Incarcator Gaz Model 78,23,6,167.9,254.78,0.478
700,Auto,Senzor Debitmetru Model 25,54,5,164.91,260.06,0.302
701,Auto,Set Placute Frana Model 14,48,17,221.8,395.68,0.106
702,Electronice,[Electronice] Sursa Laborator Model 25,122,11,219.97,519.4,0.384
703,Hardware,Set Imbusuri Model 28,28,5,112.45,193.25,0.471
704,Perisabile,[Perisabile] Solutie Curatare Frane Model 90,144,17,146.3,253.63,0.401
705,Hardware,Incarcator Gaz Model 18,129,11,232.06,387.21,0.253
706,Hardware,Cheie Dinamometrica Model 47,140,6,180.53,356.64,0.285
707,Hardware,Trusa Tubulare Model 81,112,11,191.81,427.9,0.299
708,Perisabile,[Perisabile] Adeziv Industrial Model 82,68,18,140.12,319.41,0.108
709,Auto,Filtru Aer Model 80,22,13,19.14,33.62,0.057
710,Auto,Rulment Roata Fata Model 87,117,18,133.7,258.19,0.108
711,Hardware,Trusa Tubulare Model 53,144,17,19.61,34.91,0.351
712,Electronice,[Electronice] Sursa Laborator Model 62,147,5,166.79,203.67,0.016
713,Hardware,Trusa Tubulare Model 8,23,14,160.03,218.42,0.342
714,Hardware,Set Imbusuri Model 94,63,18,116.45,275.14,0.337
715,Electronice,[Electronice] Modul Transmisie LoRa Model 74,94,18,53.74,110.04,0.189
716,Perisabile,[Perisabile] Solutie Curatare Frane Model 61,131,11,34.05,65.27,0.341
717,Auto,Rulment Roata Fata Model 41,77,15,91.6,227.25,0.095
718,Perisabile,[Perisabile] Solutie Curatare Frane Model 52,104,20,191.06,269.53,0.017
719,Perisabile,[Perisabile] Adeziv Industrial Model 72,132,18,105.03,164.94,0.445
720,Perisabile,[Perisabile] Spray Degripant Model 12,35,19,184.84,266.75,0.116
721,Perisabile,[Perisabile] Adeziv Industrial Model 69,46,13,113.67,157.82,0.05
722,Electronice,[Electronice] Osciloscop Model 59,125,9,113.59,214.59,0.416
723,Electronice,[Electronice] Multimetru Analogic Model 52,22,20,138.39,322.91,0.32
724,Hardware,Set Imbusuri Model 1,3,20,107.9,200.01,0.304
725,Auto,Senzor Debitmetru Model 61,34,16,39.84,72.94,0.347
726,Auto,Furtun Intercooler 2.0 TDI Model 16,32,14,167.22,296.96,0.308
727,Auto,Senzor Debitmetru Model 68,42,10,253.98,423.19,0.472
728,Auto,Set Placute Frana Model 20,104,13,287.43,522.85,0.057
729,Auto,Rulment Roata Fata Model 70,130,8,72.48,119.03,0.113
730,Perisabile,[Perisabile] Solutie Curatare Frane Model 47,65,18,96.78,128.42,0.223
731,Auto,Senzor Debitmetru Model 61,79,15,297.74,412.52,0.373
732,Electronice,[Electronice] Multimetru Analogic Model 12,131,6,116.36,212.95,0.47
733,Auto,Senzor Debitmetru Model 31,11,11,59.24,97.45,0.325
734,Auto,Senzor Debitmetru Model 28,41,17,38.91,48.91,0.109
735,Hardware,Incarcator Gaz Model 94,114,17,143.7,285.31,0.247
736,Electronice,[Electronice] Modul Transmisie LoRa Model 53,5,15,10.11,12.46,0.212
737,Perisabile,[Perisabile] Spray Degripant Model 34,78,20,182.08,390.56,0.395
738,Hardware,Cheie Dinamometrica Model 43,65,9,238.99,512.07,0.226
739,Auto,Senzor Debitmetru Model 27,106,20,155.06,217.68,0.018
740,Perisabile,[Perisabile] Spray Degripant Model 7,148,12,268.6,542.37,0.366
741,Hardware,Incarcator Gaz Model 98,143,5,123.8,285.46,0.059
742,Auto,Rulment Roata Fata Model 32,64,13,225.16,466.8,0.309
743,Electronice,[Electronice] Osciloscop Model 49,139,20,212.15,507.03,0.074
744,Perisabile,[Perisabile] Spray Degripant Model 74,26,8,46.94,68.26,0.226
745,Electronice,[Electronice] Sursa Laborator Model 47,87,17,283.9,405.11,0.355
746,Hardware,Trusa Tubulare Model 54,63,14,268.8,581.38,0.177
747,Hardware,Incarcator Gaz Model 1,108,12,97.82,125.3,0.302
748,Hardware,Set Imbusuri Model 84,83,10,23.96,38.38,0.153
749,Hardware,Set Imbusuri Model 2,21,7,91.51,191.04,0.17
750,Auto,Filtru Aer Model 30,138,7,26.53,48.73,0.283
751,Electronice,[Electronice] Osciloscop Model 45,57,11,215.2,377.04,0.032
752,Hardware,Set Imbusuri Model 21,118,5,18.4,31.47,0.022
753,Auto,Furtun Intercooler 2.0 TDI Model 74,55,13,183.5,362.23,0.369
754,Perisabile,[Perisabile] Adeziv Industrial Model 94,136,17,236.29,560.47,0.062
755,Electronice,[Electronice] Osciloscop Model 17,74,8,291.34,559.2,0.372
756,Auto,Senzor Debitmetru Model 43,148,20,291.61,484.26,0.232
757,Auto,Baterie 12V 70Ah Model 30,51,16,126.74,276.24,0.072
758,Hardware,Incarcator Gaz Model 64,128,17,11.75,28.02,0.035
759,Hardware,Trusa Tubulare Model 34,24,12,47.43,70.41,0.31
760,Hardware,Trusa Tubulare Model 70,18,16,228.6,299.22,0.427
761,Auto,Set Placute Frana Model 92,44,5,241.58,389.65,0.143
762,Auto,Rulment Roata Fata Model 33,32,7,105.25,133.97,0.147
763,Perisabile,[Perisabile] Adeziv Industrial Model 29,116,19,121.01,217.48,0.05
764,Hardware,Cheie Dinamometrica Model 71,23,6,260.99,436.43,0.076
765,Hardware,Trusa Tubulare Model 9,49,13,143.71,242.97,0.014
766,Perisabile,[Perisabile] Spray Degripant Model 12,112,6,43.01,76.69,0.053
767,Hardware,Cheie Dinamometrica Model 16,56,17,99.35,159.24,0.417
768,Auto,Set Placute Frana Model 9,103,16,118.45,259.42,0.28
769,Perisabile,[Perisabile] Spray Degripant Model 12,147,15,29.96,64.52,0.141
770,Auto,Filtru Aer Model 53,25,9,25.53,58.69,0.039
771,Perisabile,[Perisabile] Solutie Curatare Frane Model 41,1,16,298.68,597.98,0.3
772,Electronice,[Electronice] Modul Transmisie LoRa Model 83,36,12,141.64,305.2,0.297
773,Hardware,Cheie Dinamometrica Model 6,28,13,242.14,426.58,0.256
774,Auto,Set Placute Frana Model 46,126,17,39.75,72.87,0.119
775,Hardware,Cheie Dinamometrica Model 50,92,18,281.69,668.31,0.102
776,Hardware,Incarcator Gaz Model 75,68,7,17.33,35.17,0.175
777,Auto,Rulment Roata Fata Model 6,76,18,16.13,31.21,0.192
778,Hardware,Set Imbusuri Model 64,27,17,77.55,133.34,0.231
779,Hardware,Incarcator Gaz Model 43,76,6,203.96,345.25,0.485
780,Auto,Rulment Roata Fata Model 35,110,10,37.52,59.66,0.327
781,Perisabile,[Perisabile] Adeziv Industrial Model 27,47,13,184.08,288.78,0.253
782,Auto,Set Placute Frana Model 41,16,7,111.71,245.61,0.261
783,Auto,Rulment Roata Fata Model 22,32,15,278.26,667.79,0.306
784,Perisabile,[Perisabile] Solutie Curatare Frane Model 11,136,6,195.24,249.97,0.233
785,Perisabile,[Perisabile] Spray Degripant Model 36,81,9,165.31,345.41,0.302
786,Auto,Filtru Aer Model 79,103,8,86.57,206.43,0.335
787,Hardware,Cheie Dinamometrica Model 86,93,11,169.86,265.75,0.095
788,Perisabile,[Perisabile] Solutie Curatare Frane Model 83,24,15,269.4,489.97,0.223
789,Perisabile,[Perisabile] Adeziv Industrial Model 15,72,18,36.03,88.72,0.296
790,Auto,Furtun Intercooler 2.0 TDI Model 94,145,17,99.54,238.13,0.201
791,Hardware,Incarcator Gaz Model 61,59,11,169.1,265.8,0.027
792,Electronice,[Electronice] Modul Transmisie LoRa Model 55,40,7,284.49,534.63,0.179
793,Perisabile,[Perisabile] Adeziv Industrial Model 31,136,8,221.3,402.13,0.137
794,Hardware,Incarcator Gaz Model 52,134,11,290.6,685.95,0.292
795,Auto,Rulment Roata Fata Model 45,91,20,43.73,88.28,0.022
796,Electronice,[Electronice] Multimetru Analogic Model 93,69,7,235.41,557.0,0.394
797,Auto,Furtun Intercooler 2.0 TDI Model 14,149,15,261.82,332.58,0.266
798,Electronice,[Electronice] Multimetru Analogic Model 34,1,9,285.27,525.87,0.203
799,Perisabile,[Perisabile] Adeziv Industrial Model 42,149,18,243.01,419.04,0.122
800,Electronice,[Electronice] Sursa Laborator Model 31,2,10,141.67,269.37,0.065
801,Auto,Filtru Aer Model 45,121,12,15.36,23.41,0.351
802,Hardware,Incarcator Gaz Model 17,123,14,149.56,251.43,0.241
803,Perisabile,[Perisabile] Adeziv Industrial Model 17,35,6,288.89,454.97,0.436
804,Perisabile,[Perisabile] Adeziv Industrial Model 58,72,5,40.78,63.77,0.382
805,Hardware,Cheie Dinamometrica Model 88,4,11,92.64,134.6,0.213
806,Hardware,Cheie Dinamometrica Model 25,59,16,125.66,244.77,0.152
807,Electronice,[Electronice] Sursa Laborator Model 64,142,17,69.44,163.96,0.328
808,Electronice,[Electronice] Modul Transmisie LoRa Model 97,140,10,144.68,207.03,0.117
809,Hardware,Cheie Dinamometrica Model 87,9,20,81.12,127.73,0.249
810,Auto,Filtru Aer Model 91,34,6,269.61,411.56,0.196
811,Hardware,Set Imbusuri Model 29,65,17,49.1,116.87,0.218
812,Electronice,[Electronice] Multimetru Analogic Model 74,39,5,43.62,60.52,0.064
813,Auto,Rulment Roata Fata Model 39,82,15,153.69,291.75,0.297
814,Hardware,Trusa Tubulare Model 65,115,16,264.41,506.09,0.23
815,Perisabile,[Perisabile] Spray Degripant Model 72,15,5,280.58,603.09,0.248
816,Hardware,Incarcator Gaz Model 48,70,6,67.06,151.61,0.274
817,Perisabile,[Perisabile] Spray Degripant Model 42,149,12,257.8,372.32,0.265
818,Perisabile,[Perisabile] Solutie Curatare Frane Model 97,76,11,268.87,444.53,0.374
819,Electronice,[Electronice] Sursa Laborator Model 34,39,14,242.25,488.39,0.324
820,Hardware,Trusa Tubulare Model 45,62,15,168.18,354.06,0.259
821,Electronice,[Electronice] Osciloscop Model 20,117,12,109.21,238.53,0.075
822,Auto,Set Placute Frana Model 37,28,18,214.35,269.07,0.106
823,Perisabile,[Perisabile] Spray Degripant Model 47,34,17,110.72,251.02,0.208
824,Hardware,Set Imbusuri Model 33,92,12,42.65,83.51,0.05
825,Auto,Rulment Roata Fata Model 4,132,18,244.46,380.32,0.309
826,Auto,Filtru Aer Model 96,14,11,26.98,66.48,0.034
827,Electronice,[Electronice] Osciloscop Model 69,99,8,73.69,123.1,0.227
828,Electronice,[Electronice] Multimetru Analogic Model 76,64,18,52.25,114.58,0.485
829,Perisabile,[Perisabile] Spray Degripant Model 46,39,19,44.14,77.68,0.345
830,Hardware,Cheie Dinamometrica Model 12,39,19,225.78,392.55,0.39
831,Perisabile,[Perisabile] Solutie Curatare Frane Model 66,79,12,49.47,95.99,0.159
832,Hardware,Cheie Dinamometrica Model 10,45,5,79.43,150.92,0.028
833,Hardware,Trusa Tubulare Model 26,13,15,174.63,410.8,0.296
834,Electronice,[Electronice] Osciloscop Model 59,149,18,145.67,223.94,0.096
835,Auto,Baterie 12V 70Ah Model 56,94,17,283.24,491.63,0.032
836,Perisabile,[Perisabile] Spray Degripant Model 91,28,13,100.37,152.08,0.342
837,Auto,Filtru Aer Model 56,61,8,72.03,91.37,0.413
838,Perisabile,[Perisabile] Spray Degripant Model 85,28,10,188.01,229.41,0.195
839,Perisabile,[Perisabile] Solutie Curatare Frane Model 26,41,9,209.35,393.41,0.323
840,Hardware,Incarcator Gaz Model 34,66,12,257.0,518.55,0.467
841,Perisabile,[Perisabile] Spray Degripant Model 39,89,13,61.67,117.59,0.26
842,Hardware,Cheie Dinamometrica Model 79,41,6,213.55,511.53,0.071
843,Hardware,Incarcator Gaz Model 41,83,12,134.93,283.11,0.17
844,Hardware,Trusa Tubulare Model 3,45,5,219.49,344.39,0.077
845,Auto,Senzor Debitmetru Model 4,24,18,109.38,155.36,0.339
846,Hardware,Trusa Tubulare Model 5,106,13,113.33,180.42,0.13
847,Electronice,[Electronice] Multimetru Analogic Model 87,1,13,96.68,165.43,0.2
848,Perisabile,[Perisabile] Solutie Curatare Frane Model 33,71,19,12.88,27.81,0.445
849,Perisabile,[Perisabile] Adeziv Industrial Model 19,94,7,271.93,351.77,0.016
850,Electronice,[Electronice] Multimetru Analogic Model 19,146,11,214.14,458.52,0.077
851,Auto,Rulment Roata Fata Model 60,49,14,210.28,385.07,0.295
852,Electronice,[Electronice] Multimetru Analogic Model 8,113,16,169.4,371.77,0.35
853,Hardware,Set Imbusuri Model 86,21,8,211.46,398.51,0.182
854,Perisabile,[Perisabile] Adeziv Industrial Model 99,140,7,165.78,245.34,0.238
855,Electronice,[Electronice] Sursa Laborator Model 48,136,20,118.2,216.18,0.163
856,Hardware,Incarcator Gaz Model 95,4,14,65.03,86.83,0.403
857,Electronice,[Electronice] Modul Transmisie LoRa Model 61,85,6,146.71,277.06,0.152
858,Auto,Senzor Debitmetru Model 50,143,11,150.29,356.29,0.241
859,Electronice,[Electronice] Multimetru Analogic Model 99,25,13,67.44,103.46,0.245
860,Auto,Senzor Debitmetru Model 72,31,6,20.56,41.34,0.237
861,Electronice,[Electronice] Osciloscop Model 53,142,12,248.8,584.96,0.178
862,Perisabile,[Perisabile] Spray Degripant Model 31,52,13,132.52,167.83,0.207
863,Hardware,Cheie Dinamometrica Model 41,27,18,296.67,565.54,0.202
864,Perisabile,[Perisabile] Adeziv Industrial Model 49,62,19,84.18,133.84,0.143
865,Auto,Senzor Debitmetru Model 57,124,12,146.89,331.61,0.087
866,Hardware,Trusa Tubulare Model 36,83,7,169.53,297.16,0.355
867,Electronice,[Electronice] Multimetru Analogic Model 63,110,8,147.7,321.04,0.227
868,Perisabile,[Perisabile] Adeziv Industrial Model 24,18,15,191.46,318.0,0.491
869,Hardware,Cheie Dinamometrica Model 88,64,16,110.51,260.97,0.326
870,Hardware,Cheie Dinamometrica Model 45,90,17,62.98,152.95,0.223
871,Perisabile,[Perisabile] Spray Degripant Model 66,85,8,117.47,162.2,0.465
872,Electronice,[Electronice] Multimetru Analogic Model 83,3,11,98.25,159.22,0.388
873,Electronice,[Electronice] Sursa Laborator Model 33,137,12,68.13,123.48,0.027
874,Electronice,[Electronice] Multimetru Analogic Model 55,48,8,168.05,375.49,0.433
875,Hardware,Set Imbusuri Model 7,149,18,207.83,458.11,0.204
876,Perisabile,[Perisabile] Adeziv Industrial Model 86,91,19,180.8,260.77,0.223
877,Electronice,[Electronice] Multimetru Analogic Model 37,114,20,182.15,262.95,0.29
878,Hardware,Set Imbusuri Model 56,61,9,70.78,114.99,0.462
879,Hardware,Incarcator Gaz Model 9,41,20,296.25,526.98,0.032
880,Hardware,Set Imbusuri Model 41,111,5,15.49,38.08,0.082
881,Auto,Rulment Roata Fata Model 3,82,6,113.54,271.44,0.205
882,Perisabile,[Perisabile] Solutie Curatare Frane Model 45,39,5,232.63,314.86,0.109
883,Perisabile,[Perisabile] Adeziv Industrial Model 75,140,11,154.0,211.25,0.125
884,Hardware,Trusa Tubulare Model 4,124,16,150.8,327.91,0.355
885,Perisabile,[Perisabile] Spray Degripant Model 70,140,14,234.42,509.4,0.288
886,Electronice,[Electronice] Osciloscop Model 86,117,18,97.16,135.61,0.052
887,Electronice,[Electronice] Multimetru Analogic Model 78,6,12,173.74,289.59,0.359
888,Auto,Furtun Intercooler 2.0 TDI Model 56,6,18,218.43,440.5,0.129
889,Hardware,Incarcator Gaz Model 39,49,10,188.24,309.42,0.247
890,Perisabile,[Perisabile] Solutie Curatare Frane Model 48,77,17,165.66,400.11,0.238
891,Hardware,Cheie Dinamometrica Model 36,114,16,25.9,51.87,0.459
892,Electronice,[Electronice] Sursa Laborator Model 94,120,5,197.51,403.57,0.208
893,Perisabile,[Perisabile] Solutie Curatare Frane Model 60,56,9,110.2,241.93,0.273
894,Hardware,Set Imbusuri Model 83,129,6,197.51,404.62,0.175
895,Hardware,Trusa Tubulare Model 98,53,14,274.53,616.47,0.487
896,Hardware,Incarcator Gaz Model 8,6,6,210.62,455.48,0.416
897,Perisabile,[Perisabile] Solutie Curatare Frane Model 73,52,12,118.78,289.85,0.205
898,Hardware,Set Imbusuri Model 99,109,12,59.42,123.39,0.482
899,Auto,Furtun Intercooler 2.0 TDI Model 10,99,8,182.98,310.35,0.148
900,Electronice,[Electronice] Multimetru Analogic Model 74,53,18,166.07,255.76,0.353
901,Electronice,[Electronice] Sursa Laborator Model 10,80,13,196.68,466.07,0.074
902,Perisabile,[Perisabile] Spray Degripant Model 88,127,8,230.09,302.08,0.249
903,Auto,Filtru Aer Model 64,87,20,70.84,146.4,0.302
904,Hardware,Set Imbusuri Model 54,90,7,139.19,277.32,0.496
905,Electronice,[Electronice] Modul Transmisie LoRa Model 86,17,8,23.37,56.38,0.492
906,Electronice,[Electronice] Multimetru Analogic Model 89,65,6,48.91,73.69,0.233
907,Auto,Set Placute Frana Model 64,146,15,54.48,134.94,0.099
908,Hardware,Cheie Dinamometrica Model 75,22,14,86.78,155.19,0.253
909,Hardware,Set Imbusuri Model 26,1,19,261.96,507.0,0.377
910,Hardware,Incarcator Gaz Model 55,53,7,227.34,544.27,0.052
911,Electronice,[Electronice] Osciloscop Model 59,48,6,192.64,429.45,0.425
912,Hardware,Trusa Tubulare Model 66,25,10,218.89,408.61,0.013
913,Electronice,[Electronice] Osciloscop Model 11,51,8,82.89,102.74,0.202
914,Perisabile,[Perisabile] Solutie Curatare Frane Model 21,134,18,281.42,553.75,0.449
915,Auto,Set Placute Frana Model 96,52,20,201.85,344.02,0.32
916,Hardware,Set Imbusuri Model 78,73,12,253.52,335.13,0.12
917,Hardware,Trusa Tubulare Model 16,26,12,134.2,162.78,0.232
918,Perisabile,[Perisabile] Adeziv Industrial Model 43,126,10,108.41,248.45,0.415
919,Perisabile,[Perisabile] Spray Degripant Model 82,113,13,67.01,137.69,0.453
920,Hardware,Set Imbusuri Model 11,82,17,235.3,340.73,0.233
921,Hardware,Set Imbusuri Model 59,12,8,103.01,236.44,0.424
922,Hardware,Set Imbusuri Model 72,23,13,249.26,381.04,0.453
923,Auto,Furtun Intercooler 2.0 TDI Model 32,66,20,241.88,578.14,0.194
924,Perisabile,[Perisabile] Adeziv Industrial Model 40,143,11,14.39,31.58,0.431
925,Electronice,[Electronice] Modul Transmisie LoRa Model 25,98,12,142.8,223.02,0.105
926,Hardware,Set Imbusuri Model 28,14,9,185.35,318.8,0.414
927,Auto,Rulment Roata Fata Model 54,126,15,240.69,366.86,0.134
928,Perisabile,[Perisabile] Solutie Curatare Frane Model 53,47,14,98.79,198.32,0.106
929,Perisabile,[Perisabile] Solutie Curatare Frane Model 2,10,16,65.89,147.93,0.486
930,Auto,Baterie 12V 70Ah Model 51,94,6,92.87,144.49,0.02
931,Auto,Rulment Roata Fata Model 86,25,14,20.74,41.08,0.357
932,Perisabile,[Perisabile] Adeziv Industrial Model 92,57,9,256.44,395.58,0.252
933,Hardware,Trusa Tubulare Model 58,73,11,90.04,135.28,0.245
934,Electronice,[Electronice] Osciloscop Model 54,142,15,16.84,25.83,0.399
935,Perisabile,[Perisabile] Spray Degripant Model 63,60,16,99.34,150.42,0.044
936,Hardware,Cheie Dinamometrica Model 69,86,20,17.23,34.39,0.403
937,Auto,Furtun Intercooler 2.0 TDI Model 59,125,16,293.54,443.25,0.483
938,Electronice,[Electronice] Multimetru Analogic Model 96,109,20,275.29,546.28,0.199
939,Hardware,Trusa Tubulare Model 58,64,9,181.46,314.72,0.402
940,Perisabile,[Perisabile] Solutie Curatare Frane Model 95,139,17,135.46,268.92,0.078
941,Perisabile,[Perisabile] Spray Degripant Model 2,59,14,175.03,275.44,0.218
942,Auto,Filtru Aer Model 84,78,10,166.66,406.96,0.043
943,Hardware,Set Imbusuri Model 63,130,19,81.01,132.84,0.013
944,Perisabile,[Perisabile] Adeziv Industrial Model 65,1,13,261.2,517.51,0.363
945,Electronice,[Electronice] Multimetru Analogic Model 34,40,13,149.26,208.65,0.276
946,Hardware,Cheie Dinamometrica Model 57,113,13,174.09,336.2,0.217
947,Auto,Furtun Intercooler 2.0 TDI Model 49,57,20,150.1,286.62,0.326
948,Perisabile,[Perisabile] Spray Degripant Model 63,43,10,250.7,365.37,0.033
949,Perisabile,[Perisabile] Spray Degripant Model 41,69,13,36.45,52.73,0.316
950,Hardware,Trusa Tubulare Model 58,142,7,142.76,275.85,0.098
951,Hardware,Cheie Dinamometrica Model 51,93,12,165.81,203.03,0.156
952,Perisabile,[Perisabile] Solutie Curatare Frane Model 59,59,5,272.14,332.5,0.323
953,Electronice,[Electronice] Multimetru Analogic Model 70,76,14,215.53,411.38,0.068
954,Auto,Senzor Debitmetru Model 67,143,7,198.77,313.59,0.29
955,Hardware,Cheie Dinamometrica Model 98,70,6,222.31,378.25,0.203
956,Hardware,Cheie Dinamometrica Model 1,45,5,47.71,81.64,0.424
957,Electronice,[Electronice] Modul Transmisie LoRa Model 88,126,19,205.23,333.69,0.455
958,Perisabile,[Perisabile] Solutie Curatare Frane Model 88,38,11,127.52,263.7,0.402
959,Auto,Furtun Intercooler 2.0 TDI Model 5,49,12,89.32,140.75,0.271
960,Electronice,[Electronice] Sursa Laborator Model 44,92,8,212.87,378.69,0.407
961,Electronice,[Electronice] Multimetru Analogic Model 17,134,16,52.06,125.33,0.075
962,Auto,Filtru Aer Model 4,33,16,49.46,96.14,0.374
963,Perisabile,[Perisabile] Spray Degripant Model 98,12,12,169.22,237.65,0.245
964,Electronice,[Electronice] Sursa Laborator Model 88,55,13,84.36,180.22,0.453
965,Auto,Senzor Debitmetru Model 19,79,9,54.42,102.51,0.285
966,Electronice,[Electronice] Multimetru Analogic Model 91,80,12,284.69,473.04,0.138
967,Auto,Filtru Aer Model 8,54,7,63.93,130.56,0.066
968,Perisabile,[Perisabile] Solutie Curatare Frane Model 36,127,10,36.95,58.59,0.366
969,Electronice,[Electronice] Sursa Laborator Model 25,68,17,271.13,364.09,0.326
970,Perisabile,[Perisabile] Spray Degripant Model 10,18,7,37.67,83.96,0.238
971,Perisabile,[Perisabile] Solutie Curatare Frane Model 61,99,5,86.36,202.49,0.143
972,Perisabile,[Perisabile] Spray Degripant Model 70,145,14,291.72,473.72,0.378
973,Electronice,[Electronice] Osciloscop Model 94,63,15,64.12,137.51,0.302
974,Perisabile,[Perisabile] Solutie Curatare Frane Model 67,137,13,283.84,594.27,0.012
975,Electronice,[Electronice] Modul Transmisie LoRa Model 63,77,8,220.06,410.25,0.019
976,Auto,Set Placute Frana Model 37,23,8,279.28,577.77,0.11
977,Hardware,Cheie Dinamometrica Model 31,150,8,252.29,560.43,0.282
978,Auto,Senzor Debitmetru Model 85,63,16,167.86,397.82,0.383
979,Electronice,[Electronice] Multimetru Analogic Model 35,109,13,273.93,485.81,0.386
980,Electronice,[Electronice] Modul Transmisie LoRa Model 53,60,5,204.54,250.99,0.113
981,Auto,Set Placute Frana Model 14,32,7,169.2,270.19,0.196
982,Auto,Furtun Intercooler 2.0 TDI Model 66,123,11,35.22,57.97,0.279
983,Hardware,Trusa Tubulare Model 81,117,10,288.86,503.3,0.226
984,Electronice,[Electronice] Multimetru Analogic Model 64,135,10,213.01,352.12,0.222
985,Hardware,Trusa Tubulare Model 35,30,6,189.25,309.57,0.158
986,Auto,Filtru Aer Model 84,136,6,70.85,138.91,0.473
987,Electronice,[Electronice] Sursa Laborator Model 57,139,14,148.41,275.75,0.372
988,Auto,Rulment Roata Fata Model 38,141,12,98.28,192.93,0.021
989,Auto,Set Placute Frana Model 87,80,6,208.31,510.87,0.448
990,Hardware,Trusa Tubulare Model 4,47,10,53.72,134.06,0.21
991,Hardware,Cheie Dinamometrica Model 47,95,9,124.42,170.81,0.064
992,Auto,Rulment Roata Fata Model 65,41,9,286.9,638.05,0.488
993,Electronice,[Electronice] Osciloscop Model 55,149,5,134.44,244.85,0.426
994,Auto,Set Placute Frana Model 3,81,6,164.48,369.55,0.085
995,Electronice,[Electronice] Osciloscop Model 20,1,15,290.62,436.85,0.05
996,Hardware,Set Imbusuri Model 16,33,8,249.82,546.87,0.141
997,Auto,Baterie 12V 70Ah Model 26,35,10,16.24,38.07,0.118
998,Hardware,Incarcator Gaz Model 44,66,17,14.5,26.57,0.408
999,Auto,Filtru Aer Model 46,52,10,247.66,461.5,0.035
1000,Perisabile,[Perisabile] Adeziv Industrial Model 45,48,14,57.38,93.7,0.242
1001,Electronice,[Electronice] Multimetru Analogic Model 4,22,10,28.66,53.34,0.067
1002,Auto,Set Placute Frana Model 56,97,7,269.83,485.38,0.222
1003,Hardware,Trusa Tubulare Model 82,136,7,201.18,461.85,0.381
1004,Hardware,Incarcator Gaz Model 55,23,17,205.77,262.86,0.361
1005,Hardware,Set Imbusuri Model 92,30,13,79.29,107.8,0.215
1006,Hardware,Cheie Dinamometrica Model 80,113,12,139.44,294.12,0.028
1007,Hardware,Trusa Tubulare Model 71,40,5,84.97,185.89,0.331
1008,Auto,Set Placute Frana Model 9,92,7,87.55,134.0,0.051
1009,Perisabile,[Perisabile] Spray Degripant Model 52,150,17,299.79,541.61,0.458
1010,Electronice,[Electronice] Multimetru Analogic Model 67,18,16,297.76,585.82,0.088
1011,Electronice,[Electronice] Modul Transmisie LoRa Model 10,66,20,159.18,314.84,0.108
1012,Hardware,Trusa Tubulare Model 74,73,12,208.5,290.51,0.302
1013,Perisabile,[Perisabile] Adeziv Industrial Model 36,24,17,110.56,228.9,0.025
1014,Electronice,[Electronice] Osciloscop Model 67,72,11,82.7,125.44,0.318
1015,Hardware,Incarcator Gaz Model 34,40,15,45.53,65.59,0.267
1016,Perisabile,[Perisabile] Solutie Curatare Frane Model 48,107,16,220.19,403.98,0.287
1017,Perisabile,[Perisabile] Spray Degripant Model 66,69,8,226.59,392.44,0.447
1018,Perisabile,[Perisabile] Spray Degripant Model 26,90,5,103.71,149.12,0.427
1019,Electronice,[Electronice] Osciloscop Model 20,107,13,201.07,448.77,0.488
1020,Electronice,[Electronice] Osciloscop Model 79,13,8,58.56,105.99,0.077
1021,Electronice,[Electronice] Sursa Laborator Model 26,99,17,48.28,98.81,0.44
1022,Auto,Set Placute Frana Model 83,58,6,233.85,321.23,0.302
1023,Auto,Rulment Roata Fata Model 67,99,7,259.36,364.03,0.44
1024,Auto,Set Placute Frana Model 67,60,15,24.76,57.72,0.346
1025,Perisabile,[Perisabile] Spray Degripant Model 3,51,19,234.81,305.06,0.476
1026,Hardware,Cheie Dinamometrica Model 5,119,12,251.95,467.21,0.332
1027,Auto,Senzor Debitmetru Model 77,100,10,180.09,277.71,0.475
1028,Perisabile,[Perisabile] Spray Degripant Model 23,93,14,70.39,143.4,0.062
1029,Electronice,[Electronice] Modul Transmisie LoRa Model 68,17,12,153.68,310.89,0.367
1030,Auto,Senzor Debitmetru Model 95,42,8,153.1,272.75,0.43
1031,Auto,Set Placute Frana Model 81,75,16,273.03,404.63,0.243
1032,Electronice,[Electronice] Multimetru Analogic Model 18,43,12,57.61,126.35,0.133
1033,Hardware,Trusa Tubulare Model 97,132,5,149.62,230.91,0.296
1034,Electronice,[Electronice] Sursa Laborator Model 66,97,13,46.34,111.06,0.035
1035,Electronice,[Electronice] Modul Transmisie LoRa Model 70,131,8,95.11,230.78,0.161
1036,Electronice,[Electronice] Multimetru Analogic Model 99,2,14,175.67,405.03,0.293
1037,Auto,Senzor Debitmetru Model 63,10,19,208.2,338.2,0.16
1038,Perisabile,[Perisabile] Adeziv Industrial Model 52,112,15,285.36,536.22,0.38
1039,Auto,Furtun Intercooler 2.0 TDI Model 92,95,13,154.07,323.23,0.208
1040,Auto,Baterie 12V 70Ah Model 94,111,9,222.89,328.12,0.438
1041,Hardware,Set Imbusuri Model 18,41,7,49.94,60.11,0.125
1042,Hardware,Trusa Tubulare Model 12,40,10,122.45,228.16,0.336
1043,Hardware,Trusa Tubulare Model 1,135,18,134.43,161.92,0.2
1044,Electronice,[Electronice] Sursa Laborator Model 8,37,19,121.25,249.56,0.357
1045,Auto,Baterie 12V 70Ah Model 32,54,6,120.95,227.79,0.066
1046,Auto,Furtun Intercooler 2.0 TDI Model 25,43,6,230.97,395.93,0.041
1047,Auto,Furtun Intercooler 2.0 TDI Model 83,111,11,83.33,123.22,0.256
1048,Perisabile,[Perisabile] Spray Degripant Model 45,16,5,187.77,430.98,0.027
1049,Auto,Furtun Intercooler 2.0 TDI Model 55,44,10,152.14,369.86,0.064
1050,Electronice,[Electronice] Osciloscop Model 62,59,16,260.2,347.42,0.285
1051,Auto,Baterie 12V 70Ah Model 4,72,9,41.64,91.61,0.241
1052,Hardware,Set Imbusuri Model 25,118,7,264.58,360.63,0.15
1053,Hardware,Trusa Tubulare Model 69,22,5,80.53,177.49,0.429
1054,Auto,Set Placute Frana Model 4,32,9,208.84,342.12,0.45
1055,Hardware,Set Imbusuri Model 35,29,13,70.05,171.03,0.091
1056,Auto,Filtru Aer Model 67,114,14,227.15,463.46,0.304
1057,Perisabile,[Perisabile] Spray Degripant Model 49,2,16,109.45,228.54,0.387
1058,Auto,Furtun Intercooler 2.0 TDI Model 90,20,15,124.65,160.26,0.36
1059,Perisabile,[Perisabile] Solutie Curatare Frane Model 11,27,17,289.29,517.84,0.172
1060,Hardware,Set Imbusuri Model 64,78,9,246.52,539.4,0.01
1061,Electronice,[Electronice] Multimetru Analogic Model 13,28,15,101.67,230.03,0.042
1062,Electronice,[Electronice] Sursa Laborator Model 24,40,8,179.19,341.82,0.274
1063,Auto,Filtru Aer Model 58,125,10,48.21,93.5,0.32
1064,Electronice,[Electronice] Multimetru Analogic Model 75,9,15,14.05,34.05,0.451
1065,Hardware,Trusa Tubulare Model 74,110,19,210.09,399.53,0.364
1066,Hardware,Trusa Tubulare Model 18,87,15,286.46,394.09,0.222
1067,Perisabile,[Perisabile] Solutie Curatare Frane Model 43,55,15,46.13,83.65,0.047
1068,Auto,Senzor Debitmetru Model 79,9,10,220.85,351.74,0.302
1069,Hardware,Cheie Dinamometrica Model 51,70,10,135.25,169.04,0.338
1070,Auto,Baterie 12V 70Ah Model 60,63,14,160.08,399.87,0.125
1071,Auto,Baterie 12V 70Ah Model 63,115,15,95.88,215.95,0.086
1072,Electronice,[Electronice] Sursa Laborator Model 21,149,16,248.51,385.14,0.48
1073,Auto,Rulment Roata Fata Model 76,109,5,247.17,355.12,0.411
1074,Auto,Set Placute Frana Model 58,114,7,80.11,105.43,0.219
1075,Hardware,Cheie Dinamometrica Model 18,104,6,10.46,18.06,0.459
1076,Auto,Baterie 12V 70Ah Model 19,109,14,139.15,270.95,0.042
1077,Hardware,Trusa Tubulare Model 60,12,20,12.85,27.79,0.139
1078,Perisabile,[Perisabile] Spray Degripant Model 76,2,16,25.76,38.92,0.383
1079,Electronice,[Electronice] Sursa Laborator Model 35,126,17,204.38,451.52,0.165
1080,Auto,Furtun Intercooler 2.0 TDI Model 46,94,7,264.76,416.86,0.224
1081,Perisabile,[Perisabile] Solutie Curatare Frane Model 50,83,17,210.49,275.06,0.422
1082,Hardware,Set Imbusuri Model 89,117,16,292.25,436.83,0.133
1083,Perisabile,[Perisabile] Adeziv Industrial Model 4,143,13,272.12,529.42,0.119
1084,Electronice,[Electronice] Osciloscop Model 24,108,8,282.64,507.65,0.316
1085,Auto,Filtru Aer Model 38,111,17,18.38,39.39,0.403
1086,Perisabile,[Perisabile] Adeziv Industrial Model 83,91,20,107.0,180.97,0.218
1087,Hardware,Incarcator Gaz Model 26,114,11,174.07,221.25,0.446
1088,Auto,Set Placute Frana Model 15,72,6,283.74,641.48,0.077
1089,Electronice,[Electronice] Sursa Laborator Model 15,148,8,118.39,155.8,0.236
1090,Auto,Senzor Debitmetru Model 78,142,8,86.1,166.62,0.438
1091,Perisabile,[Perisabile] Adeziv Industrial Model 54,118,8,223.13,418.42,0.34
1092,Auto,Set Placute Frana Model 68,50,5,157.29,298.9,0.064
1093,Perisabile,[Perisabile] Spray Degripant Model 84,96,18,36.39,59.32,0.173
1094,Perisabile,[Perisabile] Spray Degripant Model 73,97,12,239.05,308.39,0.414
1095,Hardware,Trusa Tubulare Model 1,18,10,63.07,96.76,0.079
1096,Auto,Filtru Aer Model 76,12,6,202.3,471.92,0.461
1097,Auto,Baterie 12V 70Ah Model 9,102,7,255.26,514.61,0.264
1098,Auto,Rulment Roata Fata Model 9,73,9,224.62,364.12,0.084
1099,Auto,Baterie 12V 70Ah Model 51,1,13,64.84,152.6,0.202
1100,Auto,Set Placute Frana Model 73,78,9,230.97,532.21,0.403
1101,Electronice,[Electronice] Sursa Laborator Model 77,54,16,276.05,355.9,0.163
1102,Electronice,[Electronice] Modul Transmisie LoRa Model 46,54,10,186.43,388.1,0.016
1103,Perisabile,[Perisabile] Spray Degripant Model 14,118,12,95.4,172.55,0.182
1104,Hardware,Trusa Tubulare Model 45,54,19,204.71,331.42,0.118
1105,Hardware,Trusa Tubulare Model 68,89,18,67.86,124.37,0.022
1106,Auto,Set Placute Frana Model 72,129,14,151.21,350.63,0.421
1107,Hardware,Trusa Tubulare Model 5,24,7,112.14,170.91,0.431
1108,Perisabile,[Perisabile] Spray Degripant Model 69,131,14,69.0,141.22,0.389
1109,Electronice,[Electronice] Osciloscop Model 39,75,19,290.12,406.72,0.158
1110,Auto,Set Placute Frana Model 42,25,6,25.12,52.35,0.389
1111,Hardware,Set Imbusuri Model 76,122,17,194.44,371.45,0.38
1112,Hardware,Set Imbusuri Model 35,141,8,28.04,38.05,0.169
1113,Hardware,Set Imbusuri Model 33,97,8,72.65,95.6,0.181
1114,Hardware,Trusa Tubulare Model 62,133,18,171.43,243.13,0.044
1115,Auto,Rulment Roata Fata Model 96,116,12,10.45,22.62,0.027
1116,Electronice,[Electronice] Modul Transmisie LoRa Model 31,96,11,200.24,362.44,0.123
1117,Auto,Filtru Aer Model 22,53,13,191.75,291.86,0.257
1118,Hardware,Set Imbusuri Model 40,18,9,219.66,542.27,0.13
1119,Electronice,[Electronice] Multimetru Analogic Model 1,82,9,116.92,191.89,0.284
1120,Auto,Furtun Intercooler 2.0 TDI Model 92,65,7,203.7,275.32,0.109
1121,Auto,Rulment Roata Fata Model 55,103,5,174.61,225.34,0.342
1122,Perisabile,[Perisabile] Solutie Curatare Frane Model 80,81,13,214.13,314.55,0.303
1123,Hardware,Trusa Tubulare Model 33,12,18,212.34,520.3,0.14
1124,Auto,Baterie 12V 70Ah Model 47,69,12,165.32,330.92,0.222
1125,Hardware,Set Imbusuri Model 98,3,7,164.31,199.36,0.069
1126,Auto,Furtun Intercooler 2.0 TDI Model 23,17,20,250.06,322.13,0.475
1127,Auto,Furtun Intercooler 2.0 TDI Model 13,95,10,27.09,63.68,0.234
1128,Hardware,Cheie Dinamometrica Model 99,50,12,119.92,264.58,0.26
1129,Perisabile,[Perisabile] Solutie Curatare Frane Model 32,110,12,134.29,232.71,0.355
1130,Electronice,[Electronice] Osciloscop Model 44,129,5,259.08,584.44,0.234
1131,Electronice,[Electronice] Multimetru Analogic Model 29,112,12,39.04,69.21,0.039
1132,Electronice,[Electronice] Sursa Laborator Model 69,27,17,288.16,554.87,0.306
1133,Auto,Filtru Aer Model 32,61,12,184.85,459.19,0.275
1134,Electronice,[Electronice] Sursa Laborator Model 28,48,10,130.3,159.48,0.429
1135,Hardware,Cheie Dinamometrica Model 73,26,6,262.82,579.3,0.293
1136,Electronice,[Electronice] Osciloscop Model 14,133,19,177.02,340.28,0.356
1137,Hardware,Cheie Dinamometrica Model 91,128,17,85.36,146.39,0.487
1138,Perisabile,[Perisabile] Spray Degripant Model 92,105,17,105.68,219.04,0.146
1139,Electronice,[Electronice] Multimetru Analogic Model 2,16,6,31.05,60.53,0.369
1140,Hardware,Trusa Tubulare Model 95,13,17,206.67,301.7,0.032
1141,Perisabile,[Perisabile] Spray Degripant Model 51,14,16,266.16,453.07,0.137
1142,Auto,Baterie 12V 70Ah Model 26,12,19,37.31,86.81,0.236
1143,Hardware,Incarcator Gaz Model 28,143,12,65.26,148.31,0.323
1144,Perisabile,[Perisabile] Adeziv Industrial Model 59,57,16,12.53,19.64,0.371
1145,Perisabile,[Perisabile] Spray Degripant Model 21,134,14,171.6,388.44,0.421
1146,Perisabile,[Perisabile] Solutie Curatare Frane Model 38,24,17,216.83,497.12,0.016
1147,Electronice,[Electronice] Sursa Laborator Model 97,35,18,189.07,264.24,0.167
1148,Perisabile,[Perisabile] Solutie Curatare Frane Model 91,137,5,147.74,347.4,0.219
1149,Auto,Furtun Intercooler 2.0 TDI Model 7,21,12,54.05,93.36,0.452
1150,Auto,Baterie 12V 70Ah Model 63,43,9,168.13,382.87,0.026
1151,Hardware,Incarcator Gaz Model 51,98,18,204.77,435.78,0.372
1152,Hardware,Trusa Tubulare Model 23,45,18,98.05,238.68,0.017
1153,Electronice,[Electronice] Osciloscop Model 51,124,17,284.38,408.34,0.404
1154,Auto,Furtun Intercooler 2.0 TDI Model 98,127,19,163.06,403.03,0.02
1155,Auto,Furtun Intercooler 2.0 TDI Model 19,107,12,220.94,470.15,0.47
1156,Electronice,[Electronice] Sursa Laborator Model 59,107,14,95.45,221.19,0.259
1157,Auto,Rulment Roata Fata Model 97,68,10,141.31,253.94,0.191
1158,Hardware,Incarcator Gaz Model 61,45,10,36.84,57.61,0.496
1159,Electronice,[Electronice] Modul Transmisie LoRa Model 62,128,14,106.59,208.17,0.402
1160,Auto,Baterie 12V 70Ah Model 96,14,12,207.66,515.4,0.153
1161,Hardware,Incarcator Gaz Model 9,143,13,152.32,302.13,0.141
1162,Electronice,[Electronice] Multimetru Analogic Model 37,148,13,52.92,65.24,0.358
1163,Perisabile,[Perisabile] Solutie Curatare Frane Model 7,40,8,290.41,598.79,0.188
1164,Perisabile,[Perisabile] Spray Degripant Model 1,45,7,221.21,362.07,0.351
1165,Electronice,[Electronice] Modul Transmisie LoRa Model 57,21,17,227.01,489.55,0.12
1166,Auto,Furtun Intercooler 2.0 TDI Model 71,140,14,101.61,216.86,0.399
1167,Auto,Senzor Debitmetru Model 3,113,8,182.23,417.73,0.166
1168,Perisabile,[Perisabile] Spray Degripant Model 68,42,19,100.14,225.49,0.296
1169,Auto,Set Placute Frana Model 26,50,6,89.11,146.79,0.492
1170,Perisabile,[Perisabile] Adeziv Industrial Model 37,51,10,269.66,521.53,0.021
1171,Perisabile,[Perisabile] Spray Degripant Model 50,142,14,214.4,466.79,0.129
1172,Electronice,[Electronice] Multimetru Analogic Model 94,129,20,193.1,462.76,0.318
1173,Electronice,[Electronice] Modul Transmisie LoRa Model 73,41,14,276.45,493.54,0.032
1174,Auto,Furtun Intercooler 2.0 TDI Model 13,13,12,265.19,578.24,0.26
1175,Auto,Filtru Aer Model 74,148,14,198.19,300.78,0.027
1176,Hardware,Set Imbusuri Model 26,131,5,228.21,540.06,0.231
1177,Electronice,[Electronice] Modul Transmisie LoRa Model 39,85,12,76.01,186.99,0.174
1178,Auto,Furtun Intercooler 2.0 TDI Model 88,69,13,194.24,366.49,0.151
1179,Auto,Baterie 12V 70Ah Model 81,127,19,216.28,490.01,0.05
1180,Hardware,Cheie Dinamometrica Model 66,127,17,115.68,286.55,0.112
1181,Hardware,Trusa Tubulare Model 28,1,17,262.21,402.93,0.308
1182,Electronice,[Electronice] Multimetru Analogic Model 66,122,9,108.72,271.73,0.014
1183,Perisabile,[Perisabile] Spray Degripant Model 41,115,12,176.08,226.49,0.22
1184,Hardware,Trusa Tubulare Model 83,95,5,100.16,163.03,0.072
1185,Electronice,[Electronice] Sursa Laborator Model 76,74,20,213.28,378.62,0.336
1186,Electronice,[Electronice] Osciloscop Model 28,126,11,154.02,203.07,0.077
1187,Auto,Baterie 12V 70Ah Model 14,125,18,29.35,48.9,0.421
1188,Hardware,Cheie Dinamometrica Model 33,0,15,77.9,147.14,0.182
1189,Auto,Rulment Roata Fata Model 93,146,14,187.34,457.71,0.252
1190,Hardware,Trusa Tubulare Model 72,49,16,71.39,103.85,0.103
1191,Auto,Baterie 12V 70Ah Model 93,19,13,226.49,474.21,0.304
1192,Hardware,Set Imbusuri Model 20,98,17,143.03,242.85,0.074
1193,Auto,Rulment Roata Fata Model 75,40,17,108.61,191.82,0.195
1194,Electronice,[Electronice] Sursa Laborator Model 83,22,6,210.36,358.12,0.4
1195,Electronice,[Electronice] Modul Transmisie LoRa Model 42,114,5,286.54,688.3,0.267
1196,Electronice,[Electronice] Modul Transmisie LoRa Model 55,99,8,122.12,171.71,0.293
1197,Electronice,[Electronice] Modul Transmisie LoRa Model 45,82,15,178.95,425.37,0.171
1198,Perisabile,[Perisabile] Spray Degripant Model 83,38,6,267.36,507.73,0.471
1199,Perisabile,[Perisabile] Solutie Curatare Frane Model 48,43,17,59.14,79.37,0.31
1200,Perisabile,[Perisabile] Solutie Curatare Frane Model 30,18,11,125.84,211.61,0.435
1201,Auto,Senzor Debitmetru Model 32,108,10,113.19,229.07,0.494
1202,Perisabile,[Perisabile] Solutie Curatare Frane Model 90,141,20,282.06,448.51,0.075
1203,Auto,Furtun Intercooler 2.0 TDI Model 1,86,15,275.48,385.57,0.314
1204,Auto,Filtru Aer Model 82,89,9,232.68,437.24,0.029
1205,Electronice,[Electronice] Sursa Laborator Model 61,112,11,37.38,78.04,0.08
1206,Electronice,[Electronice] Sursa Laborator Model 44,132,15,209.46,258.29,0.051
1207,Auto,Furtun Intercooler 2.0 TDI Model 69,111,15,83.32,125.8,0.41
1208,Perisabile,[Perisabile] Solutie Curatare Frane Model 82,148,9,51.6,93.88,0.087
1209,Perisabile,[Perisabile] Solutie Curatare Frane Model 12,82,19,129.79,242.47,0.197
1210,Perisabile,[Perisabile] Spray Degripant Model 5,12,9,74.49,111.13,0.291
1211,Hardware,Trusa Tubulare Model 2,91,15,141.19,194.76,0.335
1212,Perisabile,[Perisabile] Adeziv Industrial Model 63,64,12,164.92,201.35,0.478
1213,Auto,Filtru Aer Model 61,66,17,266.27,392.04,0.389
1214,Auto,Set Placute Frana Model 76,0,8,267.74,464.32,0.382
1215,Electronice,[Electronice] Modul Transmisie LoRa Model 97,31,13,236.68,349.95,0.493
1216,Auto,Baterie 12V 70Ah Model 4,49,16,223.73,279.03,0.165
1217,Auto,Set Placute Frana Model 18,27,12,298.77,685.52,0.382
1218,Perisabile,[Perisabile] Solutie Curatare Frane Model 38,71,15,134.17,186.11,0.079
1219,Perisabile,[Perisabile] Adeziv Industrial Model 35,0,8,256.6,445.79,0.342
1220,Hardware,Cheie Dinamometrica Model 75,107,8,77.73,114.61,0.156
1221,Auto,Set Placute Frana Model 44,117,8,104.85,179.01,0.026
1222,Hardware,Incarcator Gaz Model 85,49,12,262.97,529.0,0.011
1223,Auto,Senzor Debitmetru Model 45,36,18,272.87,435.9,0.202
1224,Perisabile,[Perisabile] Solutie Curatare Frane Model 15,62,17,165.73,264.26,0.214
1225,Electronice,[Electronice] Osciloscop Model 4,127,12,38.81,74.8,0.368
1226,Hardware,Trusa Tubulare Model 4,11,16,22.38,48.48,0.305
1227,Perisabile,[Perisabile] Solutie Curatare Frane Model 74,144,8,280.24,392.29,0.371
1228,Auto,Filtru Aer Model 11,142,20,188.67,414.2,0.027
1229,Auto,Rulment Roata Fata Model 30,5,9,100.4,153.14,0.367
1230,Auto,Filtru Aer Model 42,101,9,117.02,263.2,0.334
1231,Hardware,Cheie Dinamometrica Model 59,74,6,29.16,43.47,0.279
1232,Perisabile,[Perisabile] Spray Degripant Model 50,83,5,12.71,28.37,0.075
1233,Hardware,Trusa Tubulare Model 83,108,20,87.8,123.27,0.189
1234,Hardware,Cheie Dinamometrica Model 7,9,11,160.41,356.72,0.066
1235,Hardware,Set Imbusuri Model 36,69,13,250.77,431.8,0.468
1236,Hardware,Trusa Tubulare Model 9,80,15,33.0,61.04,0.172
1237,Hardware,Trusa Tubulare Model 94,6,6,48.44,86.79,0.399
1238,Perisabile,[Perisabile] Solutie Curatare Frane Model 70,142,14,299.18,397.92,0.384
1239,Auto,Set Placute Frana Model 45,49,18,56.21,97.47,0.022
1240,Auto,Baterie 12V 70Ah Model 88,71,17,48.64,101.87,0.463
1241,Hardware,Incarcator Gaz Model 90,134,17,83.51,139.14,0.099
1242,Electronice,[Electronice] Multimetru Analogic Model 2,41,17,97.94,219.35,0.13
1243,Perisabile,[Perisabile] Spray Degripant Model 40,89,11,142.68,221.66,0.116
1244,Perisabile,[Perisabile] Solutie Curatare Frane Model 67,56,19,102.91,219.17,0.393
1245,Perisabile,[Perisabile] Adeziv Industrial Model 89,61,6,280.01,393.66,0.123
1246,Auto,Baterie 12V 70Ah Model 96,129,13,134.91,288.5,0.054
1247,Electronice,[Electronice] Osciloscop Model 94,148,15,130.72,239.39,0.143
1248,Perisabile,[Perisabile] Adeziv Industrial Model 24,45,5,63.07,139.89,0.327
1249,Hardware,Trusa Tubulare Model 87,75,17,212.71,314.03,0.081
1250,Hardware,Incarcator Gaz Model 14,40,18,175.25,258.04,0.149
1251,Hardware,Trusa Tubulare Model 79,17,6,186.62,345.69,0.369
1252,Perisabile,[Perisabile] Solutie Curatare Frane Model 54,47,18,34.36,85.29,0.4
1253,Perisabile,[Perisabile] Adeziv Industrial Model 77,41,8,257.73,576.12,0.146
1254,Perisabile,[Perisabile] Adeziv Industrial Model 82,123,11,128.37,251.95,0.482
1255,Electronice,[Electronice] Modul Transmisie LoRa Model 68,86,5,72.4,172.96,0.233
1256,Perisabile,[Perisabile] Spray Degripant Model 38,19,12,157.37,291.97,0.017
1257,Perisabile,[Perisabile] Solutie Curatare Frane Model 75,100,18,238.94,441.33,0.286
1258,Perisabile,[Perisabile] Adeziv Industrial Model 83,64,7,72.1,112.74,0.207
1259,Perisabile,[Perisabile] Adeziv Industrial Model 3,117,6,134.2,175.85,0.432
1260,Hardware,Cheie Dinamometrica Model 14,102,14,104.17,203.7,0.291
1261,Perisabile,[Perisabile] Solutie Curatare Frane Model 59,22,10,155.38,269.88,0.411
1262,Hardware,Trusa Tubulare Model 30,24,20,197.38,493.0,0.494
1263,Auto,Rulment Roata Fata Model 93,117,20,207.84,518.4,0.133
1264,Hardware,Trusa Tubulare Model 97,49,10,169.46,390.38,0.462
1265,Hardware,Trusa Tubulare Model 24,102,13,242.5,397.49,0.341
1266,Auto,Baterie 12V 70Ah Model 36,78,15,20.3,31.76,0.384
1267,Perisabile,[Perisabile] Solutie Curatare Frane Model 80,95,17,233.98,572.97,0.321
1268,Perisabile,[Perisabile] Adeziv Industrial Model 42,117,19,105.63,186.25,0.413
1269,Auto,Rulment Roata Fata Model 25,14,13,59.95,81.06,0.387
1270,Hardware,Trusa Tubulare Model 69,24,20,150.08,275.16,0.047
1271,Auto,Filtru Aer Model 10,37,20,22.98,36.5,0.295
1272,Auto,Set Placute Frana Model 86,34,7,68.89,115.71,0.086
1273,Electronice,[Electronice] Osciloscop Model 86,25,13,164.12,232.98,0.337
1274,Electronice,[Electronice] Modul Transmisie LoRa Model 56,42,12,231.22,310.56,0.21
1275,Hardware,Set Imbusuri Model 57,140,13,84.68,203.34,0.036
1276,Electronice,[Electronice] Osciloscop Model 92,8,11,290.54,387.96,0.452
1277,Auto,Senzor Debitmetru Model 64,24,7,228.45,459.01,0.23
1278,Perisabile,[Perisabile] Spray Degripant Model 16,102,6,51.66,83.02,0.257
1279,Electronice,[Electronice] Sursa Laborator Model 85,41,14,189.56,470.19,0.04
1280,Hardware,Trusa Tubulare Model 98,66,13,52.27,116.12,0.046
1281,Electronice,[Electronice] Sursa Laborator Model 54,70,18,166.35,216.28,0.317
1282,Auto,Furtun Intercooler 2.0 TDI Model 71,65,11,80.91,130.57,0.041
1283,Electronice,[Electronice] Modul Transmisie LoRa Model 30,27,17,143.86,216.3,0.399
1284,Perisabile,[Perisabile] Spray Degripant Model 63,96,7,257.71,564.42,0.426
1285,Electronice,[Electronice] Modul Transmisie LoRa Model 38,113,7,150.58,199.63,0.169
1286,Auto,Filtru Aer Model 26,128,19,195.49,420.08,0.46
1287,Auto,Rulment Roata Fata Model 18,42,15,203.15,258.82,0.5
1288,Auto,Rulment Roata Fata Model 2,77,13,53.22,94.55,0.354
1289,Perisabile,[Perisabile] Spray Degripant Model 41,53,14,61.4,102.47,0.185
1290,Auto,Furtun Intercooler 2.0 TDI Model 87,146,9,296.66,375.25,0.173
1291,Auto,Baterie 12V 70Ah Model 51,55,14,269.41,556.47,0.166
1292,Electronice,[Electronice] Modul Transmisie LoRa Model 21,11,6,72.25,129.82,0.319
1293,Hardware,Cheie Dinamometrica Model 33,33,15,171.8,261.04,0.142
1294,Auto,Baterie 12V 70Ah Model 7,119,18,63.57,80.31,0.144
1295,Perisabile,[Perisabile] Solutie Curatare Frane Model 3,9,14,165.27,203.78,0.041
1296,Hardware,Incarcator Gaz Model 6,97,7,129.02,198.52,0.196
1297,Auto,Rulment Roata Fata Model 78,83,13,150.04,294.0,0.197
1298,Perisabile,[Perisabile] Spray Degripant Model 15,43,19,298.23,536.49,0.254
1299,Hardware,Trusa Tubulare Model 91,75,6,19.45,37.34,0.389
1300,Hardware,Cheie Dinamometrica Model 77,116,9,73.38,167.88,0.157
1301,Perisabile,[Perisabile] Solutie Curatare Frane Model 50,34,6,125.38,181.52,0.341
1302,Hardware,Incarcator Gaz Model 89,117,14,40.83,59.68,0.197
1303,Hardware,Trusa Tubulare Model 91,5,16,25.08,30.16,0.405
1304,Auto,Furtun Intercooler 2.0 TDI Model 17,91,7,13.0,21.56,0.35
1305,Electronice,[Electronice] Modul Transmisie LoRa Model 37,69,11,296.6,379.14,0.235
1306,Perisabile,[Perisabile] Solutie Curatare Frane Model 92,117,19,124.15,267.3,0.11
1307,Electronice,[Electronice] Multimetru Analogic Model 26,105,5,95.75,118.79,0.096
1308,Perisabile,[Perisabile] Adeziv Industrial Model 76,73,13,285.98,446.03,0.029
1309,Electronice,[Electronice] Multimetru Analogic Model 94,80,18,279.67,462.11,0.451
1310,Hardware,Incarcator Gaz Model 36,58,18,238.19,444.36,0.191
1311,Hardware,Cheie Dinamometrica Model 34,75,18,193.09,307.67,0.256
1312,Electronice,[Electronice] Osciloscop Model 76,127,9,53.38,115.85,0.347
1313,Hardware,Trusa Tubulare Model 37,89,18,239.22,494.66,0.072
1314,Auto,Baterie 12V 70Ah Model 24,107,9,108.54,162.91,0.22
1315,Hardware,Trusa Tubulare Model 9,16,13,170.36,229.43,0.278
1316,Electronice,[Electronice] Modul Transmisie LoRa Model 59,62,15,158.24,380.29,0.101
1317,Perisabile,[Perisabile] Adeziv Industrial Model 19,70,16,38.79,75.53,0.031
1318,Perisabile,[Perisabile] Adeziv Industrial Model 90,36,18,96.13,198.45,0.324
1319,Perisabile,[Perisabile] Spray Degripant Model 84,58,20,63.09,98.06,0.231
1320,Electronice,[Electronice] Multimetru Analogic Model 16,116,18,272.14,343.68,0.087
1321,Auto,Furtun Intercooler 2.0 TDI Model 25,33,5,202.01,294.0,0.187
1322,Perisabile,[Perisabile] Solutie Curatare Frane Model 3,24,19,21.36,51.4,0.38
1323,Perisabile,[Perisabile] Adeziv Industrial Model 22,106,8,31.93,45.18,0.26
1324,Auto,Furtun Intercooler 2.0 TDI Model 9,72,10,30.5,65.53,0.269
1325,Electronice,[Electronice] Sursa Laborator Model 53,77,5,168.07,311.6,0.224
1326,Electronice,[Electronice] Multimetru Analogic Model 13,116,12,37.66,88.79,0.015
1327,Auto,Filtru Aer Model 50,8,13,20.25,35.25,0.105
1328,Auto,Set Placute Frana Model 66,47,17,78.09,116.19,0.3
1329,Electronice,[Electronice] Modul Transmisie LoRa Model 33,127,8,47.21,59.34,0.203
1330,Auto,Set Placute Frana Model 59,49,9,105.81,235.08,0.234
1331,Electronice,[Electronice] Modul Transmisie LoRa Model 73,148,6,161.93,293.39,0.357
1332,Electronice,[Electronice] Modul Transmisie LoRa Model 15,47,8,50.96,89.17,0.208
1333,Electronice,[Electronice] Multimetru Analogic Model 95,87,18,184.81,431.31,0.077
1334,Hardware,Incarcator Gaz Model 85,95,20,18.65,40.16,0.12
1335,Electronice,[Electronice] Osciloscop Model 49,56,14,37.09,71.52,0.193
1336,Electronice,[Electronice] Multimetru Analogic Model 76,13,6,187.15,386.4,0.045
1337,Hardware,Cheie Dinamometrica Model 86,1,18,101.78,194.32,0.094
1338,Auto,Baterie 12V 70Ah Model 14,117,12,13.27,16.72,0.434
1339,Hardware,Cheie Dinamometrica Model 45,118,17,34.36,85.13,0.012
1340,Perisabile,[Perisabile] Spray Degripant Model 82,34,11,143.25,194.33,0.041
1341,Perisabile,[Perisabile] Adeziv Industrial Model 60,144,9,284.72,462.56,0.384
1342,Perisabile,[Perisabile] Spray Degripant Model 6,21,18,105.69,139.5,0.409
1343,Electronice,[Electronice] Modul Transmisie LoRa Model 50,25,20,55.4,128.95,0.272
1344,Hardware,Trusa Tubulare Model 75,69,7,41.1,90.46,0.15
1345,Perisabile,[Perisabile] Solutie Curatare Frane Model 44,10,5,253.06,338.98,0.286
1346,Perisabile,[Perisabile] Adeziv Industrial Model 84,64,5,101.89,202.71,0.312
1347,Electronice,[Electronice] Osciloscop Model 22,44,8,133.7,280.65,0.108
1348,Perisabile,[Perisabile] Adeziv Industrial Model 62,6,9,268.29,476.89,0.283
1349,Perisabile,[Perisabile] Spray Degripant Model 29,42,17,72.22,123.75,0.015
1350,Electronice,[Electronice] Modul Transmisie LoRa Model 76,95,14,139.39,203.28,0.339
1351,Electronice,[Electronice] Sursa Laborator Model 81,58,17,242.17,407.82,0.053
1352,Electronice,[Electronice] Multimetru Analogic Model 48,107,11,96.41,222.78,0.12
1353,Electronice,[Electronice] Osciloscop Model 73,121,17,15.08,36.84,0.016
1354,Hardware,Set Imbusuri Model 19,64,15,152.36,298.75,0.29
1355,Electronice,[Electronice] Osciloscop Model 12,22,19,16.9,34.38,0.314
1356,Perisabile,[Perisabile] Solutie Curatare Frane Model 72,54,13,85.89,173.28,0.297
1357,Hardware,Cheie Dinamometrica Model 50,20,11,86.78,162.31,0.221
1358,Electronice,[Electronice] Modul Transmisie LoRa Model 8,0,7,259.06,639.87,0.211
1359,Auto,Baterie 12V 70Ah Model 80,88,9,112.82,166.3,0.046
1360,Electronice,[Electronice] Modul Transmisie LoRa Model 7,36,14,149.11,336.1,0.029
1361,Hardware,Trusa Tubulare Model 36,96,6,116.63,162.9,0.399
1362,Hardware,Set Imbusuri Model 36,45,11,243.93,340.91,0.248
1363,Electronice,[Electronice] Osciloscop Model 54,122,6,231.18,311.3,0.497
1364,Perisabile,[Perisabile] Adeziv Industrial Model 26,109,19,237.94,440.43,0.277
1365,Hardware,Trusa Tubulare Model 19,137,6,23.32,48.04,0.017
1366,Hardware,Trusa Tubulare Model 21,64,13,221.38,371.94,0.012
1367,Perisabile,[Perisabile] Solutie Curatare Frane Model 39,33,5,196.63,265.42,0.463
1368,Auto,Filtru Aer Model 73,114,18,133.92,294.38,0.382
1369,Hardware,Incarcator Gaz Model 78,49,5,232.45,367.06,0.35
1370,Electronice,[Electronice] Modul Transmisie LoRa Model 54,78,14,142.82,172.72,0.012
1371,Electronice,[Electronice] Modul Transmisie LoRa Model 89,57,11,123.49,178.08,0.078
1372,Electronice,[Electronice] Sursa Laborator Model 29,98,8,195.14,424.04,0.201
1373,Auto,Rulment Roata Fata Model 20,32,11,254.61,475.23,0.47
1374,Electronice,[Electronice] Sursa Laborator Model 74,37,20,196.06,244.36,0.15
1375,Hardware,Incarcator Gaz Model 35,9,11,36.27,86.07,0.476
1376,Electronice,[Electronice] Modul Transmisie LoRa Model 21,128,12,85.83,136.81,0.15
1377,Hardware,Set Imbusuri Model 40,0,16,196.88,382.54,0.126
1378,Hardware,Set Imbusuri Model 31,115,20,294.92,630.44,0.046
1379,Perisabile,[Perisabile] Adeziv Industrial Model 13,16,18,22.87,43.55,0.319
1380,Hardware,Cheie Dinamometrica Model 36,142,11,192.5,320.43,0.464
1381,Hardware,Cheie Dinamometrica Model 16,56,8,171.31,293.5,0.369
1382,Auto,Baterie 12V 70Ah Model 15,106,6,127.19,210.68,0.108
1383,Hardware,Cheie Dinamometrica Model 78,109,20,107.97,161.77,0.351
1384,Perisabile,[Perisabile] Spray Degripant Model 76,35,13,19.84,32.94,0.096
1385,Perisabile,[Perisabile] Spray Degripant Model 45,48,11,72.21,104.14,0.115
1386,Hardware,Incarcator Gaz Model 84,74,12,30.44,54.03,0.1
1387,Hardware,Cheie Dinamometrica Model 92,112,15,194.12,330.53,0.14
1388,Electronice,[Electronice] Sursa Laborator Model 9,55,15,84.88,155.07,0.01
1389,Electronice,[Electronice] Sursa Laborator Model 8,95,18,291.45,521.17,0.13
1390,Electronice,[Electronice] Sursa Laborator Model 58,70,9,199.12,482.03,0.14
1391,Auto,Filtru Aer Model 11,69,10,222.27,424.58,0.364
1392,Electronice,[Electronice] Osciloscop Model 50,115,17,22.65,30.66,0.343
1393,Electronice,[Electronice] Multimetru Analogic Model 93,48,15,244.23,514.88,0.132
1394,Electronice,[Electronice] Modul Transmisie LoRa Model 7,87,15,11.23,27.82,0.301
1395,Perisabile,[Perisabile] Spray Degripant Model 31,4,9,290.57,526.92,0.092
1396,Auto,Senzor Debitmetru Model 11,50,9,289.52,413.84,0.084
1397,Hardware,Incarcator Gaz Model 26,146,9,275.04,512.86,0.033
1398,Hardware,Cheie Dinamometrica Model 18,57,8,181.57,340.58,0.339
1399,Auto,Baterie 12V 70Ah Model 26,35,14,58.95,119.56,0.371
1400,Perisabile,[Perisabile] Solutie Curatare Frane Model 75,143,17,158.16,210.22,0.44
1401,Hardware,Trusa Tubulare Model 13,141,17,237.97,338.87,0.138
1402,Electronice,[Electronice] Sursa Laborator Model 39,41,12,295.22,403.51,0.282
1403,Hardware,Set Imbusuri Model 68,47,16,194.66,262.14,0.405
1404,Perisabile,[Perisabile] Solutie Curatare Frane Model 13,95,19,227.86,377.4,0.075
1405,Auto,Furtun Intercooler 2.0 TDI Model 44,25,8,256.35,459.65,0.373
1406,Electronice,[Electronice] Sursa Laborator Model 30,19,19,230.58,432.94,0.217
1407,Perisabile,[Perisabile] Adeziv Industrial Model 29,42,17,93.91,179.68,0.222
1408,Perisabile,[Perisabile] Adeziv Industrial Model 3,137,11,191.42,465.0,0.019
1409,Hardware,Incarcator Gaz Model 26,24,5,62.17,93.05,0.193
1410,Electronice,[Electronice] Modul Transmisie LoRa Model 6,84,12,183.76,372.18,0.47
1411,Auto,Baterie 12V 70Ah Model 81,114,12,251.75,552.42,0.475
1412,Hardware,Trusa Tubulare Model 50,68,10,53.18,85.0,0.331
1413,Auto,Rulment Roata Fata Model 66,138,18,80.55,186.07,0.152
1414,Electronice,[Electronice] Osciloscop Model 19,3,6,64.01,148.7,0.026
1415,Electronice,[Electronice] Multimetru Analogic Model 87,17,9,205.68,445.64,0.288
1416,Hardware,Trusa Tubulare Model 1,37,7,189.28,333.72,0.117
1417,Hardware,Set Imbusuri Model 68,3,5,11.0,17.61,0.468
1418,Perisabile,[Perisabile] Adeziv Industrial Model 64,12,11,153.54,328.52,0.031
1419,Electronice,[Electronice] Multimetru Analogic Model 75,21,11,236.33,565.66,0.292
1420,Perisabile,[Perisabile] Adeziv Industrial Model 44,9,17,20.49,44.29,0.258
1421,Hardware,Cheie Dinamometrica Model 78,137,14,43.18,66.49,0.031
1422,Perisabile,[Perisabile] Spray Degripant Model 51,116,6,17.19,30.5,0.426
1423,Perisabile,[Perisabile] Spray Degripant Model 43,104,8,245.1,591.27,0.032
1424,Perisabile,[Perisabile] Spray Degripant Model 12,27,16,77.71,173.23,0.109
1425,Hardware,Trusa Tubulare Model 92,15,6,197.15,240.29,0.391
1426,Auto,Baterie 12V 70Ah Model 53,135,17,165.94,207.24,0.017
1427,Auto,Rulment Roata Fata Model 84,50,11,279.21,430.62,0.483
1428,Hardware,Cheie Dinamometrica Model 74,71,18,196.53,468.78,0.375
1429,Electronice,[Electronice] Sursa Laborator Model 65,66,14,254.81,507.8,0.431
1430,Auto,Furtun Intercooler 2.0 TDI Model 49,95,10,87.82,161.87,0.286
1431,Electronice,[Electronice] Modul Transmisie LoRa Model 64,17,20,86.52,126.22,0.466
1432,Electronice,[Electronice] Multimetru Analogic Model 24,101,10,24.41,35.12,0.384
1433,Hardware,Cheie Dinamometrica Model 34,100,14,292.68,533.09,0.026
1434,Auto,Filtru Aer Model 96,39,10,282.19,663.24,0.307
1435,Hardware,Trusa Tubulare Model 23,2,16,82.93,119.39,0.395
1436,Perisabile,[Perisabile] Spray Degripant Model 13,24,7,101.62,188.96,0.309
1437,Auto,Set Placute Frana Model 24,4,8,114.86,233.59,0.275
1438,Perisabile,[Perisabile] Spray Degripant Model 12,128,16,129.97,198.75,0.47
1439,Auto,Filtru Aer Model 50,104,7,20.94,35.6,0.122
1440,Auto,Baterie 12V 70Ah Model 98,91,17,176.86,299.93,0.412
1441,Electronice,[Electronice] Multimetru Analogic Model 91,16,12,32.26,77.91,0.162
1442,Perisabile,[Perisabile] Adeziv Industrial Model 8,130,12,251.88,385.29,0.444
1443,Auto,Baterie 12V 70Ah Model 24,18,5,168.21,399.22,0.205
1444,Hardware,Cheie Dinamometrica Model 1,42,13,296.9,677.83,0.103
1445,Perisabile,[Perisabile] Spray Degripant Model 53,135,5,79.06,114.24,0.273
1446,Electronice,[Electronice] Multimetru Analogic Model 60,136,6,215.72,480.47,0.491
1447,Hardware,Cheie Dinamometrica Model 40,34,9,125.04,197.5,0.415
1448,Perisabile,[Perisabile] Adeziv Industrial Model 75,122,13,204.42,455.16,0.066
1449,Electronice,[Electronice] Sursa Laborator Model 79,142,15,38.38,94.39,0.451
1450,Perisabile,[Perisabile] Solutie Curatare Frane Model 56,51,9,78.31,105.86,0.391
1451,Hardware,Trusa Tubulare Model 84,86,12,159.18,258.72,0.343
1452,Perisabile,[Perisabile] Spray Degripant Model 1,84,17,116.89,168.34,0.258
1453,Perisabile,[Perisabile] Solutie Curatare Frane Model 26,74,15,138.79,190.45,0.264
1454,Perisabile,[Perisabile] Spray Degripant Model 13,4,7,143.06,256.33,0.205
1455,Electronice,[Electronice] Osciloscop Model 73,0,10,145.61,180.3,0.474
1456,Electronice,[Electronice] Multimetru Analogic Model 5,2,14,231.83,319.45,0.214
1457,Hardware,Cheie Dinamometrica Model 34,88,6,192.43,413.37,0.389
1458,Hardware,Set Imbusuri Model 66,105,6,229.33,276.6,0.056
1459,Auto,Rulment Roata Fata Model 88,125,14,277.79,555.72,0.303
1460,Auto,Rulment Roata Fata Model 57,138,12,116.85,147.3,0.362
1461,Perisabile,[Perisabile] Solutie Curatare Frane Model 43,117,16,80.5,161.47,0.215
1462,Perisabile,[Perisabile] Solutie Curatare Frane Model 1,146,5,28.5,53.18,0.341
1463,Electronice,[Electronice] Osciloscop Model 94,23,9,130.25,289.08,0.094
1464,Electronice,[Electronice] Sursa Laborator Model 53,0,17,269.32,417.68,0.49
1465,Auto,Set Placute Frana Model 41,23,11,207.22,489.32,0.463
1466,Hardware,Cheie Dinamometrica Model 6,6,14,299.0,368.96,0.066
1467,Auto,Set Placute Frana Model 11,147,11,227.8,332.19,0.1
1468,Electronice,[Electronice] Modul Transmisie LoRa Model 11,87,11,286.16,496.45,0.018
1469,Hardware,Set Imbusuri Model 76,128,20,110.14,178.08,0.488
1470,Hardware,Set Imbusuri Model 26,52,14,187.44,361.64,0.151
1471,Electronice,[Electronice] Multimetru Analogic Model 84,99,7,257.41,506.46,0.186
1472,Perisabile,[Perisabile] Adeziv Industrial Model 57,121,14,175.63,345.24,0.256
1473,Perisabile,[Perisabile] Adeziv Industrial Model 74,149,10,181.88,288.68,0.365
1474,Auto,Baterie 12V 70Ah Model 48,80,8,31.69,42.94,0.026
1475,Hardware,Incarcator Gaz Model 56,20,9,99.9,219.37,0.286
1476,Electronice,[Electronice] Multimetru Analogic Model 44,97,15,170.0,361.73,0.177
1477,Auto,Rulment Roata Fata Model 78,44,15,253.87,574.43,0.256
1478,Electronice,[Electronice] Sursa Laborator Model 2,15,16,290.77,633.66,0.294
1479,Auto,Set Placute Frana Model 98,5,16,147.93,326.93,0.247
1480,Hardware,Cheie Dinamometrica Model 28,16,8,118.83,248.2,0.315
1481,Auto,Senzor Debitmetru Model 97,45,9,299.84,549.38,0.35
1482,Electronice,[Electronice] Multimetru Analogic Model 4,33,12,240.3,441.93,0.199
1483,Electronice,[Electronice] Sursa Laborator Model 38,36,9,98.19,178.59,0.134
1484,Hardware,Trusa Tubulare Model 85,60,5,106.32,140.09,0.434
1485,Auto,Baterie 12V 70Ah Model 26,53,17,254.78,368.0,0.175
1486,Perisabile,[Perisabile] Solutie Curatare Frane Model 68,23,16,82.73,118.7,0.024
1487,Auto,Furtun Intercooler 2.0 TDI Model 13,38,11,272.18,411.38,0.221
1488,Hardware,Trusa Tubulare Model 52,85,8,82.24,113.24,0.264
1489,Perisabile,[Perisabile] Spray Degripant Model 42,111,18,167.39,250.34,0.309
1490,Hardware,Trusa Tubulare Model 73,40,7,276.85,502.68,0.134
1491,Auto,Furtun Intercooler 2.0 TDI Model 90,86,7,65.3,117.21,0.317
1492,Auto,Set Placute Frana Model 93,110,16,247.0,310.6,0.315
1493,Perisabile,[Perisabile] Adeziv Industrial Model 61,125,11,68.35,145.51,0.104
1494,Electronice,[Electronice] Modul Transmisie LoRa Model 20,140,20,270.94,351.63,0.088
1495,Auto,Furtun Intercooler 2.0 TDI Model 17,122,10,130.29,287.73,0.404
1496,Auto,Set Placute Frana Model 42,66,17,120.5,145.7,0.287
1497,Auto,Set Placute Frana Model 20,14,15,74.03,118.8,0.05
1498,Perisabile,[Perisabile] Spray Degripant Model 57,145,19,235.21,372.43,0.46
1499,Auto,Senzor Debitmetru Model 70,114,20,226.86,483.75,0.108
1500,Perisabile,[Perisabile] Adeziv Industrial Model 63,75,11,70.34,150.56,0.206
1501,Perisabile,[Perisabile] Adeziv Industrial Model 29,30,7,89.33,198.08,0.261
1502,Hardware,Cheie Dinamometrica Model 57,75,5,254.26,611.27,0.235
1503,Electronice,[Electronice] Sursa Laborator Model 11,38,6,68.82,129.79,0.473
1504,Hardware,Trusa Tubulare Model 26,140,6,140.91,240.54,0.042
1505,Perisabile,[Perisabile] Adeziv Industrial Model 52,115,7,117.41,225.26,0.084
1506,Hardware,Set Imbusuri Model 74,97,15,238.69,331.06,0.458
1507,Auto,Filtru Aer Model 81,109,12,203.05,382.76,0.316
1508,Perisabile,[Perisabile] Adeziv Industrial Model 79,45,13,163.43,295.33,0.055
1509,Perisabile,[Perisabile] Spray Degripant Model 62,117,7,265.68,642.75,0.37
1510,Perisabile,[Perisabile] Spray Degripant Model 47,64,19,132.24,223.05,0.496
1511,Hardware,Trusa Tubulare Model 14,109,5,123.85,285.3,0.441
1512,Electronice,[Electronice] Modul Transmisie LoRa Model 79,85,15,252.76,504.72,0.479
1513,Perisabile,[Perisabile] Solutie Curatare Frane Model 3,109,17,259.3,311.78,0.464
1514,Auto,Senzor Debitmetru Model 63,94,13,28.53,46.25,0.115
1515,Hardware,Cheie Dinamometrica Model 75,139,11,293.25,703.06,0.488
1516,Perisabile,[Perisabile] Solutie Curatare Frane Model 83,131,12,109.56,148.66,0.108
1517,Electronice,[Electronice] Modul Transmisie LoRa Model 37,112,10,34.88,85.83,0.092
1518,Perisabile,[Perisabile] Solutie Curatare Frane Model 47,125,7,60.82,76.72,0.376
1519,Electronice,[Electronice] Multimetru Analogic Model 21,86,14,293.48,512.52,0.29
1520,Auto,Rulment Roata Fata Model 22,112,5,102.61,254.89,0.01
1521,Hardware,Cheie Dinamometrica Model 65,44,5,136.33,295.11,0.478
1522,Hardware,Trusa Tubulare Model 93,97,16,155.45,206.25,0.456
1523,Auto,Rulment Roata Fata Model 42,106,10,15.19,20.65,0.223
1524,Hardware,Incarcator Gaz Model 50,125,20,242.52,317.6,0.381
1525,Electronice,[Electronice] Osciloscop Model 47,48,18,73.13,158.23,0.146
1526,Electronice,[Electronice] Sursa Laborator Model 38,13,20,121.53,277.64,0.057
1527,Hardware,Incarcator Gaz Model 91,55,14,155.72,382.03,0.109
1528,Hardware,Cheie Dinamometrica Model 64,93,15,29.8,51.23,0.173
1529,Hardware,Set Imbusuri Model 12,24,18,66.59,141.46,0.256
1530,Electronice,[Electronice] Osciloscop Model 26,51,6,162.93,242.96,0.357
1531,Auto,Baterie 12V 70Ah Model 5,137,10,110.0,200.12,0.312
1532,Auto,Senzor Debitmetru Model 58,107,17,247.09,573.77,0.337
1533,Auto,Furtun Intercooler 2.0 TDI Model 51,132,14,258.79,346.87,0.295
1534,Perisabile,[Perisabile] Spray Degripant Model 90,59,5,262.01,453.26,0.131
1535,Auto,Rulment Roata Fata Model 55,113,14,201.3,254.96,0.341
1536,Electronice,[Electronice] Multimetru Analogic Model 60,76,17,63.77,101.47,0.086
1537,Perisabile,[Perisabile] Solutie Curatare Frane Model 65,10,8,185.34,274.15,0.352
1538,Auto,Filtru Aer Model 96,8,13,287.67,405.63,0.275
1539,Hardware,Incarcator Gaz Model 11,4,17,56.93,75.28,0.295
1540,Perisabile,[Perisabile] Solutie Curatare Frane Model 22,33,17,211.52,466.62,0.49
1541,Auto,Furtun Intercooler 2.0 TDI Model 30,22,14,23.78,33.81,0.022
1542,Electronice,[Electronice] Multimetru Analogic Model 76,42,8,90.2,159.35,0.419
1543,Perisabile,[Perisabile] Adeziv Industrial Model 63,132,7,26.13,43.55,0.31
1544,Perisabile,[Perisabile] Solutie Curatare Frane Model 57,16,7,81.72,194.62,0.117
1545,Perisabile,[Perisabile] Spray Degripant Model 30,121,20,75.39,186.93,0.268
1546,Auto,Set Placute Frana Model 92,101,9,212.06,295.51,0.141
1547,Perisabile,[Perisabile] Spray Degripant Model 4,66,9,130.28,324.65,0.469
1548,Electronice,[Electronice] Modul Transmisie LoRa Model 93,57,8,47.44,98.5,0.038
1549,Hardware,Trusa Tubulare Model 55,72,15,94.37,143.36,0.263
1550,Auto,Set Placute Frana Model 54,134,13,99.76,194.81,0.086
1551,Electronice,[Electronice] Multimetru Analogic Model 8,65,20,221.85,385.23,0.432
1552,Perisabile,[Perisabile] Spray Degripant Model 24,98,10,207.74,435.76,0.036
1553,Hardware,Incarcator Gaz Model 7,129,14,296.52,418.08,0.267
1554,Auto,Senzor Debitmetru Model 55,67,6,124.68,215.95,0.382
1555,Perisabile,[Perisabile] Adeziv Industrial Model 80,132,18,141.82,282.74,0.387
1556,Electronice,[Electronice] Multimetru Analogic Model 32,78,16,80.54,164.65,0.461
1557,Electronice,[Electronice] Multimetru Analogic Model 50,37,6,95.99,212.76,0.458
1558,Auto,Rulment Roata Fata Model 48,54,13,131.49,305.24,0.443
1559,Hardware,Cheie Dinamometrica Model 74,82,7,225.39,354.4,0.467
1560,Auto,Set Placute Frana Model 68,53,5,58.95,93.49,0.011
1561,Hardware,Trusa Tubulare Model 30,104,6,182.32,341.68,0.361
1562,Electronice,[Electronice] Multimetru Analogic Model 23,117,17,170.72,216.93,0.155
1563,Hardware,Incarcator Gaz Model 25,16,17,105.28,207.98,0.39
1564,Perisabile,[Perisabile] Adeziv Industrial Model 30,46,16,223.8,371.43,0.396
1565,Perisabile,[Perisabile] Spray Degripant Model 20,64,10,157.53,320.58,0.357
1566,Auto,Furtun Intercooler 2.0 TDI Model 7,9,12,145.89,195.17,0.18
1567,Auto,Baterie 12V 70Ah Model 67,45,13,212.54,366.71,0.263
1568,Hardware,Cheie Dinamometrica Model 17,63,9,127.85,295.81,0.434
1569,Perisabile,[Perisabile] Adeziv Industrial Model 14,29,8,119.79,156.8,0.388
1570,Electronice,[Electronice] Osciloscop Model 73,116,14,152.49,192.22,0.102
1571,Electronice,[Electronice] Osciloscop Model 54,137,14,98.51,224.19,0.063
1572,Electronice,[Electronice] Modul Transmisie LoRa Model 97,98,15,285.77,459.28,0.489
1573,Hardware,Trusa Tubulare Model 91,46,8,109.45,272.56,0.446
1574,Hardware,Cheie Dinamometrica Model 97,18,17,137.32,267.26,0.334
1575,Electronice,[Electronice] Sursa Laborator Model 26,62,5,219.88,536.43,0.322
1576,Electronice,[Electronice] Multimetru Analogic Model 82,9,13,32.45,74.35,0.279
1577,Electronice,[Electronice] Osciloscop Model 87,137,19,69.65,119.19,0.208
1578,Perisabile,[Perisabile] Solutie Curatare Frane Model 66,25,10,278.97,502.58,0.408
1579,Perisabile,[Perisabile] Adeziv Industrial Model 23,111,20,162.17,243.47,0.08
1580,Perisabile,[Perisabile] Spray Degripant Model 23,2,19,294.2,664.39,0.286
1581,Perisabile,[Perisabile] Spray Degripant Model 38,7,6,248.37,597.57,0.383
1582,Hardware,Cheie Dinamometrica Model 5,28,10,132.74,321.27,0.021
1583,Electronice,[Electronice] Multimetru Analogic Model 90,147,20,216.43,408.87,0.086
1584,Auto,Baterie 12V 70Ah Model 30,93,18,67.77,140.35,0.317
1585,Perisabile,[Perisabile] Solutie Curatare Frane Model 46,71,15,287.02,360.49,0.073
1586,Hardware,Cheie Dinamometrica Model 36,130,6,191.43,444.33,0.465
1587,Electronice,[Electronice] Multimetru Analogic Model 67,120,8,42.96,76.02,0.488
1588,Perisabile,[Perisabile] Adeziv Industrial Model 37,99,11,30.68,69.65,0.416
1589,Perisabile,[Perisabile] Spray Degripant Model 77,2,20,120.23,261.27,0.494
1590,Perisabile,[Perisabile] Spray Degripant Model 35,150,12,75.47,184.35,0.36
1591,Electronice,[Electronice] Modul Transmisie LoRa Model 25,52,11,150.68,304.59,0.338
1592,Electronice,[Electronice] Sursa Laborator Model 37,74,5,71.23,114.17,0.151
1593,Perisabile,[Perisabile] Spray Degripant Model 9,64,7,66.37,84.01,0.482
1594,Perisabile,[Perisabile] Adeziv Industrial Model 27,16,10,123.19,226.81,0.218
1595,Auto,Filtru Aer Model 47,30,15,67.41,155.02,0.393
1596,Auto,Baterie 12V 70Ah Model 86,83,8,295.39,501.25,0.13
1597,Perisabile,[Perisabile] Adeziv Industrial Model 18,25,17,56.71,100.37,0.186
1598,Electronice,[Electronice] Modul Transmisie LoRa Model 16,5,14,283.15,512.92,0.396
1599,Hardware,Trusa Tubulare Model 17,42,18,107.97,227.88,0.383
1600,Auto,Senzor Debitmetru Model 73,114,8,125.1,216.5,0.282
1601,Auto,Senzor Debitmetru Model 69,54,6,289.0,536.92,0.222
1602,Perisabile,[Perisabile] Spray Degripant Model 31,43,11,229.92,358.61,0.105
1603,Auto,Baterie 12V 70Ah Model 43,42,16,14.67,22.43,0.289
1604,Electronice,[Electronice] Sursa Laborator Model 39,54,13,226.55,465.16,0.339
1605,Electronice,[Electronice] Osciloscop Model 65,35,16,258.59,533.63,0.351
1606,Perisabile,[Perisabile] Solutie Curatare Frane Model 70,27,10,28.62,48.52,0.216
1607,Hardware,Incarcator Gaz Model 11,46,14,138.98,218.89,0.38
1608,Perisabile,[Perisabile] Spray Degripant Model 90,128,11,182.18,264.52,0.301
1609,Hardware,Cheie Dinamometrica Model 75,74,11,299.57,498.18,0.061
1610,Hardware,Trusa Tubulare Model 64,80,12,130.72,160.39,0.12
1611,Electronice,[Electronice] Osciloscop Model 63,123,11,137.36,300.19,0.274
1612,Perisabile,[Perisabile] Adeziv Industrial Model 25,109,11,10.79,17.27,0.067
1613,Hardware,Cheie Dinamometrica Model 37,54,7,164.7,353.26,0.023
1614,Perisabile,[Perisabile] Solutie Curatare Frane Model 85,139,12,290.83,409.36,0.148
1615,Auto,Set Placute Frana Model 67,66,17,245.29,585.32,0.47
1616,Hardware,Trusa Tubulare Model 83,15,9,177.68,340.93,0.475
1617,Hardware,Trusa Tubulare Model 38,10,6,97.61,217.78,0.452
1618,Hardware,Trusa Tubulare Model 53,111,16,80.25,145.39,0.46
1619,Perisabile,[Perisabile] Adeziv Industrial Model 90,29,6,92.45,184.47,0.424
1620,Hardware,Cheie Dinamometrica Model 41,117,14,111.4,245.26,0.072
1621,Perisabile,[Perisabile] Adeziv Industrial Model 94,138,13,175.67,357.44,0.212
1622,Perisabile,[Perisabile] Adeziv Industrial Model 90,42,10,290.89,384.54,0.306
1623,Auto,Furtun Intercooler 2.0 TDI Model 87,122,17,247.89,514.17,0.388
1624,Electronice,[Electronice] Sursa Laborator Model 26,111,11,36.27,72.13,0.472
1625,Electronice,[Electronice] Multimetru Analogic Model 63,34,5,226.12,555.71,0.17
1626,Perisabile,[Perisabile] Spray Degripant Model 45,47,17,95.01,170.7,0.344
1627,Perisabile,[Perisabile] Adeziv Industrial Model 14,30,7,213.97,353.9,0.428
1628,Perisabile,[Perisabile] Solutie Curatare Frane Model 90,18,20,211.82,360.13,0.13
1629,Perisabile,[Perisabile] Solutie Curatare Frane Model 36,147,5,146.57,233.24,0.011
1630,Hardware,Cheie Dinamometrica Model 36,83,5,268.88,480.21,0.059
1631,Perisabile,[Perisabile] Solutie Curatare Frane Model 39,78,7,187.83,241.13,0.242
1632,Hardware,Trusa Tubulare Model 5,62,15,131.25,185.19,0.137
1633,Perisabile,[Perisabile] Adeziv Industrial Model 58,115,13,267.15,320.86,0.305
1634,Auto,Senzor Debitmetru Model 15,133,17,83.55,152.7,0.183
1635,Perisabile,[Perisabile] Solutie Curatare Frane Model 92,23,20,132.85,167.07,0.28
1636,Auto,Rulment Roata Fata Model 36,62,6,46.27,83.68,0.455
1637,Electronice,[Electronice] Sursa Laborator Model 50,94,6,64.5,125.59,0.072
1638,Perisabile,[Perisabile] Adeziv Industrial Model 31,142,14,60.87,118.14,0.07
1639,Perisabile,[Perisabile] Solutie Curatare Frane Model 41,137,6,122.06,205.13,0.048
1640,Electronice,[Electronice] Multimetru Analogic Model 39,68,12,209.45,483.57,0.354
1641,Electronice,[Electronice] Sursa Laborator Model 30,121,5,79.88,177.82,0.13
1642,Hardware,Incarcator Gaz Model 98,135,20,131.81,264.31,0.022
1643,Perisabile,[Perisabile] Adeziv Industrial Model 45,67,20,142.11,200.62,0.359
1644,Auto,Set Placute Frana Model 26,83,6,92.94,166.08,0.092
1645,Auto,Filtru Aer Model 5,84,17,207.24,327.14,0.055
1646,Perisabile,[Perisabile] Solutie Curatare Frane Model 73,13,7,67.85,156.33,0.436
1647,Hardware,Incarcator Gaz Model 7,71,7,155.62,307.0,0.385
1648,Electronice,[Electronice] Sursa Laborator Model 86,65,11,127.85,217.32,0.098
1649,Electronice,[Electronice] Osciloscop Model 84,128,8,254.85,569.43,0.393
1650,Perisabile,[Perisabile] Adeziv Industrial Model 91,110,18,125.87,305.61,0.297
1651,Hardware,Cheie Dinamometrica Model 95,144,9,212.93,370.03,0.276
1652,Electronice,[Electronice] Modul Transmisie LoRa Model 70,6,6,60.87,121.02,0.481
1653,Perisabile,[Perisabile] Adeziv Industrial Model 63,35,14,142.84,269.76,0.047
1654,Electronice,[Electronice] Osciloscop Model 4,83,11,146.45,198.19,0.314
1655,Hardware,Set Imbusuri Model 56,89,12,180.66,421.77,0.48
1656,Auto,Furtun Intercooler 2.0 TDI Model 45,48,5,220.7,267.42,0.027
1657,Auto,Filtru Aer Model 8,147,17,13.27,27.03,0.235
1658,Auto,Senzor Debitmetru Model 89,129,6,227.9,483.91,0.14
1659,Auto,Furtun Intercooler 2.0 TDI Model 51,0,5,204.29,294.83,0.187
1660,Electronice,[Electronice] Multimetru Analogic Model 19,5,14,159.86,283.29,0.023
1661,Electronice,[Electronice] Multimetru Analogic Model 74,30,16,281.18,391.94,0.211
1662,Auto,Furtun Intercooler 2.0 TDI Model 27,86,16,21.36,42.23,0.278
1663,Auto,Furtun Intercooler 2.0 TDI Model 54,29,9,58.01,76.48,0.424
1664,Perisabile,[Perisabile] Solutie Curatare Frane Model 28,77,14,222.6,544.45,0.149
1665,Auto,Rulment Roata Fata Model 98,79,20,19.61,40.53,0.045
1666,Electronice,[Electronice] Osciloscop Model 57,34,6,189.91,246.46,0.476
1667,Auto,Filtru Aer Model 18,144,8,140.37,311.5,0.044
1668,Auto,Furtun Intercooler 2.0 TDI Model 16,65,16,195.3,481.65,0.301
1669,Auto,Baterie 12V 70Ah Model 43,19,11,243.5,294.14,0.423
1670,Electronice,[Electronice] Sursa Laborator Model 84,63,18,170.1,324.76,0.196
1671,Auto,Senzor Debitmetru Model 64,92,16,38.57,81.38,0.126
1672,Hardware,Trusa Tubulare Model 72,86,14,21.12,41.06,0.329
1673,Hardware,Incarcator Gaz Model 31,83,14,14.0,20.66,0.12
1674,Auto,Baterie 12V 70Ah Model 60,114,10,242.06,429.59,0.377
1675,Hardware,Trusa Tubulare Model 82,28,16,267.17,473.55,0.187
1676,Perisabile,[Perisabile] Spray Degripant Model 73,35,11,234.46,474.88,0.229
1677,Hardware,Set Imbusuri Model 5,78,17,221.73,269.11,0.475
1678,Electronice,[Electronice] Modul Transmisie LoRa Model 90,50,12,235.33,312.73,0.156
1679,Auto,Rulment Roata Fata Model 25,132,6,296.8,629.41,0.369
1680,Electronice,[Electronice] Multimetru Analogic Model 73,24,13,234.75,480.61,0.083
1681,Perisabile,[Perisabile] Adeziv Industrial Model 97,149,5,86.4,210.92,0.306
1682,Auto,Senzor Debitmetru Model 93,121,15,228.55,499.6,0.336
1683,Perisabile,[Perisabile] Adeziv Industrial Model 77,3,14,125.07,269.99,0.029
1684,Perisabile,[Perisabile] Adeziv Industrial Model 23,87,7,285.59,476.3,0.414
1685,Hardware,Cheie Dinamometrica Model 96,105,10,164.54,260.66,0.491
1686,Perisabile,[Perisabile] Spray Degripant Model 74,107,11,171.59,310.58,0.169
1687,Auto,Set Placute Frana Model 90,82,12,156.77,281.44,0.349
1688,Perisabile,[Perisabile] Spray Degripant Model 3,108,5,123.1,260.58,0.111
1689,Hardware,Trusa Tubulare Model 79,128,14,232.71,374.21,0.304
1690,Perisabile,[Perisabile] Spray Degripant Model 30,77,18,137.05,312.44,0.434
1691,Hardware,Trusa Tubulare Model 5,115,9,162.82,261.56,0.213
1692,Electronice,[Electronice] Modul Transmisie LoRa Model 1,96,14,35.03,45.52,0.186
1693,Electronice,[Electronice] Osciloscop Model 41,85,6,25.86,31.67,0.491
1694,Hardware,Trusa Tubulare Model 83,122,5,201.05,317.33,0.47
1695,Electronice,[Electronice] Modul Transmisie LoRa Model 47,104,13,137.46,210.44,0.316
1696,Perisabile,[Perisabile] Spray Degripant Model 66,67,6,217.5,483.68,0.258
1697,Electronice,[Electronice] Sursa Laborator Model 36,30,8,123.48,209.85,0.25
1698,Auto,Senzor Debitmetru Model 76,109,10,40.23,76.01,0.297
1699,Hardware,Trusa Tubulare Model 11,22,10,89.83,153.8,0.306
1700,Perisabile,[Perisabile] Solutie Curatare Frane Model 27,29,14,76.34,120.22,0.48
1701,Perisabile,[Perisabile] Adeziv Industrial Model 13,136,20,299.43,380.67,0.16
1702,Auto,Furtun Intercooler 2.0 TDI Model 26,9,7,130.06,224.35,0.481
1703,Perisabile,[Perisabile] Solutie Curatare Frane Model 11,100,12,155.04,323.98,0.344
1704,Perisabile,[Perisabile] Solutie Curatare Frane Model 6,125,6,74.9,112.3,0.483
1705,Electronice,[Electronice] Sursa Laborator Model 78,141,13,126.86,227.36,0.398
1706,Electronice,[Electronice] Sursa Laborator Model 40,102,11,74.64,152.19,0.132
1707,Electronice,[Electronice] Osciloscop Model 53,33,19,155.79,189.01,0.343
1708,Auto,Set Placute Frana Model 48,75,12,237.36,351.72,0.316
1709,Perisabile,[Perisabile] Solutie Curatare Frane Model 74,67,15,218.31,444.5,0.436
1710,Auto,Senzor Debitmetru Model 32,54,6,237.71,540.38,0.3
1711,Perisabile,[Perisabile] Spray Degripant Model 25,64,8,222.19,419.99,0.236
1712,Perisabile,[Perisabile] Adeziv Industrial Model 10,114,10,89.37,142.77,0.017
1713,Electronice,[Electronice] Osciloscop Model 62,133,19,24.61,60.16,0.17
1714,Electronice,[Electronice] Modul Transmisie LoRa Model 21,131,11,144.17,287.85,0.452
1715,Hardware,Cheie Dinamometrica Model 16,4,19,245.1,526.19,0.489
1716,Perisabile,[Perisabile] Solutie Curatare Frane Model 69,29,15,254.41,448.1,0.221
1717,Electronice,[Electronice] Multimetru Analogic Model 98,44,16,141.63,187.94,0.311
1718,Electronice,[Electronice] Multimetru Analogic Model 34,21,16,30.15,65.73,0.119
1719,Hardware,Set Imbusuri Model 49,32,7,299.87,744.12,0.459
1720,Perisabile,[Perisabile] Spray Degripant Model 75,50,11,86.6,202.79,0.248
1721,Auto,Furtun Intercooler 2.0 TDI Model 24,108,14,85.4,202.41,0.287
1722,Auto,Furtun Intercooler 2.0 TDI Model 2,95,12,111.8,148.04,0.473
1723,Hardware,Trusa Tubulare Model 57,126,11,212.18,401.99,0.414
1724,Auto,Furtun Intercooler 2.0 TDI Model 35,126,5,285.59,359.17,0.115
1725,Hardware,Trusa Tubulare Model 75,11,7,222.66,435.32,0.091
1726,Electronice,[Electronice] Sursa Laborator Model 15,147,17,230.37,346.65,0.302
1727,Perisabile,[Perisabile] Spray Degripant Model 32,28,12,202.51,439.05,0.281
1728,Perisabile,[Perisabile] Spray Degripant Model 39,98,17,180.07,259.49,0.478
1729,Electronice,[Electronice] Osciloscop Model 80,45,15,252.77,455.59,0.277
1730,Auto,Set Placute Frana Model 66,12,18,236.33,382.44,0.226
1731,Auto,Furtun Intercooler 2.0 TDI Model 36,118,11,125.48,224.11,0.391
1732,Hardware,Set Imbusuri Model 88,68,5,130.11,189.61,0.367
1733,Perisabile,[Perisabile] Solutie Curatare Frane Model 52,78,10,280.72,488.4,0.467
1734,Hardware,Cheie Dinamometrica Model 79,113,10,273.96,352.3,0.043
1735,Hardware,Trusa Tubulare Model 9,8,5,17.85,27.89,0.482
1736,Hardware,Trusa Tubulare Model 2,52,17,210.82,450.48,0.366
1737,Electronice,[Electronice] Multimetru Analogic Model 23,74,9,123.49,206.16,0.08
1738,Auto,Furtun Intercooler 2.0 TDI Model 75,98,8,23.16,42.77,0.139
1739,Hardware,Incarcator Gaz Model 79,58,19,280.03,508.11,0.115
1740,Auto,Filtru Aer Model 78,43,20,161.54,312.81,0.425
1741,Hardware,Trusa Tubulare Model 52,122,11,139.02,177.05,0.424
1742,Auto,Filtru Aer Model 36,150,6,79.78,130.5,0.364
1743,Hardware,Trusa Tubulare Model 95,139,17,205.86,461.49,0.488
1744,Perisabile,[Perisabile] Solutie Curatare Frane Model 15,134,6,266.63,406.43,0.286
1745,Perisabile,[Perisabile] Adeziv Industrial Model 43,7,11,105.64,130.89,0.231
1746,Hardware,Cheie Dinamometrica Model 16,109,9,272.49,524.36,0.028
1747,Auto,Rulment Roata Fata Model 37,147,20,138.41,326.76,0.163
1748,Hardware,Trusa Tubulare Model 88,89,11,57.6,112.48,0.209
1749,Perisabile,[Perisabile] Spray Degripant Model 89,15,10,82.66,121.75,0.285
1750,Perisabile,[Perisabile] Solutie Curatare Frane Model 20,3,13,252.21,315.47,0.263
1751,Hardware,Cheie Dinamometrica Model 7,81,18,245.23,597.81,0.422
1752,Electronice,[Electronice] Osciloscop Model 68,61,7,77.2,138.51,0.479
1753,Electronice,[Electronice] Osciloscop Model 43,0,7,99.41,229.85,0.346
1754,Perisabile,[Perisabile] Solutie Curatare Frane Model 62,69,15,200.39,339.73,0.264
1755,Auto,Set Placute Frana Model 35,45,6,165.72,316.43,0.368
1756,Auto,Senzor Debitmetru Model 84,126,5,125.58,165.74,0.17
1757,Hardware,Trusa Tubulare Model 73,68,15,16.33,21.94,0.156
1758,Hardware,Cheie Dinamometrica Model 81,133,20,74.27,105.02,0.33
1759,Hardware,Cheie Dinamometrica Model 36,135,10,269.44,527.2,0.041
1760,Perisabile,[Perisabile] Solutie Curatare Frane Model 74,117,5,134.01,303.16,0.46
1761,Electronice,[Electronice] Multimetru Analogic Model 70,57,16,212.12,397.17,0.103
1762,Hardware,Incarcator Gaz Model 17,94,10,187.97,423.58,0.062
1763,Hardware,Set Imbusuri Model 64,65,6,243.87,371.33,0.194
1764,Hardware,Incarcator Gaz Model 48,73,12,179.71,391.13,0.078
1765,Perisabile,[Perisabile] Spray Degripant Model 67,128,5,223.29,376.68,0.105
1766,Electronice,[Electronice] Multimetru Analogic Model 46,66,6,101.49,185.84,0.049
1767,Electronice,[Electronice] Modul Transmisie LoRa Model 24,92,10,262.12,346.81,0.208
1768,Hardware,Incarcator Gaz Model 18,90,14,62.79,149.02,0.108
1769,Auto,Set Placute Frana Model 6,49,8,237.49,445.16,0.127
1770,Perisabile,[Perisabile] Spray Degripant Model 66,97,6,101.23,122.95,0.174
1771,Hardware,Incarcator Gaz Model 17,126,13,11.7,26.1,0.296
1772,Auto,Senzor Debitmetru Model 76,85,15,205.83,463.5,0.315
1773,Perisabile,[Perisabile] Solutie Curatare Frane Model 2,130,10,251.16,627.8,0.472
1774,Electronice,[Electronice] Modul Transmisie LoRa Model 77,12,8,193.16,400.38,0.158
1775,Electronice,[Electronice] Modul Transmisie LoRa Model 44,115,17,296.4,635.49,0.337
1776,Perisabile,[Perisabile] Solutie Curatare Frane Model 92,38,8,207.98,439.84,0.299
1777,Auto,Furtun Intercooler 2.0 TDI Model 29,77,19,209.95,411.84,0.245
1778,Perisabile,[Perisabile] Adeziv Industrial Model 13,121,18,192.58,272.46,0.407
1779,Perisabile,[Perisabile] Solutie Curatare Frane Model 64,121,8,264.77,602.88,0.383
1780,Electronice,[Electronice] Osciloscop Model 47,130,19,83.37,126.58,0.251
1781,Perisabile,[Perisabile] Solutie Curatare Frane Model 85,114,19,273.42,679.77,0.108
1782,Auto,Baterie 12V 70Ah Model 26,117,11,287.22,571.11,0.373
1783,Hardware,Trusa Tubulare Model 11,31,18,248.98,553.79,0.021
1784,Auto,Rulment Roata Fata Model 94,37,13,291.04,441.95,0.037
1785,Auto,Filtru Aer Model 8,91,5,277.4,357.0,0.331
1786,Hardware,Set Imbusuri Model 12,13,12,218.37,475.2,0.165
1787,Auto,Filtru Aer Model 37,130,7,91.65,149.64,0.096
1788,Auto,Furtun Intercooler 2.0 TDI Model 68,90,16,192.47,465.84,0.442
1789,Auto,Senzor Debitmetru Model 40,112,6,171.43,374.41,0.144
1790,Electronice,[Electronice] Osciloscop Model 71,98,5,269.35,403.45,0.347
1791,Perisabile,[Perisabile] Solutie Curatare Frane Model 15,130,6,168.8,278.59,0.467
1792,Electronice,[Electronice] Sursa Laborator Model 45,121,5,24.43,31.03,0.387
1793,Auto,Filtru Aer Model 40,100,10,133.69,327.74,0.208
1794,Hardware,Cheie Dinamometrica Model 9,83,19,74.45,93.29,0.126
1795,Electronice,[Electronice] Multimetru Analogic Model 97,27,16,82.57,103.92,0.107
1796,Electronice,[Electronice] Multimetru Analogic Model 18,136,5,299.64,513.77,0.156
1797,Auto,Baterie 12V 70Ah Model 38,106,16,249.14,513.63,0.227
1798,Hardware,Trusa Tubulare Model 75,112,10,65.76,131.91,0.174
1799,Hardware,Set Imbusuri Model 59,75,12,262.51,438.95,0.377
1800,Hardware,Set Imbusuri Model 25,13,10,148.5,203.91,0.256
1801,Perisabile,[Perisabile] Solutie Curatare Frane Model 85,114,16,252.73,561.48,0.208
1802,Electronice,[Electronice] Sursa Laborator Model 6,137,18,78.8,172.64,0.076
1803,Hardware,Set Imbusuri Model 40,4,8,39.96,95.55,0.371
1804,Hardware,Incarcator Gaz Model 64,18,12,62.53,103.56,0.095
1805,Perisabile,[Perisabile] Solutie Curatare Frane Model 55,74,14,130.23,217.5,0.48
1806,Perisabile,[Perisabile] Solutie Curatare Frane Model 86,86,20,136.84,231.13,0.093
1807,Hardware,Set Imbusuri Model 47,50,9,116.84,242.07,0.105
1808,Hardware,Trusa Tubulare Model 73,145,19,240.51,532.01,0.332
1809,Auto,Baterie 12V 70Ah Model 23,12,19,60.28,129.56,0.029
1810,Electronice,[Electronice] Osciloscop Model 39,90,20,78.52,122.39,0.113
1811,Perisabile,[Perisabile] Spray Degripant Model 78,50,5,146.19,300.26,0.073
1812,Hardware,Cheie Dinamometrica Model 84,16,10,296.62,544.69,0.018
1813,Auto,Rulment Roata Fata Model 99,105,19,66.2,113.06,0.203
1814,Electronice,[Electronice] Sursa Laborator Model 98,130,14,73.65,159.83,0.32
1815,Perisabile,[Perisabile] Spray Degripant Model 79,92,5,191.67,356.16,0.095
1816,Perisabile,[Perisabile] Solutie Curatare Frane Model 22,140,15,51.58,83.32,0.23
1817,Auto,Filtru Aer Model 86,71,6,33.95,65.5,0.135
1818,Hardware,Cheie Dinamometrica Model 22,115,14,16.99,33.9,0.06
1819,Hardware,Set Imbusuri Model 98,96,12,216.56,260.55,0.266
1820,Electronice,[Electronice] Modul Transmisie LoRa Model 68,116,17,112.06,161.29,0.196
1821,Perisabile,[Perisabile] Adeziv Industrial Model 63,144,7,170.42,272.32,0.292
1822,Electronice,[Electronice] Multimetru Analogic Model 74,16,15,36.44,87.52,0.45
1823,Auto,Baterie 12V 70Ah Model 15,68,5,256.11,422.63,0.435
1824,Auto,Furtun Intercooler 2.0 TDI Model 27,136,7,62.85,139.03,0.422
1825,Perisabile,[Perisabile] Solutie Curatare Frane Model 20,116,14,152.3,258.5,0.368
1826,Hardware,Incarcator Gaz Model 38,123,9,267.02,527.57,0.447
1827,Auto,Rulment Roata Fata Model 2,13,20,164.39,350.62,0.27
1828,Auto,Senzor Debitmetru Model 54,116,6,172.51,375.88,0.424
1829,Electronice,[Electronice] Sursa Laborator Model 58,21,9,293.56,494.29,0.3
1830,Electronice,[Electronice] Sursa Laborator Model 79,130,8,47.16,66.12,0.27
1831,Perisabile,[Perisabile] Adeziv Industrial Model 9,25,17,256.67,624.56,0.056
1832,Hardware,Trusa Tubulare Model 12,17,11,128.91,231.19,0.289
1833,Electronice,[Electronice] Osciloscop Model 15,75,8,167.28,330.47,0.347
1834,Hardware,Cheie Dinamometrica Model 9,146,15,13.12,32.44,0.413
1835,Electronice,[Electronice] Osciloscop Model 2,105,18,285.02,344.8,0.111
1836,Hardware,Trusa Tubulare Model 1,109,12,271.92,645.13,0.082
1837,Electronice,[Electronice] Sursa Laborator Model 36,148,15,66.93,131.12,0.417
1838,Auto,Senzor Debitmetru Model 41,133,11,177.37,218.96,0.369
1839,Hardware,Cheie Dinamometrica Model 22,1,6,73.56,152.36,0.265
1840,Electronice,[Electronice] Modul Transmisie LoRa Model 46,135,8,171.77,314.83,0.34
1841,Hardware,Cheie Dinamometrica Model 39,61,6,55.38,135.22,0.328
1842,Electronice,[Electronice] Modul Transmisie LoRa Model 61,8,13,299.88,453.24,0.482
1843,Auto,Rulment Roata Fata Model 76,102,14,20.07,39.11,0.214
1844,Auto,Furtun Intercooler 2.0 TDI Model 41,8,8,163.13,392.44,0.284
1845,Electronice,[Electronice] Modul Transmisie LoRa Model 59,145,19,223.48,316.9,0.02
1846,Hardware,Cheie Dinamometrica Model 81,73,6,117.74,289.83,0.249
1847,Auto,Filtru Aer Model 96,94,18,161.22,291.34,0.273
1848,Perisabile,[Perisabile] Adeziv Industrial Model 64,20,7,116.06,223.9,0.438
1849,Auto,Senzor Debitmetru Model 51,0,18,97.85,134.0,0.347
1850,Auto,Rulment Roata Fata Model 38,95,8,85.83,153.58,0.28
1851,Auto,Rulment Roata Fata Model 86,11,14,90.81,151.5,0.043
1852,Perisabile,[Perisabile] Adeziv Industrial Model 36,2,17,141.58,169.94,0.115
1853,Perisabile,[Perisabile] Adeziv Industrial Model 64,105,19,234.94,397.5,0.322
1854,Electronice,[Electronice] Osciloscop Model 74,22,19,20.24,43.01,0.484
1855,Auto,Baterie 12V 70Ah Model 29,26,18,14.65,36.35,0.441
1856,Electronice,[Electronice] Osciloscop Model 91,18,5,284.33,608.15,0.224
1857,Auto,Filtru Aer Model 67,27,8,200.59,498.03,0.427
1858,Perisabile,[Perisabile] Adeziv Industrial Model 26,22,19,64.57,156.54,0.075
1859,Auto,Furtun Intercooler 2.0 TDI Model 43,27,11,189.49,400.17,0.146
1860,Auto,Filtru Aer Model 12,95,20,129.77,319.94,0.011
1861,Auto,Senzor Debitmetru Model 94,68,15,175.67,411.54,0.424
1862,Perisabile,[Perisabile] Adeziv Industrial Model 17,83,12,203.77,268.9,0.332
1863,Perisabile,[Perisabile] Adeziv Industrial Model 50,100,7,46.55,95.8,0.041
1864,Perisabile,[Perisabile] Adeziv Industrial Model 66,89,9,297.33,483.94,0.349
1865,Electronice,[Electronice] Sursa Laborator Model 90,64,9,295.1,722.72,0.261
1866,Perisabile,[Perisabile] Adeziv Industrial Model 65,145,8,46.35,55.93,0.357
1867,Auto,Furtun Intercooler 2.0 TDI Model 86,92,18,244.88,587.65,0.196
1868,Hardware,Trusa Tubulare Model 89,18,8,235.45,443.04,0.221
1869,Auto,Baterie 12V 70Ah Model 71,43,19,232.75,534.18,0.014
1870,Electronice,[Electronice] Sursa Laborator Model 6,93,20,241.66,557.93,0.26
1871,Electronice,[Electronice] Osciloscop Model 23,47,15,51.35,68.7,0.116
1872,Auto,Filtru Aer Model 10,25,10,166.41,235.42,0.422
1873,Electronice,[Electronice] Multimetru Analogic Model 10,88,11,208.62,499.39,0.358
1874,Auto,Baterie 12V 70Ah Model 41,34,10,299.67,453.48,0.091
1875,Hardware,Set Imbusuri Model 48,89,20,32.88,46.71,0.478
1876,Hardware,Cheie Dinamometrica Model 23,135,16,85.55,109.54,0.133
1877,Auto,Senzor Debitmetru Model 13,133,8,64.6,133.67,0.317
1878,Electronice,[Electronice] Sursa Laborator Model 89,6,9,234.07,516.29,0.472
1879,Auto,Senzor Debitmetru Model 75,60,7,192.82,264.33,0.276
1880,Electronice,[Electronice] Modul Transmisie LoRa Model 11,82,15,164.41,230.41,0.11
1881,Electronice,[Electronice] Multimetru Analogic Model 50,3,8,267.82,325.92,0.206
1882,Auto,Set Placute Frana Model 48,71,9,35.32,49.48,0.176
1883,Hardware,Set Imbusuri Model 18,63,6,38.98,72.38,0.207
1884,Perisabile,[Perisabile] Solutie Curatare Frane Model 30,34,17,169.2,212.75,0.222
1885,Hardware,Cheie Dinamometrica Model 78,11,14,79.01,166.96,0.487
1886,Electronice,[Electronice] Sursa Laborator Model 43,52,9,127.28,248.5,0.383
1887,Electronice,[Electronice] Sursa Laborator Model 90,141,5,239.03,563.77,0.411
1888,Auto,Baterie 12V 70Ah Model 2,94,14,178.52,223.56,0.458
1889,Auto,Set Placute Frana Model 36,35,16,101.74,251.11,0.325
1890,Hardware,Set Imbusuri Model 83,34,18,248.69,466.4,0.309
1891,Electronice,[Electronice] Sursa Laborator Model 97,60,20,179.26,401.31,0.49
1892,Auto,Rulment Roata Fata Model 44,84,17,210.15,433.78,0.212
1893,Auto,Senzor Debitmetru Model 98,27,13,160.3,296.53,0.152
1894,Perisabile,[Perisabile] Solutie Curatare Frane Model 92,141,14,137.11,210.63,0.091
1895,Electronice,[Electronice] Sursa Laborator Model 94,0,19,158.58,377.86,0.147
1896,Perisabile,[Perisabile] Solutie Curatare Frane Model 24,30,20,43.96,59.14,0.497
1897,Electronice,[Electronice] Sursa Laborator Model 45,72,13,144.18,307.64,0.304
1898,Hardware,Set Imbusuri Model 32,126,14,156.88,231.93,0.193
1899,Electronice,[Electronice] Sursa Laborator Model 83,50,6,22.55,37.06,0.211
1900,Auto,Filtru Aer Model 33,88,5,295.93,360.39,0.269
1901,Auto,Baterie 12V 70Ah Model 96,105,13,282.59,667.01,0.172
1902,Electronice,[Electronice] Osciloscop Model 75,9,15,102.02,195.14,0.48
1903,Electronice,[Electronice] Sursa Laborator Model 47,41,19,17.11,35.43,0.209
1904,Hardware,Incarcator Gaz Model 74,20,9,182.31,331.59,0.197
1905,Auto,Baterie 12V 70Ah Model 56,3,11,232.01,487.47,0.289
1906,Perisabile,[Perisabile] Solutie Curatare Frane Model 88,133,8,251.56,547.88,0.326
1907,Hardware,Incarcator Gaz Model 42,16,7,101.07,219.7,0.26
1908,Hardware,Cheie Dinamometrica Model 95,21,13,101.54,228.99,0.157
1909,Perisabile,[Perisabile] Solutie Curatare Frane Model 93,15,10,236.04,362.61,0.302
1910,Perisabile,[Perisabile] Adeziv Industrial Model 66,120,9,277.15,669.0,0.217
1911,Perisabile,[Perisabile] Spray Degripant Model 73,25,10,267.67,367.05,0.232
1912,Perisabile,[Perisabile] Adeziv Industrial Model 3,140,7,284.87,387.75,0.132
1913,Hardware,Trusa Tubulare Model 62,106,7,267.15,435.8,0.489
1914,Hardware,Trusa Tubulare Model 9,60,17,254.81,505.68,0.184
1915,Hardware,Trusa Tubulare Model 60,22,19,215.97,411.67,0.407
1916,Perisabile,[Perisabile] Adeziv Industrial Model 94,74,10,299.96,566.58,0.143
1917,Auto,Set Placute Frana Model 5,50,11,74.94,168.47,0.224
1918,Electronice,[Electronice] Multimetru Analogic Model 72,43,5,78.49,117.83,0.126
1919,Hardware,Incarcator Gaz Model 70,84,10,213.18,521.48,0.181
1920,Auto,Senzor Debitmetru Model 96,78,8,181.83,385.5,0.195
1921,Perisabile,[Perisabile] Adeziv Industrial Model 44,11,5,228.16,480.46,0.167
1922,Electronice,[Electronice] Osciloscop Model 28,69,9,33.26,58.61,0.395
1923,Hardware,Trusa Tubulare Model 23,77,19,241.26,459.22,0.139
1924,Perisabile,[Perisabile] Solutie Curatare Frane Model 17,140,9,55.14,122.08,0.3
1925,Auto,Rulment Roata Fata Model 60,5,19,84.21,140.56,0.371
1926,Electronice,[Electronice] Multimetru Analogic Model 78,35,9,187.37,246.99,0.349
1927,Electronice,[Electronice] Modul Transmisie LoRa Model 79,107,5,21.74,44.05,0.186
1928,Perisabile,[Perisabile] Solutie Curatare Frane Model 70,18,7,140.03,341.19,0.125
1929,Auto,Furtun Intercooler 2.0 TDI Model 84,56,5,240.85,397.03,0.446
1930,Auto,Filtru Aer Model 21,53,5,80.29,194.11,0.373
1931,Perisabile,[Perisabile] Adeziv Industrial Model 19,44,5,10.14,16.72,0.148
1932,Auto,Filtru Aer Model 96,113,6,195.6,354.2,0.399
1933,Hardware,Set Imbusuri Model 83,12,14,248.87,594.91,0.222
1934,Hardware,Set Imbusuri Model 69,69,15,214.64,404.06,0.418
1935,Perisabile,[Perisabile] Solutie Curatare Frane Model 91,86,17,268.24,640.35,0.246
1936,Perisabile,[Perisabile] Solutie Curatare Frane Model 98,21,14,237.96,496.61,0.068
1937,Auto,Furtun Intercooler 2.0 TDI Model 13,68,15,215.67,373.54,0.189
1938,Electronice,[Electronice] Sursa Laborator Model 87,30,19,111.83,203.16,0.222
1939,Electronice,[Electronice] Multimetru Analogic Model 42,117,19,294.13,540.05,0.209
1940,Perisabile,[Perisabile] Spray Degripant Model 94,60,17,112.41,248.25,0.415
1941,Perisabile,[Perisabile] Spray Degripant Model 42,81,18,36.49,88.6,0.056
1942,Auto,Furtun Intercooler 2.0 TDI Model 5,52,9,252.66,574.7,0.055
1943,Auto,Baterie 12V 70Ah Model 94,149,5,230.51,302.57,0.13
1944,Perisabile,[Perisabile] Adeziv Industrial Model 67,128,9,273.58,529.53,0.14
1945,Perisabile,[Perisabile] Adeziv Industrial Model 31,60,6,221.47,274.37,0.213
1946,Electronice,[Electronice] Osciloscop Model 21,141,13,192.37,261.29,0.438
1947,Hardware,Cheie Dinamometrica Model 87,47,13,44.71,103.94,0.125
1948,Electronice,[Electronice] Osciloscop Model 62,25,15,23.85,54.84,0.391
1949,Hardware,Cheie Dinamometrica Model 96,85,12,249.27,346.62,0.318
1950,Hardware,Incarcator Gaz Model 46,65,7,13.77,18.2,0.077
1951,Hardware,Trusa Tubulare Model 75,54,13,198.08,344.7,0.341
1952,Perisabile,[Perisabile] Adeziv Industrial Model 28,56,6,38.39,62.23,0.482
1953,Perisabile,[Perisabile] Spray Degripant Model 6,4,12,244.4,524.89,0.232
1954,Perisabile,[Perisabile] Solutie Curatare Frane Model 47,40,16,220.04,425.49,0.188
1955,Auto,Senzor Debitmetru Model 31,76,8,91.21,160.78,0.283
1956,Perisabile,[Perisabile] Adeziv Industrial Model 74,137,19,75.77,99.5,0.465
1957,Auto,Set Placute Frana Model 95,139,15,255.84,548.85,0.426
1958,Electronice,[Electronice] Sursa Laborator Model 17,47,19,256.61,571.14,0.161
1959,Electronice,[Electronice] Multimetru Analogic Model 31,34,7,19.63,27.82,0.203
1960,Perisabile,[Perisabile] Adeziv Industrial Model 94,39,15,297.54,498.89,0.097
1961,Auto,Furtun Intercooler 2.0 TDI Model 33,102,20,274.21,575.33,0.271
1962,Auto,Furtun Intercooler 2.0 TDI Model 25,89,12,178.15,232.24,0.499
1963,Perisabile,[Perisabile] Adeziv Industrial Model 14,47,14,158.32,209.38,0.114
1964,Hardware,Cheie Dinamometrica Model 19,43,12,266.6,582.94,0.472
1965,Auto,Baterie 12V 70Ah Model 38,127,9,40.33,91.43,0.391
1966,Hardware,Incarcator Gaz Model 48,103,9,254.24,323.04,0.338
1967,Electronice,[Electronice] Sursa Laborator Model 23,91,13,75.88,160.35,0.138
1968,Auto,Furtun Intercooler 2.0 TDI Model 42,8,14,157.87,319.1,0.079
1969,Electronice,[Electronice] Multimetru Analogic Model 49,54,20,65.08,135.7,0.151
1970,Hardware,Incarcator Gaz Model 9,140,16,33.15,72.79,0.116
1971,Perisabile,[Perisabile] Solutie Curatare Frane Model 54,103,16,84.05,193.83,0.162
1972,Hardware,Trusa Tubulare Model 26,73,14,54.43,84.94,0.099
1973,Auto,Baterie 12V 70Ah Model 15,2,11,117.46,207.33,0.361
1974,Perisabile,[Perisabile] Spray Degripant Model 94,75,19,205.18,279.96,0.343
1975,Hardware,Set Imbusuri Model 73,125,11,15.24,28.63,0.166
1976,Hardware,Incarcator Gaz Model 81,98,17,116.23,178.65,0.373
1977,Perisabile,[Perisabile] Adeziv Industrial Model 88,30,17,30.24,40.75,0.386
1978,Hardware,Incarcator Gaz Model 21,96,20,59.42,121.11,0.322
1979,Electronice,[Electronice] Sursa Laborator Model 66,22,14,208.98,441.91,0.276
1980,Hardware,Cheie Dinamometrica Model 59,125,7,250.72,519.9,0.089
1981,Perisabile,[Perisabile] Spray Degripant Model 83,55,20,163.96,350.54,0.309
1982,Perisabile,[Perisabile] Solutie Curatare Frane Model 51,116,6,88.28,139.6,0.244
1983,Auto,Set Placute Frana Model 54,3,5,12.31,22.3,0.499
1984,Auto,Filtru Aer Model 6,113,18,115.21,224.48,0.122
1985,Auto,Filtru Aer Model 88,55,6,31.45,49.39,0.172
1986,Auto,Senzor Debitmetru Model 23,83,6,277.71,689.04,0.448
1987,Perisabile,[Perisabile] Adeziv Industrial Model 3,17,10,18.47,45.41,0.431
1988,Auto,Filtru Aer Model 16,128,15,117.61,173.59,0.483
1989,Perisabile,[Perisabile] Spray Degripant Model 1,16,9,37.96,64.45,0.212
1990,Perisabile,[Perisabile] Solutie Curatare Frane Model 78,129,8,10.0,16.8,0.463
1991,Auto,Set Placute Frana Model 19,65,12,52.27,111.84,0.124
1992,Auto,Filtru Aer Model 20,128,12,251.17,322.49,0.297
1993,Perisabile,[Perisabile] Adeziv Industrial Model 40,124,13,39.93,86.48,0.123
1994,Electronice,[Electronice] Modul Transmisie LoRa Model 33,58,15,66.94,152.64,0.427
1995,Electronice,[Electronice] Sursa Laborator Model 26,104,7,140.64,295.65,0.216
1996,Perisabile,[Perisabile] Adeziv Industrial Model 60,17,18,141.24,189.62,0.079
1997,Electronice,[Electronice] Modul Transmisie LoRa Model 62,123,8,65.23,127.27,0.027
1998,Perisabile,[Perisabile] Adeziv Industrial Model 42,147,14,43.95,105.86,0.437
1999,Electronice,[Electronice] Sursa Laborator Model 52,10,10,158.94,310.1,0.189
2000,Auto,Baterie 12V 70Ah Model 60,7,9,129.74,212.62,0.051
2001,Hardware,Cheie Dinamometrica Model 58,24,7,50.61,79.77,0.315
2002,Hardware,Cheie Dinamometrica Model 65,101,16,187.78,261.8,0.123
2003,Perisabile,[Perisabile] Solutie Curatare Frane Model 97,50,12,63.07,134.04,0.295
2004,Perisabile,[Perisabile] Solutie Curatare Frane Model 96,143,6,155.1,318.1,0.234
2005,Auto,Rulment Roata Fata Model 5,66,15,58.51,74.72,0.257
2006,Auto,Senzor Debitmetru Model 56,130,18,241.8,466.77,0.184
2007,Hardware,Trusa Tubulare Model 31,61,6,247.98,487.29,0.482
2008,Electronice,[Electronice] Sursa Laborator Model 44,39,18,286.95,372.2,0.414
2009,Hardware,Incarcator Gaz Model 49,98,14,27.94,52.64,0.366
2010,Hardware,Incarcator Gaz Model 89,133,13,227.59,382.44,0.413
2011,Electronice,[Electronice] Modul Transmisie LoRa Model 57,93,7,282.38,692.66,0.307
2012,Perisabile,[Perisabile] Adeziv Industrial Model 78,102,18,235.96,521.49,0.449
2013,Auto,Set Placute Frana Model 85,125,6,42.12,62.96,0.362
2014,Auto,Baterie 12V 70Ah Model 26,62,15,22.77,36.55,0.438
2015,Electronice,[Electronice] Sursa Laborator Model 63,28,11,200.14,306.44,0.343
2016,Electronice,[Electronice] Sursa Laborator Model 88,36,8,138.86,319.17,0.32
2017,Hardware,Incarcator Gaz Model 84,4,11,161.21,358.37,0.346
2018,Auto,Set Placute Frana Model 54,90,15,298.63,540.57,0.441
2019,Auto,Filtru Aer Model 71,10,9,258.21,447.29,0.158
2020,Perisabile,[Perisabile] Spray Degripant Model 93,150,18,249.05,610.55,0.329
2021,Hardware,Set Imbusuri Model 59,119,17,48.98,96.81,0.396
2022,Auto,Filtru Aer Model 45,31,10,67.28,108.79,0.212
2023,Auto,Rulment Roata Fata Model 61,63,11,260.78,540.64,0.085
2024,Auto,Furtun Intercooler 2.0 TDI Model 17,121,9,32.14,67.98,0.376
2025,Auto,Rulment Roata Fata Model 59,12,7,153.35,331.78,0.395
2026,Hardware,Incarcator Gaz Model 37,23,7,160.12,255.16,0.406
2027,Auto,Set Placute Frana Model 57,82,8,201.37,322.65,0.065
2028,Electronice,[Electronice] Sursa Laborator Model 96,23,11,132.95,199.94,0.357
2029,Electronice,[Electronice] Modul Transmisie LoRa Model 2,116,15,31.04,38.16,0.472
2030,Electronice,[Electronice] Multimetru Analogic Model 50,5,8,47.77,95.37,0.116
2031,Electronice,[Electronice] Sursa Laborator Model 32,20,11,53.89,97.07,0.378
2032,Hardware,Trusa Tubulare Model 48,130,12,211.58,353.44,0.365
2033,Perisabile,[Perisabile] Spray Degripant Model 31,66,14,280.53,516.66,0.126
2034,Electronice,[Electronice] Sursa Laborator Model 73,97,9,147.89,271.66,0.478
2035,Hardware,Trusa Tubulare Model 79,80,9,157.73,388.46,0.48
2036,Hardware,Set Imbusuri Model 38,15,17,246.53,612.77,0.26
2037,Perisabile,[Perisabile] Adeziv Industrial Model 21,18,18,296.74,716.77,0.173
2038,Electronice,[Electronice] Multimetru Analogic Model 22,125,5,172.9,398.84,0.244
2039,Hardware,Set Imbusuri Model 40,128,16,27.22,67.42,0.208
2040,Auto,Senzor Debitmetru Model 5,63,11,277.53,532.09,0.018
2041,Auto,Senzor Debitmetru Model 38,88,7,203.92,497.7,0.325
2042,Perisabile,[Perisabile] Adeziv Industrial Model 53,8,10,64.57,139.94,0.365
2043,Electronice,[Electronice] Sursa Laborator Model 60,24,20,200.67,500.37,0.224
2044,Perisabile,[Perisabile] Spray Degripant Model 39,122,16,227.02,549.34,0.229
2045,Perisabile,[Perisabile] Spray Degripant Model 56,16,12,120.16,261.91,0.063
2046,Electronice,[Electronice] Osciloscop Model 7,49,11,299.06,467.83,0.384
2047,Electronice,[Electronice] Osciloscop Model 55,29,11,125.91,243.62,0.321
2048,Electronice,[Electronice] Modul Transmisie LoRa Model 85,38,17,266.98,506.46,0.08
2049,Auto,Filtru Aer Model 4,51,12,46.4,99.14,0.441
2050,Auto,Filtru Aer Model 67,70,6,210.08,462.47,0.403
2051,Auto,Rulment Roata Fata Model 48,26,8,74.37,166.04,0.308
2052,Electronice,[Electronice] Modul Transmisie LoRa Model 52,104,16,112.62,238.53,0.054
2053,Electronice,[Electronice] Modul Transmisie LoRa Model 85,129,11,56.03,75.45,0.495
2054,Perisabile,[Perisabile] Solutie Curatare Frane Model 44,119,16,54.25,115.59,0.2
2055,Auto,Rulment Roata Fata Model 12,87,7,275.17,650.09,0.284
2056,Electronice,[Electronice] Multimetru Analogic Model 66,30,19,130.21,286.46,0.036
2057,Perisabile,[Perisabile] Spray Degripant Model 42,20,15,37.23,48.59,0.4
2058,Auto,Rulment Roata Fata Model 54,20,8,147.59,226.17,0.318
2059,Auto,Filtru Aer Model 63,68,15,125.42,171.21,0.317
2060,Perisabile,[Perisabile] Adeziv Industrial Model 37,50,20,205.8,443.08,0.449
2061,Hardware,Trusa Tubulare Model 80,104,19,249.33,593.84,0.106
2062,Hardware,Incarcator Gaz Model 32,96,6,51.91,78.51,0.278
2063,Hardware,Trusa Tubulare Model 58,108,15,160.18,276.35,0.28
2064,Hardware,Set Imbusuri Model 41,69,15,255.59,523.78,0.467
2065,Auto,Rulment Roata Fata Model 73,65,10,162.61,331.2,0.375
2066,Perisabile,[Perisabile] Spray Degripant Model 79,86,18,47.74,111.1,0.427
2067,Auto,Filtru Aer Model 6,116,14,280.65,636.73,0.412
2068,Auto,Rulment Roata Fata Model 8,64,16,200.64,340.98,0.091
2069,Electronice,[Electronice] Multimetru Analogic Model 7,81,12,271.95,393.63,0.383
2070,Auto,Senzor Debitmetru Model 26,109,13,204.12,477.55,0.202
2071,Perisabile,[Perisabile] Solutie Curatare Frane Model 48,147,13,72.73,141.63,0.369
2072,Auto,Rulment Roata Fata Model 63,109,12,113.62,192.69,0.39
2073,Auto,Filtru Aer Model 23,34,11,109.47,214.39,0.426
2074,Electronice,[Electronice] Modul Transmisie LoRa Model 30,150,5,134.51,175.43,0.25
2075,Perisabile,[Perisabile] Solutie Curatare Frane Model 94,123,11,116.86,234.59,0.161
2076,Auto,Baterie 12V 70Ah Model 97,74,19,116.55,225.9,0.165
2077,Hardware,Trusa Tubulare Model 31,138,6,192.97,367.8,0.407
2078,Electronice,[Electronice] Osciloscop Model 10,133,8,197.35,418.03,0.45
2079,Electronice,[Electronice] Osciloscop Model 47,136,17,39.08,92.28,0.475
2080,Auto,Senzor Debitmetru Model 58,30,12,191.76,404.94,0.216
2081,Perisabile,[Perisabile] Spray Degripant Model 91,11,19,88.58,215.24,0.425
2082,Electronice,[Electronice] Modul Transmisie LoRa Model 23,47,18,261.68,570.46,0.435
2083,Auto,Set Placute Frana Model 78,3,12,291.09,351.92,0.46
2084,Hardware,Set Imbusuri Model 84,142,11,173.12,366.15,0.174
2085,Electronice,[Electronice] Modul Transmisie LoRa Model 88,39,13,48.88,64.12,0.341
2086,Auto,Furtun Intercooler 2.0 TDI Model 47,50,6,282.9,667.41,0.299
2087,Electronice,[Electronice] Osciloscop Model 39,114,8,255.47,416.25,0.437
2088,Hardware,Cheie Dinamometrica Model 44,8,12,202.43,319.15,0.286
2089,Auto,Furtun Intercooler 2.0 TDI Model 73,121,5,28.42,52.6,0.257
2090,Auto,Rulment Roata Fata Model 75,16,9,133.88,289.4,0.04
2091,Hardware,Set Imbusuri Model 53,92,14,271.06,533.52,0.222
2092,Electronice,[Electronice] Multimetru Analogic Model 19,13,7,58.53,83.6,0.041
2093,Electronice,[Electronice] Multimetru Analogic Model 46,60,19,92.07,164.62,0.072
2094,Electronice,[Electronice] Multimetru Analogic Model 42,16,16,117.6,178.7,0.379
2095,Hardware,Set Imbusuri Model 69,38,17,246.0,369.52,0.476
2096,Auto,Senzor Debitmetru Model 8,122,6,225.59,396.29,0.38
2097,Perisabile,[Perisabile] Adeziv Industrial Model 4,26,19,249.69,509.71,0.113
2098,Perisabile,[Perisabile] Adeziv Industrial Model 74,113,10,266.53,604.69,0.49
2099,Perisabile,[Perisabile] Adeziv Industrial Model 26,139,10,108.75,238.34,0.452
2100,Electronice,[Electronice] Multimetru Analogic Model 9,18,17,62.16,100.83,0.49
2101,Hardware,Set Imbusuri Model 32,94,9,166.35,317.62,0.475
2102,Electronice,[Electronice] Sursa Laborator Model 36,123,11,49.86,106.21,0.252
2103,Perisabile,[Perisabile] Adeziv Industrial Model 9,150,13,203.23,416.47,0.399
2104,Auto,Filtru Aer Model 13,140,17,282.67,699.92,0.042
2105,Hardware,Trusa Tubulare Model 69,70,20,203.27,386.34,0.056
2106,Perisabile,[Perisabile] Solutie Curatare Frane Model 53,58,6,272.09,478.06,0.264
2107,Hardware,Set Imbusuri Model 86,113,17,243.49,456.06,0.288
2108,Electronice,[Electronice] Modul Transmisie LoRa Model 80,4,9,225.52,353.32,0.488
2109,Electronice,[Electronice] Osciloscop Model 81,133,17,190.56,288.06,0.202
2110,Electronice,[Electronice] Sursa Laborator Model 73,13,11,217.38,386.76,0.203
2111,Hardware,Cheie Dinamometrica Model 14,46,7,202.06,452.7,0.329
2112,Hardware,Trusa Tubulare Model 95,62,18,149.31,230.7,0.03
2113,Auto,Filtru Aer Model 21,150,20,78.48,147.17,0.372
2114,Perisabile,[Perisabile] Adeziv Industrial Model 52,37,19,101.3,151.95,0.262
2115,Auto,Filtru Aer Model 29,29,12,58.21,134.54,0.045
2116,Perisabile,[Perisabile] Adeziv Industrial Model 87,114,7,35.79,77.68,0.057
2117,Perisabile,[Perisabile] Adeziv Industrial Model 94,10,20,260.73,423.59,0.072
2118,Electronice,[Electronice] Osciloscop Model 92,30,19,174.4,280.9,0.278
2119,Auto,Set Placute Frana Model 35,9,11,13.32,31.71,0.324
2120,Electronice,[Electronice] Sursa Laborator Model 46,93,6,40.5,92.39,0.284
2121,Perisabile,[Perisabile] Adeziv Industrial Model 76,95,9,128.88,189.26,0.269
2122,Perisabile,[Perisabile] Spray Degripant Model 67,13,16,68.28,139.71,0.43
2123,Hardware,Incarcator Gaz Model 56,102,14,58.05,78.43,0.173
2124,Auto,Furtun Intercooler 2.0 TDI Model 75,19,17,182.82,386.49,0.112
2125,Perisabile,[Perisabile] Solutie Curatare Frane Model 25,71,15,25.72,57.35,0.254
2126,Perisabile,[Perisabile] Adeziv Industrial Model 53,90,19,37.07,76.0,0.062
2127,Hardware,Trusa Tubulare Model 22,120,19,22.55,28.85,0.434
2128,Perisabile,[Perisabile] Spray Degripant Model 98,92,7,95.95,162.02,0.431
2129,Electronice,[Electronice] Multimetru Analogic Model 30,125,10,108.56,137.23,0.275
2130,Perisabile,[Perisabile] Adeziv Industrial Model 81,44,18,215.1,394.22,0.446
2131,Perisabile,[Perisabile] Spray Degripant Model 97,147,20,82.98,114.14,0.392
2132,Hardware,Set Imbusuri Model 1,129,6,188.45,245.92,0.305
2133,Hardware,Set Imbusuri Model 90,135,7,248.46,299.72,0.166
2134,Perisabile,[Perisabile] Adeziv Industrial Model 38,101,17,84.3,132.42,0.247
2135,Perisabile,[Perisabile] Spray Degripant Model 76,84,10,246.89,492.8,0.387
2136,Perisabile,[Perisabile] Spray Degripant Model 58,64,10,289.37,572.03,0.435
2137,Perisabile,[Perisabile] Adeziv Industrial Model 99,143,12,265.79,551.05,0.112
2138,Auto,Filtru Aer Model 86,73,14,63.39,123.84,0.331
2139,Auto,Set Placute Frana Model 18,58,11,160.4,278.98,0.083
2140,Electronice,[Electronice] Modul Transmisie LoRa Model 89,87,7,187.66,279.13,0.242
2141,Hardware,Trusa Tubulare Model 15,109,11,144.78,257.7,0.092
2142,Auto,Furtun Intercooler 2.0 TDI Model 64,42,7,108.07,129.96,0.448
2143,Perisabile,[Perisabile] Solutie Curatare Frane Model 73,109,5,210.32,524.13,0.222
2144,Perisabile,[Perisabile] Solutie Curatare Frane Model 31,69,16,12.11,25.09,0.311
2145,Hardware,Set Imbusuri Model 57,74,20,285.67,408.57,0.228
2146,Perisabile,[Perisabile] Adeziv Industrial Model 91,32,11,10.45,15.6,0.187
2147,Auto,Set Placute Frana Model 2,37,18,48.17,95.18,0.199
2148,Electronice,[Electronice] Sursa Laborator Model 13,68,7,222.64,429.28,0.362
2149,Perisabile,[Perisabile] Solutie Curatare Frane Model 77,13,15,83.15,188.34,0.082
2150,Perisabile,[Perisabile] Spray Degripant Model 17,16,5,230.01,519.16,0.26
2151,Hardware,Incarcator Gaz Model 69,101,16,42.55,100.45,0.391
2152,Electronice,[Electronice] Multimetru Analogic Model 26,38,8,74.46,104.68,0.046
2153,Hardware,Incarcator Gaz Model 50,80,8,288.25,714.04,0.329
2154,Auto,Furtun Intercooler 2.0 TDI Model 69,136,18,270.19,602.29,0.037
2155,Electronice,[Electronice] Multimetru Analogic Model 76,115,13,77.41,143.3,0.129
2156,Hardware,Set Imbusuri Model 5,29,20,243.89,464.01,0.449
2157,Electronice,[Electronice] Modul Transmisie LoRa Model 20,131,12,49.15,62.57,0.098
2158,Hardware,Set Imbusuri Model 33,131,15,175.82,405.53,0.371
2159,Perisabile,[Perisabile] Solutie Curatare Frane Model 92,79,16,129.25,177.32,0.195
2160,Electronice,[Electronice] Osciloscop Model 14,30,17,255.4,441.13,0.483
2161,Hardware,Incarcator Gaz Model 3,118,19,163.5,383.48,0.072
2162,Perisabile,[Perisabile] Spray Degripant Model 24,12,8,49.46,84.15,0.183
2163,Auto,Set Placute Frana Model 6,116,20,155.8,189.83,0.469
2164,Perisabile,[Perisabile] Adeziv Industrial Model 3,130,6,69.21,143.33,0.296
2165,Perisabile,[Perisabile] Spray Degripant Model 63,149,15,116.0,200.93,0.419
2166,Hardware,Incarcator Gaz Model 50,138,9,168.62,369.75,0.233
2167,Electronice,[Electronice] Modul Transmisie LoRa Model 7,145,6,209.72,338.78,0.378
2168,Hardware,Trusa Tubulare Model 36,89,12,217.12,272.63,0.332
2169,Perisabile,[Perisabile] Solutie Curatare Frane Model 43,142,13,31.85,77.5,0.185
2170,Auto,Filtru Aer Model 85,15,9,243.75,399.46,0.474
2171,Perisabile,[Perisabile] Spray Degripant Model 48,5,9,277.58,348.44,0.36
2172,Electronice,[Electronice] Multimetru Analogic Model 42,70,6,108.51,135.37,0.289
2173,Perisabile,[Perisabile] Adeziv Industrial Model 33,26,15,139.3,307.84,0.267
2174,Electronice,[Electronice] Osciloscop Model 12,48,6,218.02,454.77,0.096
2175,Hardware,Set Imbusuri Model 99,96,12,217.67,332.88,0.392
2176,Electronice,[Electronice] Sursa Laborator Model 89,138,20,99.54,229.73,0.011
2177,Electronice,[Electronice] Multimetru Analogic Model 37,36,15,74.03,160.74,0.305
2178,Perisabile,[Perisabile] Adeziv Industrial Model 96,71,7,20.14,44.59,0.164
2179,Perisabile,[Perisabile] Solutie Curatare Frane Model 23,69,20,38.39,57.38,0.4
2180,Hardware,Set Imbusuri Model 74,61,14,281.27,635.72,0.5
2181,Electronice,[Electronice] Osciloscop Model 77,42,20,74.54,120.81,0.075
2182,Electronice,[Electronice] Modul Transmisie LoRa Model 75,48,12,217.3,398.95,0.35
2183,Electronice,[Electronice] Osciloscop Model 85,148,17,156.32,228.02,0.276
2184,Electronice,[Electronice] Osciloscop Model 55,19,15,227.66,378.12,0.28
2185,Auto,Filtru Aer Model 15,26,9,88.1,110.89,0.344
2186,Auto,Senzor Debitmetru Model 85,114,8,131.72,302.78,0.121
2187,Perisabile,[Perisabile] Solutie Curatare Frane Model 63,79,19,288.47,465.33,0.304
2188,Auto,Furtun Intercooler 2.0 TDI Model 44,54,12,180.16,258.44,0.231
2189,Electronice,[Electronice] Sursa Laborator Model 16,34,19,160.09,258.81,0.195
2190,Auto,Set Placute Frana Model 25,102,5,246.82,488.48,0.39
2191,Perisabile,[Perisabile] Solutie Curatare Frane Model 39,120,10,270.46,644.58,0.372
2192,Auto,Set Placute Frana Model 14,58,7,46.14,75.33,0.3
2193,Perisabile,[Perisabile] Adeziv Industrial Model 88,102,18,66.46,151.36,0.311
2194,Hardware,Cheie Dinamometrica Model 49,111,20,22.94,34.75,0.467
2195,Auto,Senzor Debitmetru Model 99,44,10,57.96,134.6,0.414
2196,Perisabile,[Perisabile] Solutie Curatare Frane Model 95,120,6,187.16,346.01,0.079
2197,Hardware,Incarcator Gaz Model 11,46,12,110.8,237.22,0.396
2198,Electronice,[Electronice] Osciloscop Model 71,149,20,139.76,176.92,0.221
2199,Hardware,Trusa Tubulare Model 71,105,8,228.09,449.45,0.493
2200,Perisabile,[Perisabile] Adeziv Industrial Model 71,63,15,133.49,317.54,0.183
2201,Hardware,Set Imbusuri Model 48,117,11,112.83,270.9,0.429
2202,Electronice,[Electronice] Modul Transmisie LoRa Model 63,11,12,31.55,42.65,0.052
2203,Auto,Furtun Intercooler 2.0 TDI Model 23,9,9,222.72,408.04,0.388
2204,Hardware,Set Imbusuri Model 88,89,11,186.47,345.55,0.122
2205,Perisabile,[Perisabile] Solutie Curatare Frane Model 33,131,9,126.04,238.82,0.488
2206,Hardware,Incarcator Gaz Model 78,18,20,114.44,189.15,0.144
2207,Electronice,[Electronice] Modul Transmisie LoRa Model 86,87,7,106.71,195.53,0.14
2208,Perisabile,[Perisabile] Spray Degripant Model 28,136,19,197.01,471.63,0.319
2209,Hardware,Set Imbusuri Model 40,25,14,174.59,287.31,0.151
2210,Hardware,Set Imbusuri Model 57,122,12,243.87,292.69,0.068
2211,Hardware,Cheie Dinamometrica Model 40,119,20,72.3,153.84,0.044
2212,Electronice,[Electronice] Multimetru Analogic Model 90,126,7,58.8,108.92,0.286
2213,Hardware,Incarcator Gaz Model 80,103,20,211.75,414.93,0.013
2214,Auto,Filtru Aer Model 34,88,9,186.43,445.3,0.182
2215,Hardware,Trusa Tubulare Model 17,125,16,206.73,383.05,0.484
2216,Perisabile,[Perisabile] Spray Degripant Model 30,120,9,176.34,284.57,0.227
2217,Hardware,Trusa Tubulare Model 51,141,17,142.09,283.45,0.27
2218,Electronice,[Electronice] Osciloscop Model 84,3,9,92.36,133.48,0.067
2219,Perisabile,[Perisabile] Adeziv Industrial Model 71,20,9,107.89,183.68,0.266
2220,Perisabile,[Perisabile] Spray Degripant Model 38,95,9,105.0,229.32,0.056
2221,Electronice,[Electronice] Multimetru Analogic Model 69,102,12,168.82,278.69,0.443
2222,Electronice,[Electronice] Sursa Laborator Model 73,10,18,214.0,357.54,0.11
2223,Auto,Senzor Debitmetru Model 54,22,20,63.08,151.09,0.066
2224,Hardware,Incarcator Gaz Model 51,66,20,149.79,276.23,0.252
2225,Hardware,Cheie Dinamometrica Model 23,8,12,190.16,316.86,0.111
2226,Perisabile,[Perisabile] Spray Degripant Model 63,44,17,293.43,593.54,0.118
2227,Auto,Baterie 12V 70Ah Model 89,42,17,69.27,135.3,0.122
2228,Perisabile,[Perisabile] Adeziv Industrial Model 46,110,20,181.88,271.56,0.057
2229,Electronice,[Electronice] Multimetru Analogic Model 34,120,12,32.44,74.61,0.489
2230,Perisabile,[Perisabile] Solutie Curatare Frane Model 82,74,20,157.96,388.94,0.475
2231,Hardware,Set Imbusuri Model 45,40,7,294.49,447.33,0.153
2232,Auto,Set Placute Frana Model 89,98,15,59.17,95.84,0.269
2233,Electronice,[Electronice] Multimetru Analogic Model 31,30,14,184.18,314.92,0.426
2234,Auto,Senzor Debitmetru Model 89,65,10,82.02,148.72,0.343
2235,Hardware,Incarcator Gaz Model 52,40,11,103.02,256.65,0.354
2236,Perisabile,[Perisabile] Adeziv Industrial Model 69,24,5,174.12,392.04,0.339
2237,Auto,Set Placute Frana Model 94,68,13,297.23,442.31,0.301
2238,Electronice,[Electronice] Sursa Laborator Model 30,106,19,141.45,338.03,0.376
2239,Auto,Rulment Roata Fata Model 56,26,13,218.14,469.76,0.477
2240,Perisabile,[Perisabile] Spray Degripant Model 85,130,6,134.14,282.14,0.312
2241,Hardware,Trusa Tubulare Model 9,146,9,240.29,316.82,0.311
2242,Perisabile,[Perisabile] Adeziv Industrial Model 51,136,5,149.3,262.53,0.091
2243,Auto,Filtru Aer Model 45,77,6,82.19,152.72,0.391
2244,Auto,Filtru Aer Model 76,11,9,19.36,31.5,0.158
2245,Perisabile,[Perisabile] Adeziv Industrial Model 98,130,10,207.21,513.01,0.307
2246,Electronice,[Electronice] Osciloscop Model 72,7,5,157.68,200.84,0.468
2247,Electronice,[Electronice] Modul Transmisie LoRa Model 51,49,12,187.53,249.22,0.327
2248,Hardware,Incarcator Gaz Model 92,78,15,205.99,300.92,0.227
2249,Electronice,[Electronice] Multimetru Analogic Model 40,108,6,135.22,302.98,0.122
2250,Perisabile,[Perisabile] Adeziv Industrial Model 79,8,20,227.62,277.5,0.407
2251,Perisabile,[Perisabile] Solutie Curatare Frane Model 91,115,17,172.42,284.92,0.088
2252,Electronice,[Electronice] Osciloscop Model 65,19,8,58.68,125.15,0.461
2253,Electronice,[Electronice] Modul Transmisie LoRa Model 64,101,7,70.39,117.79,0.477
2254,Perisabile,[Perisabile] Spray Degripant Model 29,95,9,106.16,183.26,0.233
2255,Perisabile,[Perisabile] Solutie Curatare Frane Model 64,62,15,262.26,460.89,0.495
2256,Electronice,[Electronice] Sursa Laborator Model 42,109,14,151.79,321.28,0.389
2257,Electronice,[Electronice] Modul Transmisie LoRa Model 18,136,16,214.26,464.93,0.494
2258,Hardware,Cheie Dinamometrica Model 73,115,6,65.45,106.82,0.337
2259,Perisabile,[Perisabile] Solutie Curatare Frane Model 76,73,11,72.66,118.37,0.282
2260,Auto,Set Placute Frana Model 80,139,6,234.6,563.91,0.076
2261,Perisabile,[Perisabile] Solutie Curatare Frane Model 68,15,7,189.88,342.44,0.102
2262,Electronice,[Electronice] Multimetru Analogic Model 86,55,12,108.91,191.41,0.275
2263,Perisabile,[Perisabile] Solutie Curatare Frane Model 77,17,5,87.73,163.69,0.237
2264,Auto,Furtun Intercooler 2.0 TDI Model 93,120,8,273.26,534.65,0.306
2265,Auto,Filtru Aer Model 98,98,11,196.75,333.31,0.3
2266,Perisabile,[Perisabile] Spray Degripant Model 59,11,5,112.49,272.85,0.015
2267,Electronice,[Electronice] Modul Transmisie LoRa Model 31,14,13,23.88,33.3,0.285
2268,Electronice,[Electronice] Osciloscop Model 73,2,20,172.07,303.07,0.261
2269,Electronice,[Electronice] Sursa Laborator Model 75,74,7,140.41,289.46,0.238
2270,Electronice,[Electronice] Multimetru Analogic Model 49,106,15,98.63,236.63,0.419
2271,Auto,Rulment Roata Fata Model 58,145,6,218.29,372.32,0.293
2272,Hardware,Trusa Tubulare Model 54,61,8,277.56,585.58,0.03
2273,Perisabile,[Perisabile] Adeziv Industrial Model 91,41,8,283.97,551.59,0.36
2274,Hardware,Incarcator Gaz Model 29,22,15,259.32,467.27,0.249
2275,Perisabile,[Perisabile] Solutie Curatare Frane Model 48,17,6,157.37,341.26,0.166
2276,Perisabile,[Perisabile] Spray Degripant Model 65,68,20,51.94,99.35,0.194
2277,Electronice,[Electronice] Multimetru Analogic Model 42,70,5,139.14,168.23,0.201
2278,Electronice,[Electronice] Osciloscop Model 41,142,10,137.72,229.02,0.359
2279,Hardware,Set Imbusuri Model 29,108,16,184.02,321.89,0.367
2280,Auto,Filtru Aer Model 50,100,12,73.61,105.96,0.464
2281,Electronice,[Electronice] Osciloscop Model 8,67,16,138.73,209.85,0.05
2282,Auto,Furtun Intercooler 2.0 TDI Model 97,56,12,254.79,627.11,0.218
2283,Auto,Baterie 12V 70Ah Model 28,91,20,213.7,498.02,0.245
2284,Auto,Filtru Aer Model 81,8,19,124.77,213.64,0.048
2285,Hardware,Cheie Dinamometrica Model 98,96,20,138.93,167.43,0.367
2286,Hardware,Trusa Tubulare Model 31,9,19,185.93,301.88,0.21
2287,Hardware,Incarcator Gaz Model 57,77,11,104.89,166.41,0.346
2288,Electronice,[Electronice] Multimetru Analogic Model 57,89,5,162.35,355.34,0.162
2289,Hardware,Set Imbusuri Model 24,132,5,150.86,316.03,0.268
2290,Auto,Filtru Aer Model 89,17,7,269.67,519.19,0.052
2291,Hardware,Cheie Dinamometrica Model 6,115,13,176.28,309.73,0.388
2292,Electronice,[Electronice] Modul Transmisie LoRa Model 80,62,10,93.3,207.19,0.102
2293,Auto,Filtru Aer Model 61,75,10,90.75,224.15,0.156
2294,Perisabile,[Perisabile] Spray Degripant Model 55,133,11,79.3,124.28,0.31
2295,Perisabile,[Perisabile] Spray Degripant Model 4,141,12,54.91,130.99,0.092
2296,Auto,Senzor Debitmetru Model 88,26,12,73.52,150.97,0.286
2297,Auto,Senzor Debitmetru Model 89,146,13,277.26,507.12,0.194
2298,Hardware,Trusa Tubulare Model 59,75,18,183.64,238.07,0.388
2299,Electronice,[Electronice] Multimetru Analogic Model 61,120,9,265.29,500.82,0.385
2300,Hardware,Cheie Dinamometrica Model 50,43,10,236.43,453.2,0.306
2301,Perisabile,[Perisabile] Adeziv Industrial Model 60,130,9,41.9,92.14,0.436
2302,Perisabile,[Perisabile] Spray Degripant Model 10,52,17,116.65,141.74,0.332
2303,Perisabile,[Perisabile] Spray Degripant Model 67,34,14,47.62,109.95,0.32
2304,Perisabile,[Perisabile] Spray Degripant Model 81,112,9,88.12,153.5,0.147
2305,Perisabile,[Perisabile] Adeziv Industrial Model 52,147,19,213.74,410.59,0.359
2306,Auto,Senzor Debitmetru Model 59,145,20,106.84,223.39,0.426
2307,Auto,Furtun Intercooler 2.0 TDI Model 90,58,9,78.57,149.59,0.071
2308,Perisabile,[Perisabile] Solutie Curatare Frane Model 15,89,7,166.44,373.66,0.478
2309,Perisabile,[Perisabile] Solutie Curatare Frane Model 58,61,9,297.7,384.75,0.497
2310,Perisabile,[Perisabile] Adeziv Industrial Model 10,111,5,121.33,218.15,0.361
2311,Auto,Senzor Debitmetru Model 42,115,5,188.82,246.98,0.372
2312,Auto,Furtun Intercooler 2.0 TDI Model 18,17,7,219.98,438.77,0.159
2313,Electronice,[Electronice] Sursa Laborator Model 55,59,9,238.34,542.07,0.069
2314,Perisabile,[Perisabile] Solutie Curatare Frane Model 9,21,11,152.83,208.32,0.459
2315,Hardware,Incarcator Gaz Model 52,22,9,121.12,242.67,0.166
2316,Electronice,[Electronice] Sursa Laborator Model 97,42,16,254.72,548.94,0.28
2317,Auto,Baterie 12V 70Ah Model 76,78,20,168.92,214.19,0.432
2318,Electronice,[Electronice] Multimetru Analogic Model 31,97,14,204.61,254.53,0.096
2319,Electronice,[Electronice] Sursa Laborator Model 50,82,12,96.22,137.21,0.078
2320,Perisabile,[Perisabile] Solutie Curatare Frane Model 77,117,13,62.52,137.28,0.161
2321,Perisabile,[Perisabile] Adeziv Industrial Model 66,8,17,264.62,552.97,0.264
2322,Perisabile,[Perisabile] Solutie Curatare Frane Model 41,57,8,81.33,112.28,0.367
2323,Auto,Baterie 12V 70Ah Model 74,62,13,283.94,349.5,0.394
2324,Perisabile,[Perisabile] Spray Degripant Model 23,7,8,265.2,630.59,0.084
2325,Perisabile,[Perisabile] Solutie Curatare Frane Model 57,106,8,235.63,588.17,0.427
2326,Electronice,[Electronice] Osciloscop Model 80,15,8,201.41,358.37,0.459
2327,Perisabile,[Perisabile] Solutie Curatare Frane Model 94,56,11,198.03,365.89,0.458
2328,Auto,Set Placute Frana Model 55,136,11,292.38,471.98,0.162
2329,Perisabile,[Perisabile] Solutie Curatare Frane Model 53,86,9,175.32,307.44,0.434
2330,Hardware,Set Imbusuri Model 55,116,19,101.92,178.6,0.043
2331,Auto,Rulment Roata Fata Model 66,88,14,16.28,36.31,0.05
2332,Hardware,Trusa Tubulare Model 81,130,15,288.46,553.34,0.151
2333,Electronice,[Electronice] Modul Transmisie LoRa Model 91,86,6,44.29,105.43,0.457
2334,Auto,Filtru Aer Model 52,57,18,288.8,575.52,0.245
2335,Perisabile,[Perisabile] Spray Degripant Model 62,72,19,12.27,16.96,0.04
2336,Auto,Senzor Debitmetru Model 56,33,15,44.23,95.54,0.226
2337,Auto,Filtru Aer Model 13,34,8,210.41,516.04,0.189
2338,Electronice,[Electronice] Multimetru Analogic Model 32,24,12,56.41,87.87,0.152
2339,Auto,Senzor Debitmetru Model 4,96,14,243.84,346.77,0.378
2340,Electronice,[Electronice] Sursa Laborator Model 78,74,9,261.61,353.08,0.339
2341,Perisabile,[Perisabile] Solutie Curatare Frane Model 75,148,17,112.67,227.21,0.342
2342,Auto,Set Placute Frana Model 92,141,10,78.94,100.17,0.303
2343,Electronice,[Electronice] Modul Transmisie LoRa Model 98,16,16,268.8,569.98,0.11
2344,Auto,Set Placute Frana Model 90,149,5,183.69,281.72,0.13
2345,Auto,Rulment Roata Fata Model 95,121,17,135.8,282.93,0.138
2346,Electronice,[Electronice] Osciloscop Model 4,4,20,125.48,167.16,0.33
2347,Perisabile,[Perisabile] Spray Degripant Model 89,52,5,110.91,179.28,0.174
2348,Auto,Set Placute Frana Model 88,47,15,133.82,253.88,0.119
2349,Electronice,[Electronice] Sursa Laborator Model 24,83,19,90.82,189.67,0.46
2350,Perisabile,[Perisabile] Solutie Curatare Frane Model 73,49,10,43.9,90.56,0.362
2351,Hardware,Cheie Dinamometrica Model 6,57,14,12.13,28.66,0.329
2352,Hardware,Set Imbusuri Model 21,99,12,226.02,422.97,0.119
2353,Electronice,[Electronice] Sursa Laborator Model 68,115,10,124.77,163.08,0.042
2354,Perisabile,[Perisabile] Adeziv Industrial Model 61,80,18,101.33,207.84,0.45
2355,Perisabile,[Perisabile] Solutie Curatare Frane Model 10,5,13,14.12,20.18,0.192
2356,Auto,Furtun Intercooler 2.0 TDI Model 59,116,18,170.63,280.93,0.326
2357,Auto,Set Placute Frana Model 44,43,9,144.11,187.48,0.101
2358,Electronice,[Electronice] Osciloscop Model 68,116,16,91.24,119.47,0.113
2359,Hardware,Cheie Dinamometrica Model 63,134,20,38.09,89.45,0.36
2360,Auto,Set Placute Frana Model 81,68,15,81.68,200.7,0.094
2361,Electronice,[Electronice] Modul Transmisie LoRa Model 87,81,14,243.57,523.35,0.172
2362,Electronice,[Electronice] Modul Transmisie LoRa Model 44,9,19,171.29,271.08,0.043
2363,Perisabile,[Perisabile] Spray Degripant Model 12,146,11,291.6,413.45,0.184
2364,Auto,Filtru Aer Model 20,51,10,86.91,216.25,0.252
2365,Hardware,Set Imbusuri Model 9,21,5,213.61,523.86,0.256
2366,Electronice,[Electronice] Sursa Laborator Model 30,127,19,253.69,320.34,0.234
2367,Hardware,Set Imbusuri Model 9,61,20,59.7,78.45,0.037
2368,Electronice,[Electronice] Osciloscop Model 47,40,13,170.22,254.56,0.315
2369,Perisabile,[Perisabile] Spray Degripant Model 67,137,12,161.0,345.33,0.15
2370,Auto,Furtun Intercooler 2.0 TDI Model 40,129,15,149.59,216.78,0.403
2371,Auto,Filtru Aer Model 71,99,20,272.43,495.75,0.22
2372,Electronice,[Electronice] Sursa Laborator Model 27,61,5,188.98,273.71,0.032
2373,Perisabile,[Perisabile] Adeziv Industrial Model 70,88,17,64.42,140.06,0.492
2374,Electronice,[Electronice] Sursa Laborator Model 59,72,14,199.09,390.82,0.133
2375,Electronice,[Electronice] Modul Transmisie LoRa Model 42,108,9,291.05,496.08,0.349
2376,Electronice,[Electronice] Modul Transmisie LoRa Model 57,79,11,241.16,357.19,0.033
2377,Perisabile,[Perisabile] Adeziv Industrial Model 8,57,12,37.35,50.51,0.387
2378,Hardware,Set Imbusuri Model 29,121,12,273.15,583.62,0.337
2379,Perisabile,[Perisabile] Adeziv Industrial Model 37,24,18,145.35,330.53,0.325
2380,Hardware,Set Imbusuri Model 77,21,19,66.49,139.69,0.054
2381,Perisabile,[Perisabile] Spray Degripant Model 44,104,17,57.24,111.89,0.155
2382,Perisabile,[Perisabile] Solutie Curatare Frane Model 46,102,17,200.04,341.56,0.408
2383,Auto,Furtun Intercooler 2.0 TDI Model 82,102,5,265.13,568.38,0.488
2384,Hardware,Incarcator Gaz Model 85,77,19,231.51,489.96,0.499
2385,Auto,Baterie 12V 70Ah Model 71,147,6,147.83,192.29,0.375
2386,Auto,Baterie 12V 70Ah Model 63,138,10,20.81,49.39,0.352
2387,Hardware,Trusa Tubulare Model 62,102,8,291.41,411.53,0.273
2388,Electronice,[Electronice] Multimetru Analogic Model 78,99,13,44.44,81.01,0.116
2389,Hardware,Set Imbusuri Model 3,58,9,158.74,211.25,0.248
2390,Auto,Rulment Roata Fata Model 83,91,17,172.15,214.76,0.421
2391,Hardware,Trusa Tubulare Model 11,35,11,85.2,207.84,0.305
2392,Auto,Rulment Roata Fata Model 76,140,8,122.62,195.96,0.046
2393,Perisabile,[Perisabile] Solutie Curatare Frane Model 55,46,16,279.11,622.26,0.415
2394,Hardware,Cheie Dinamometrica Model 28,33,13,253.19,397.76,0.383
2395,Auto,Set Placute Frana Model 99,74,10,145.91,327.0,0.231
2396,Electronice,[Electronice] Sursa Laborator Model 63,134,14,239.66,300.05,0.097
2397,Hardware,Trusa Tubulare Model 96,126,11,62.66,145.22,0.207
2398,Perisabile,[Perisabile] Spray Degripant Model 24,32,18,278.08,477.28,0.283
2399,Perisabile,[Perisabile] Spray Degripant Model 67,58,9,283.34,456.45,0.095
2400,Electronice,[Electronice] Osciloscop Model 75,21,18,70.48,164.4,0.175
2401,Hardware,Set Imbusuri Model 71,71,20,197.07,240.4,0.226
2402,Electronice,[Electronice] Modul Transmisie LoRa Model 39,19,9,217.99,440.25,0.256
2403,Auto,Baterie 12V 70Ah Model 29,89,12,161.82,205.47,0.064
2404,Perisabile,[Perisabile] Adeziv Industrial Model 55,128,10,153.67,264.13,0.466
2405,Auto,Filtru Aer Model 69,88,18,285.94,704.45,0.099
2406,Hardware,Incarcator Gaz Model 25,5,20,94.28,124.18,0.371
2407,Electronice,[Electronice] Sursa Laborator Model 39,21,16,87.68,113.3,0.082
2408,Electronice,[Electronice] Sursa Laborator Model 76,43,16,88.58,178.4,0.169
2409,Hardware,Cheie Dinamometrica Model 23,44,9,40.3,91.61,0.422
2410,Hardware,Incarcator Gaz Model 40,24,8,273.55,639.83,0.345
2411,Electronice,[Electronice] Multimetru Analogic Model 73,72,19,208.4,334.49,0.029
2412,Electronice,[Electronice] Modul Transmisie LoRa Model 52,84,10,236.43,461.96,0.046
2413,Perisabile,[Perisabile] Adeziv Industrial Model 61,37,7,106.49,195.19,0.148
2414,Perisabile,[Perisabile] Adeziv Industrial Model 49,140,8,129.51,176.42,0.056
2415,Hardware,Set Imbusuri Model 44,10,12,67.36,129.91,0.236
2416,Hardware,Set Imbusuri Model 66,124,15,60.34,90.46,0.332
2417,Auto,Set Placute Frana Model 95,114,16,186.76,453.64,0.415
2418,Electronice,[Electronice] Modul Transmisie LoRa Model 5,83,20,107.48,141.72,0.438
2419,Electronice,[Electronice] Sursa Laborator Model 82,84,13,290.84,415.77,0.097
2420,Hardware,Set Imbusuri Model 7,29,8,61.59,146.76,0.044
2421,Auto,Baterie 12V 70Ah Model 16,94,7,247.86,422.33,0.065
2422,Perisabile,[Perisabile] Adeziv Industrial Model 81,42,20,22.2,38.21,0.113
2423,Perisabile,[Perisabile] Spray Degripant Model 19,101,9,270.15,665.97,0.336
2424,Hardware,Incarcator Gaz Model 61,42,11,229.86,572.08,0.051
2425,Electronice,[Electronice] Sursa Laborator Model 63,11,12,147.65,202.4,0.053
2426,Electronice,[Electronice] Sursa Laborator Model 33,68,16,210.41,349.22,0.094
2427,Electronice,[Electronice] Sursa Laborator Model 85,146,13,238.02,335.37,0.019
2428,Hardware,Incarcator Gaz Model 54,132,7,216.36,303.48,0.355
2429,Hardware,Incarcator Gaz Model 28,30,8,267.76,641.51,0.446
2430,Hardware,Set Imbusuri Model 23,71,8,175.6,438.61,0.054
2431,Hardware,Incarcator Gaz Model 93,118,7,133.22,206.15,0.16
2432,Electronice,[Electronice] Osciloscop Model 21,5,5,75.05,117.65,0.18
2433,Electronice,[Electronice] Sursa Laborator Model 52,24,6,43.92,55.27,0.312
2434,Auto,Rulment Roata Fata Model 33,67,6,245.01,314.1,0.306
2435,Auto,Rulment Roata Fata Model 3,91,7,150.39,339.58,0.441
2436,Perisabile,[Perisabile] Adeziv Industrial Model 15,142,10,292.35,653.31,0.298
2437,Electronice,[Electronice] Multimetru Analogic Model 2,30,8,64.23,127.01,0.452
2438,Electronice,[Electronice] Modul Transmisie LoRa Model 36,106,20,127.69,314.32,0.07
2439,Auto,Filtru Aer Model 88,12,19,193.82,377.78,0.154
2440,Perisabile,[Perisabile] Adeziv Industrial Model 85,21,16,60.02,125.1,0.051
2441,Hardware,Set Imbusuri Model 9,88,6,229.66,296.96,0.35
2442,Hardware,Set Imbusuri Model 1,51,12,175.62,410.09,0.281
2443,Electronice,[Electronice] Multimetru Analogic Model 38,92,19,296.62,625.51,0.277
2444,Perisabile,[Perisabile] Adeziv Industrial Model 81,37,19,257.85,345.83,0.332
2445,Electronice,[Electronice] Multimetru Analogic Model 1,150,20,180.98,233.38,0.177
2446,Auto,Filtru Aer Model 55,75,8,77.26,108.62,0.381
2447,Auto,Filtru Aer Model 58,76,20,177.52,264.1,0.476
2448,Electronice,[Electronice] Multimetru Analogic Model 60,2,19,83.55,115.83,0.257
2449,Perisabile,[Perisabile] Adeziv Industrial Model 55,114,13,93.13,180.4,0.377
2450,Auto,Rulment Roata Fata Model 92,44,19,177.31,415.76,0.287
2451,Perisabile,[Perisabile] Spray Degripant Model 70,31,7,206.87,486.39,0.342
2452,Auto,Set Placute Frana Model 56,34,11,47.45,61.63,0.472
2453,Auto,Furtun Intercooler 2.0 TDI Model 34,46,17,163.91,303.34,0.299
2454,Electronice,[Electronice] Sursa Laborator Model 95,28,19,33.5,72.69,0.189
2455,Perisabile,[Perisabile] Spray Degripant Model 85,116,13,102.29,244.62,0.189
2456,Perisabile,[Perisabile] Adeziv Industrial Model 80,39,7,132.24,211.54,0.346
2457,Hardware,Set Imbusuri Model 44,144,10,54.62,74.91,0.443
2458,Auto,Rulment Roata Fata Model 5,121,15,23.25,34.94,0.312
2459,Hardware,Trusa Tubulare Model 82,9,11,243.42,380.03,0.232
2460,Hardware,Incarcator Gaz Model 46,127,11,105.15,218.48,0.142
2461,Electronice,[Electronice] Osciloscop Model 21,92,15,78.32,167.41,0.106
2462,Hardware,Incarcator Gaz Model 16,146,11,112.13,220.55,0.493
2463,Electronice,[Electronice] Sursa Laborator Model 15,134,13,255.88,615.03,0.321
2464,Perisabile,[Perisabile] Spray Degripant Model 57,77,9,133.59,218.68,0.141
2465,Perisabile,[Perisabile] Solutie Curatare Frane Model 14,128,18,80.55,119.58,0.141
2466,Electronice,[Electronice] Osciloscop Model 23,102,18,267.19,353.78,0.139
2467,Auto,Filtru Aer Model 48,92,6,132.18,198.52,0.352
2468,Electronice,[Electronice] Modul Transmisie LoRa Model 48,5,17,290.1,473.41,0.053
2469,Auto,Filtru Aer Model 44,26,18,168.36,359.7,0.07
2470,Perisabile,[Perisabile] Solutie Curatare Frane Model 81,44,8,132.23,185.51,0.192
2471,Electronice,[Electronice] Osciloscop Model 76,4,11,118.48,223.27,0.499
2472,Perisabile,[Perisabile] Adeziv Industrial Model 56,116,13,172.78,292.07,0.207
2473,Hardware,Cheie Dinamometrica Model 68,146,20,54.42,100.53,0.336
2474,Electronice,[Electronice] Sursa Laborator Model 98,139,11,115.06,216.55,0.102
2475,Auto,Rulment Roata Fata Model 96,30,18,295.51,700.43,0.207
2476,Auto,Baterie 12V 70Ah Model 75,62,16,20.31,34.0,0.448
2477,Electronice,[Electronice] Osciloscop Model 63,119,13,155.91,335.38,0.041
2478,Auto,Baterie 12V 70Ah Model 13,75,19,163.81,277.6,0.117
2479,Electronice,[Electronice] Osciloscop Model 10,101,5,92.47,222.66,0.291
2480,Auto,Baterie 12V 70Ah Model 28,39,19,133.5,288.05,0.242
2481,Perisabile,[Perisabile] Adeziv Industrial Model 99,66,5,211.48,315.13,0.369
2482,Perisabile,[Perisabile] Spray Degripant Model 17,62,12,117.43,282.38,0.47
2483,Perisabile,[Perisabile] Adeziv Industrial Model 75,69,10,92.31,163.84,0.021
2484,Hardware,Incarcator Gaz Model 97,104,14,114.86,217.88,0.291
2485,Perisabile,[Perisabile] Adeziv Industrial Model 53,90,17,211.45,378.75,0.076
2486,Perisabile,[Perisabile] Solutie Curatare Frane Model 51,29,7,91.2,173.38,0.328
2487,Auto,Furtun Intercooler 2.0 TDI Model 2,66,14,22.15,54.0,0.23
2488,Electronice,[Electronice] Sursa Laborator Model 17,44,6,193.63,381.07,0.447
2489,Perisabile,[Perisabile] Solutie Curatare Frane Model 62,144,20,292.71,714.91,0.447
2490,Auto,Senzor Debitmetru Model 18,95,20,116.91,265.26,0.429
2491,Perisabile,[Perisabile] Solutie Curatare Frane Model 23,0,16,159.08,214.06,0.373
2492,Hardware,Cheie Dinamometrica Model 39,145,14,97.0,234.87,0.371
2493,Hardware,Incarcator Gaz Model 85,11,7,240.05,391.88,0.475
2494,Perisabile,[Perisabile] Spray Degripant Model 27,31,11,246.84,528.59,0.404
2495,Auto,Furtun Intercooler 2.0 TDI Model 18,143,7,86.34,127.36,0.357
2496,Auto,Senzor Debitmetru Model 53,30,7,268.01,639.73,0.401
2497,Hardware,Set Imbusuri Model 51,137,14,175.5,216.88,0.461
2498,Auto,Furtun Intercooler 2.0 TDI Model 89,11,19,219.54,305.78,0.36
2499,Perisabile,[Perisabile] Solutie Curatare Frane Model 1,53,17,123.2,305.55,0.192
2500,Electronice,[Electronice] Multimetru Analogic Model 33,71,6,284.39,398.76,0.211
2501,Perisabile,[Perisabile] Solutie Curatare Frane Model 37,139,10,62.64,99.81,0.241
2502,Hardware,Trusa Tubulare Model 46,37,11,289.64,589.2,0.047
2503,Hardware,Cheie Dinamometrica Model 87,124,20,45.12,72.5,0.266
2504,Auto,Filtru Aer Model 33,26,8,158.96,335.13,0.499
2505,Auto,Filtru Aer Model 44,19,11,146.67,343.61,0.143
2506,Auto,Baterie 12V 70Ah Model 54,85,8,88.41,213.9,0.497
2507,Hardware,Incarcator Gaz Model 41,71,8,96.1,176.23,0.205
2508,Auto,Baterie 12V 70Ah Model 55,57,15,282.32,582.23,0.083
2509,Hardware,Incarcator Gaz Model 49,138,19,283.89,704.77,0.492
2510,Electronice,[Electronice] Multimetru Analogic Model 88,90,16,290.08,565.11,0.271
2511,Hardware,Trusa Tubulare Model 50,122,5,274.9,558.42,0.23
2512,Hardware,Set Imbusuri Model 88,53,8,210.3,472.97,0.299
2513,Perisabile,[Perisabile] Adeziv Industrial Model 83,86,19,14.06,18.49,0.449
2514,Auto,Furtun Intercooler 2.0 TDI Model 37,82,12,183.0,441.3,0.038
2515,Electronice,[Electronice] Multimetru Analogic Model 2,22,9,179.63,299.74,0.312
2516,Perisabile,[Perisabile] Solutie Curatare Frane Model 80,8,5,280.94,614.55,0.287
2517,Auto,Furtun Intercooler 2.0 TDI Model 60,73,11,246.09,488.97,0.327
2518,Perisabile,[Perisabile] Adeziv Industrial Model 94,97,17,160.1,221.97,0.216
2519,Auto,Furtun Intercooler 2.0 TDI Model 70,150,5,22.07,54.98,0.079
2520,Auto,Set Placute Frana Model 96,139,13,96.32,156.71,0.212
2521,Hardware,Incarcator Gaz Model 22,13,8,160.82,274.69,0.259
2522,Auto,Furtun Intercooler 2.0 TDI Model 77,131,20,141.48,205.47,0.234
2523,Auto,Baterie 12V 70Ah Model 83,91,11,264.59,610.41,0.339
2524,Auto,Senzor Debitmetru Model 72,0,12,271.42,368.27,0.214
2525,Hardware,Cheie Dinamometrica Model 75,56,7,220.24,287.33,0.436
2526,Perisabile,[Perisabile] Spray Degripant Model 10,12,19,227.14,274.35,0.351
2527,Perisabile,[Perisabile] Spray Degripant Model 8,118,7,184.29,383.52,0.293
2528,Auto,Filtru Aer Model 2,37,19,242.14,470.29,0.021
2529,Hardware,Set Imbusuri Model 10,93,19,86.27,120.48,0.101
2530,Electronice,[Electronice] Modul Transmisie LoRa Model 65,24,11,129.03,225.78,0.483
2531,Perisabile,[Perisabile] Spray Degripant Model 54,17,8,222.72,307.78,0.483
2532,Auto,Rulment Roata Fata Model 7,9,8,233.1,502.65,0.302
2533,Electronice,[Electronice] Osciloscop Model 20,63,18,83.4,115.7,0.347
2534,Auto,Filtru Aer Model 87,81,13,22.5,47.1,0.333
2535,Hardware,Trusa Tubulare Model 88,73,14,235.59,501.53,0.151
2536,Hardware,Incarcator Gaz Model 48,7,13,95.44,115.85,0.318
2537,Perisabile,[Perisabile] Adeziv Industrial Model 28,31,6,59.74,114.49,0.39
2538,Perisabile,[Perisabile] Spray Degripant Model 24,38,14,74.56,147.44,0.015
2539,Hardware,Set Imbusuri Model 40,28,13,185.66,393.76,0.267
2540,Perisabile,[Perisabile] Adeziv Industrial Model 99,26,11,102.0,144.84,0.471
2541,Electronice,[Electronice] Osciloscop Model 48,65,9,84.34,110.65,0.26
2542,Perisabile,[Perisabile] Adeziv Industrial Model 31,28,9,93.77,211.87,0.326
2543,Hardware,Trusa Tubulare Model 92,66,10,17.58,24.54,0.26
2544,Electronice,[Electronice] Modul Transmisie LoRa Model 5,37,16,136.11,299.94,0.148
2545,Hardware,Cheie Dinamometrica Model 72,104,6,219.47,518.57,0.349
2546,Perisabile,[Perisabile] Solutie Curatare Frane Model 86,48,6,134.71,329.72,0.194
2547,Electronice,[Electronice] Modul Transmisie LoRa Model 18,97,12,180.88,354.16,0.256
2548,Electronice,[Electronice] Multimetru Analogic Model 56,89,6,211.82,440.45,0.375
2549,Perisabile,[Perisabile] Solutie Curatare Frane Model 98,90,16,29.85,71.54,0.159
2550,Hardware,Cheie Dinamometrica Model 37,143,8,83.5,142.0,0.116
2551,Perisabile,[Perisabile] Spray Degripant Model 14,2,12,91.13,130.14,0.122
2552,Perisabile,[Perisabile] Spray Degripant Model 68,132,5,171.42,351.9,0.47
2553,Electronice,[Electronice] Osciloscop Model 55,51,10,299.07,570.54,0.144
2554,Perisabile,[Perisabile] Spray Degripant Model 9,42,15,223.03,512.04,0.087
2555,Auto,Rulment Roata Fata Model 59,77,16,53.68,81.97,0.383
2556,Perisabile,[Perisabile] Adeziv Industrial Model 58,17,11,293.53,731.74,0.246
2557,Auto,Set Placute Frana Model 64,6,20,228.55,460.68,0.264
2558,Auto,Rulment Roata Fata Model 73,99,7,45.47,94.06,0.188
2559,Perisabile,[Perisabile] Adeziv Industrial Model 35,99,7,198.07,291.65,0.093
2560,Auto,Rulment Roata Fata Model 68,47,14,85.77,143.57,0.14
2561,Hardware,Cheie Dinamometrica Model 61,32,6,112.28,204.44,0.344
2562,Perisabile,[Perisabile] Solutie Curatare Frane Model 93,27,18,171.37,366.3,0.319
2563,Hardware,Incarcator Gaz Model 68,26,20,125.52,222.75,0.493
2564,Auto,Set Placute Frana Model 12,132,16,16.86,41.88,0.153
2565,Hardware,Cheie Dinamometrica Model 66,17,17,263.0,353.57,0.464
2566,Electronice,[Electronice] Osciloscop Model 87,23,19,126.02,182.99,0.062
2567,Hardware,Incarcator Gaz Model 89,23,14,185.47,405.29,0.059
2568,Electronice,[Electronice] Sursa Laborator Model 92,24,15,17.77,30.79,0.499
2569,Perisabile,[Perisabile] Spray Degripant Model 42,12,17,236.89,344.27,0.296
2570,Auto,Set Placute Frana Model 17,4,18,16.66,41.15,0.191
2571,Auto,Rulment Roata Fata Model 72,29,14,40.39,68.82,0.017
2572,Perisabile,[Perisabile] Solutie Curatare Frane Model 56,140,14,86.49,113.08,0.431
2573,Perisabile,[Perisabile] Adeziv Industrial Model 62,143,8,12.96,25.74,0.111
2574,Auto,Senzor Debitmetru Model 54,66,10,171.23,262.84,0.355
2575,Electronice,[Electronice] Multimetru Analogic Model 82,41,12,180.33,420.4,0.262
2576,Electronice,[Electronice] Sursa Laborator Model 78,28,18,25.4,39.41,0.398
2577,Perisabile,[Perisabile] Solutie Curatare Frane Model 12,103,14,248.8,351.53,0.269
2578,Hardware,Set Imbusuri Model 49,141,13,101.05,222.97,0.237
2579,Auto,Rulment Roata Fata Model 95,1,12,80.51,169.62,0.26
2580,Auto,Set Placute Frana Model 17,24,17,97.1,213.76,0.112
2581,Hardware,Set Imbusuri Model 9,4,20,66.91,161.01,0.067
2582,Hardware,Set Imbusuri Model 89,126,16,63.79,96.76,0.311
2583,Perisabile,[Perisabile] Solutie Curatare Frane Model 24,21,18,25.44,43.2,0.14
2584,Electronice,[Electronice] Osciloscop Model 73,2,16,66.04,92.0,0.294
2585,Auto,Senzor Debitmetru Model 89,142,8,187.65,381.06,0.024
2586,Electronice,[Electronice] Modul Transmisie LoRa Model 57,51,8,296.92,687.07,0.061
2587,Hardware,Set Imbusuri Model 49,69,13,208.92,522.08,0.01
2588,Auto,Senzor Debitmetru Model 30,135,10,109.69,139.8,0.445
2589,Auto,Baterie 12V 70Ah Model 16,112,10,113.36,264.61,0.372
2590,Electronice,[Electronice] Osciloscop Model 91,15,15,79.89,140.84,0.448
2591,Auto,Filtru Aer Model 69,109,6,164.29,351.78,0.079
2592,Auto,Rulment Roata Fata Model 35,92,15,26.6,41.66,0.258
2593,Auto,Rulment Roata Fata Model 91,57,17,194.81,346.9,0.346
2594,Perisabile,[Perisabile] Solutie Curatare Frane Model 88,75,18,199.49,346.71,0.076
2595,Perisabile,[Perisabile] Adeziv Industrial Model 94,147,9,132.9,244.26,0.137
2596,Hardware,Cheie Dinamometrica Model 35,142,15,170.62,242.92,0.264
2597,Hardware,Trusa Tubulare Model 66,17,7,113.33,176.8,0.133
2598,Electronice,[Electronice] Modul Transmisie LoRa Model 79,111,17,200.6,419.53,0.038
2599,Electronice,[Electronice] Modul Transmisie LoRa Model 59,7,18,82.43,174.46,0.159
2600,Auto,Senzor Debitmetru Model 42,76,15,18.63,46.44,0.374
2601,Hardware,Incarcator Gaz Model 29,124,11,289.63,538.44,0.468
2602,Auto,Filtru Aer Model 7,45,5,41.67,83.02,0.384
2603,Electronice,[Electronice] Multimetru Analogic Model 22,34,8,48.57,61.79,0.259
2604,Hardware,Set Imbusuri Model 14,12,11,149.84,326.63,0.093
2605,Hardware,Incarcator Gaz Model 36,81,18,243.77,333.07,0.283
2606,Electronice,[Electronice] Modul Transmisie LoRa Model 11,64,10,50.64,119.12,0.205
2607,Hardware,Incarcator Gaz Model 49,9,11,126.84,300.4,0.431
2608,Hardware,Set Imbusuri Model 48,70,10,255.24,398.75,0.016
2609,Hardware,Trusa Tubulare Model 71,99,19,184.04,338.12,0.36
2610,Perisabile,[Perisabile] Adeziv Industrial Model 68,36,11,166.81,390.04,0.327
2611,Perisabile,[Perisabile] Adeziv Industrial Model 40,28,11,213.47,271.02,0.119
2612,Auto,Senzor Debitmetru Model 66,2,10,210.22,447.27,0.364
2613,Auto,Furtun Intercooler 2.0 TDI Model 37,118,15,260.17,457.97,0.4
2614,Electronice,[Electronice] Sursa Laborator Model 91,55,18,222.57,465.66,0.099
2615,Auto,Filtru Aer Model 86,10,16,224.99,373.59,0.098
2616,Electronice,[Electronice] Sursa Laborator Model 76,84,9,171.4,408.04,0.082
2617,Perisabile,[Perisabile] Solutie Curatare Frane Model 7,89,8,246.85,460.93,0.357
2618,Perisabile,[Perisabile] Solutie Curatare Frane Model 7,53,14,198.21,428.07,0.335
2619,Hardware,Cheie Dinamometrica Model 35,125,20,198.65,284.68,0.353
2620,Hardware,Cheie Dinamometrica Model 64,89,19,293.41,709.01,0.377
2621,Auto,Rulment Roata Fata Model 64,117,5,90.42,134.35,0.042
2622,Perisabile,[Perisabile] Spray Degripant Model 31,45,15,10.06,18.56,0.322
2623,Hardware,Incarcator Gaz Model 22,56,16,134.35,176.86,0.428
2624,Auto,Rulment Roata Fata Model 77,113,16,69.27,125.0,0.199
2625,Hardware,Trusa Tubulare Model 5,49,19,107.07,221.92,0.467
2626,Perisabile,[Perisabile] Solutie Curatare Frane Model 5,4,7,287.11,641.88,0.158
2627,Auto,Set Placute Frana Model 2,79,10,43.45,63.46,0.451
2628,Perisabile,[Perisabile] Solutie Curatare Frane Model 40,97,7,66.01,161.95,0.314
2629,Auto,Filtru Aer Model 58,63,12,172.55,429.43,0.498
2630,Hardware,Trusa Tubulare Model 75,64,6,12.38,29.04,0.222
2631,Auto,Baterie 12V 70Ah Model 67,64,14,56.37,85.25,0.439
2632,Perisabile,[Perisabile] Solutie Curatare Frane Model 21,110,11,236.82,297.88,0.389
2633,Auto,Senzor Debitmetru Model 35,42,9,236.1,290.96,0.035
2634,Hardware,Set Imbusuri Model 24,25,6,22.88,38.89,0.371
2635,Electronice,[Electronice] Osciloscop Model 74,16,11,277.96,553.91,0.491
2636,Auto,Rulment Roata Fata Model 19,31,11,225.73,530.9,0.402
2637,Electronice,[Electronice] Modul Transmisie LoRa Model 48,6,6,65.68,133.79,0.374
2638,Electronice,[Electronice] Multimetru Analogic Model 81,32,5,125.57,291.85,0.494
2639,Perisabile,[Perisabile] Solutie Curatare Frane Model 61,108,6,299.75,635.1,0.086
2640,Auto,Set Placute Frana Model 91,150,20,85.77,177.19,0.193
2641,Electronice,[Electronice] Multimetru Analogic Model 62,149,11,38.11,93.88,0.272
2642,Hardware,Set Imbusuri Model 15,144,18,294.44,568.49,0.291
2643,Auto,Filtru Aer Model 94,59,10,199.45,248.45,0.273
2644,Electronice,[Electronice] Sursa Laborator Model 35,67,17,274.88,560.25,0.072
2645,Electronice,[Electronice] Modul Transmisie LoRa Model 39,149,19,117.22,269.68,0.47
2646,Perisabile,[Perisabile] Adeziv Industrial Model 12,142,6,114.29,200.84,0.176
2647,Auto,Filtru Aer Model 56,53,11,140.86,318.28,0.386
2648,Hardware,Incarcator Gaz Model 69,78,16,260.67,484.07,0.284
2649,Hardware,Cheie Dinamometrica Model 75,150,9,286.98,420.31,0.329
2650,Hardware,Incarcator Gaz Model 89,117,9,66.11,109.49,0.049
2651,Perisabile,[Perisabile] Solutie Curatare Frane Model 28,7,16,189.01,429.73,0.463
2652,Electronice,[Electronice] Multimetru Analogic Model 15,58,13,259.25,432.48,0.186
2653,Auto,Furtun Intercooler 2.0 TDI Model 32,52,16,205.64,400.96,0.036
2654,Auto,Set Placute Frana Model 85,115,11,36.23,61.87,0.218
2655,Auto,Filtru Aer Model 48,77,17,34.02,56.23,0.156
2656,Auto,Baterie 12V 70Ah Model 27,69,8,66.07,130.2,0.233
2657,Electronice,[Electronice] Multimetru Analogic Model 34,134,16,228.96,449.81,0.441
2658,Auto,Baterie 12V 70Ah Model 94,103,19,135.5,320.97,0.483
2659,Electronice,[Electronice] Modul Transmisie LoRa Model 32,79,11,258.3,358.85,0.165
2660,Perisabile,[Perisabile] Adeziv Industrial Model 89,79,19,285.84,510.01,0.318
2661,Perisabile,[Perisabile] Solutie Curatare Frane Model 77,68,9,105.42,199.33,0.031
2662,Perisabile,[Perisabile] Spray Degripant Model 47,82,12,293.4,523.17,0.433
2663,Hardware,Incarcator Gaz Model 89,149,10,67.92,94.4,0.246
2664,Hardware,Cheie Dinamometrica Model 17,63,8,19.69,31.39,0.213
2665,Electronice,[Electronice] Osciloscop Model 55,82,11,20.55,26.36,0.33
2666,Perisabile,[Perisabile] Spray Degripant Model 6,103,7,231.38,340.49,0.302
2667,Hardware,Incarcator Gaz Model 96,10,17,186.77,364.62,0.195
2668,Perisabile,[Perisabile] Solutie Curatare Frane Model 84,66,8,184.63,274.06,0.239
2669,Auto,Rulment Roata Fata Model 15,137,18,82.66,156.61,0.255
2670,Hardware,Trusa Tubulare Model 90,144,18,154.43,243.0,0.245
2671,Auto,Rulment Roata Fata Model 87,9,7,276.08,619.72,0.417
2672,Perisabile,[Perisabile] Adeziv Industrial Model 21,99,20,63.41,130.44,0.436
2673,Perisabile,[Perisabile] Adeziv Industrial Model 3,130,7,185.72,284.15,0.331
2674,Electronice,[Electronice] Sursa Laborator Model 31,68,7,112.35,278.98,0.092
2675,Electronice,[Electronice] Modul Transmisie LoRa Model 52,136,18,120.53,200.2,0.339
2676,Hardware,Incarcator Gaz Model 29,52,12,100.95,211.59,0.348
2677,Perisabile,[Perisabile] Spray Degripant Model 80,66,9,184.54,248.61,0.312
2678,Auto,Senzor Debitmetru Model 19,84,18,16.83,22.11,0.251
2679,Auto,Filtru Aer Model 20,39,20,244.18,482.85,0.121
2680,Electronice,[Electronice] Sursa Laborator Model 66,23,10,36.48,52.83,0.095
2681,Perisabile,[Perisabile] Spray Degripant Model 18,129,10,177.93,262.21,0.065
2682,Electronice,[Electronice] Multimetru Analogic Model 9,103,16,35.22,42.27,0.248
2683,Auto,Senzor Debitmetru Model 6,148,9,117.11,171.6,0.186
2684,Auto,Furtun Intercooler 2.0 TDI Model 52,37,10,217.16,478.67,0.412
2685,Perisabile,[Perisabile] Solutie Curatare Frane Model 46,57,16,170.78,381.84,0.461
2686,Perisabile,[Perisabile] Spray Degripant Model 27,127,18,169.79,383.37,0.45
2687,Hardware,Trusa Tubulare Model 87,138,13,100.69,168.27,0.275
2688,Auto,Set Placute Frana Model 44,40,19,82.57,181.47,0.204
2689,Auto,Set Placute Frana Model 91,69,13,101.81,148.19,0.099
2690,Auto,Filtru Aer Model 57,83,18,271.07,672.7,0.412
2691,Auto,Rulment Roata Fata Model 65,49,9,13.09,28.16,0.283
2692,Perisabile,[Perisabile] Adeziv Industrial Model 72,95,16,144.55,316.05,0.257
2693,Hardware,Incarcator Gaz Model 93,132,20,287.36,675.87,0.109
2694,Auto,Baterie 12V 70Ah Model 92,104,6,116.93,271.37,0.344
2695,Auto,Senzor Debitmetru Model 11,121,10,178.38,338.56,0.305
2696,Hardware,Cheie Dinamometrica Model 86,68,17,269.32,483.21,0.406
2697,Auto,Baterie 12V 70Ah Model 13,94,14,183.97,330.17,0.332
2698,Hardware,Incarcator Gaz Model 21,4,11,192.06,350.56,0.119
2699,Electronice,[Electronice] Modul Transmisie LoRa Model 55,65,12,138.11,194.8,0.028
2700,Electronice,[Electronice] Modul Transmisie LoRa Model 30,17,18,267.3,472.41,0.287
2701,Auto,Filtru Aer Model 71,77,8,174.25,345.72,0.383
2702,Auto,Rulment Roata Fata Model 23,76,11,129.21,299.61,0.468
2703,Perisabile,[Perisabile] Adeziv Industrial Model 28,94,10,35.73,75.35,0.459
2704,Perisabile,[Perisabile] Solutie Curatare Frane Model 79,125,13,277.55,613.11,0.289
2705,Hardware,Set Imbusuri Model 26,123,7,257.6,392.82,0.023
2706,Perisabile,[Perisabile] Adeziv Industrial Model 67,13,15,160.59,252.9,0.444
2707,Perisabile,[Perisabile] Solutie Curatare Frane Model 21,126,5,276.15,674.34,0.163
2708,Hardware,Trusa Tubulare Model 13,77,7,181.38,362.23,0.229
2709,Hardware,Incarcator Gaz Model 95,49,13,270.5,660.68,0.266
2710,Auto,Set Placute Frana Model 37,37,11,281.53,521.62,0.209
2711,Auto,Baterie 12V 70Ah Model 52,122,12,216.02,388.2,0.061
2712,Hardware,Incarcator Gaz Model 88,34,12,87.12,199.86,0.233
2713,Perisabile,[Perisabile] Adeziv Industrial Model 64,53,19,123.97,218.2,0.028
2714,Electronice,[Electronice] Osciloscop Model 5,12,20,117.98,287.47,0.098
2715,Perisabile,[Perisabile] Spray Degripant Model 24,2,13,263.29,473.87,0.28
2716,Perisabile,[Perisabile] Adeziv Industrial Model 61,144,20,75.05,109.25,0.024
2717,Hardware,Cheie Dinamometrica Model 70,122,14,10.03,24.65,0.263
2718,Electronice,[Electronice] Osciloscop Model 85,43,10,250.86,329.29,0.053
2719,Perisabile,[Perisabile] Solutie Curatare Frane Model 4,100,11,69.81,171.58,0.265
2720,Perisabile,[Perisabile] Adeziv Industrial Model 35,11,14,259.79,480.04,0.318
2721,Perisabile,[Perisabile] Solutie Curatare Frane Model 13,118,5,245.42,358.07,0.288
2722,Auto,Furtun Intercooler 2.0 TDI Model 68,88,20,27.04,48.96,0.072
2723,Electronice,[Electronice] Osciloscop Model 89,141,9,259.51,387.16,0.44
2724,Hardware,Incarcator Gaz Model 47,143,7,180.18,364.37,0.392
2725,Auto,Filtru Aer Model 3,54,13,138.01,272.26,0.039
2726,Electronice,[Electronice] Multimetru Analogic Model 76,149,5,131.86,178.8,0.349
2727,Electronice,[Electronice] Osciloscop Model 89,47,11,137.97,252.59,0.379
2728,Perisabile,[Perisabile] Solutie Curatare Frane Model 27,123,8,19.63,47.01,0.156
2729,Auto,Senzor Debitmetru Model 98,95,14,145.76,210.83,0.231
2730,Hardware,Incarcator Gaz Model 33,95,13,258.1,625.99,0.379
2731,Hardware,Incarcator Gaz Model 76,57,15,100.55,248.65,0.344
2732,Electronice,[Electronice] Modul Transmisie LoRa Model 30,76,13,70.09,129.77,0.125
2733,Electronice,[Electronice] Multimetru Analogic Model 54,71,7,228.27,381.49,0.352
2734,Hardware,Trusa Tubulare Model 73,87,12,36.03,74.34,0.345
2735,Perisabile,[Perisabile] Adeziv Industrial Model 37,81,5,42.25,69.78,0.245
2736,Perisabile,[Perisabile] Solutie Curatare Frane Model 84,147,20,48.39,81.92,0.325
2737,Electronice,[Electronice] Osciloscop Model 22,5,11,30.48,42.21,0.078
2738,Electronice,[Electronice] Modul Transmisie LoRa Model 36,87,13,58.55,113.58,0.256
2739,Hardware,Cheie Dinamometrica Model 29,80,5,197.59,310.48,0.211
2740,Auto,Set Placute Frana Model 5,46,14,18.97,29.65,0.117
2741,Electronice,[Electronice] Multimetru Analogic Model 89,98,12,128.57,198.41,0.173
2742,Hardware,Trusa Tubulare Model 36,123,7,28.86,69.6,0.031
2743,Auto,Filtru Aer Model 56,91,18,31.28,52.72,0.06
2744,Hardware,Set Imbusuri Model 94,66,12,263.55,495.18,0.124
2745,Hardware,Set Imbusuri Model 80,67,8,215.81,453.97,0.468
2746,Auto,Filtru Aer Model 58,122,12,23.58,53.51,0.33
2747,Perisabile,[Perisabile] Spray Degripant Model 95,142,9,144.22,302.48,0.339
2748,Perisabile,[Perisabile] Solutie Curatare Frane Model 50,46,9,286.17,544.21,0.305
2749,Auto,Furtun Intercooler 2.0 TDI Model 69,21,15,34.23,71.48,0.294
2750,Hardware,Incarcator Gaz Model 39,126,5,289.63,376.87,0.338
2751,Electronice,[Electronice] Modul Transmisie LoRa Model 68,12,6,268.52,535.73,0.228
2752,Perisabile,[Perisabile] Spray Degripant Model 36,132,18,33.26,73.59,0.153
2753,Perisabile,[Perisabile] Adeziv Industrial Model 9,39,10,219.72,291.7,0.223
2754,Auto,Rulment Roata Fata Model 88,57,7,179.75,335.35,0.076
2755,Perisabile,[Perisabile] Solutie Curatare Frane Model 89,150,9,226.11,315.32,0.494
2756,Hardware,Cheie Dinamometrica Model 11,124,12,24.65,36.11,0.186
2757,Perisabile,[Perisabile] Spray Degripant Model 8,0,19,293.35,472.01,0.31
2758,Electronice,[Electronice] Modul Transmisie LoRa Model 41,129,15,72.62,118.4,0.216
2759,Hardware,Cheie Dinamometrica Model 72,121,5,284.36,400.52,0.226
2760,Hardware,Cheie Dinamometrica Model 30,149,9,282.07,431.78,0.277
2761,Perisabile,[Perisabile] Spray Degripant Model 23,87,12,127.7,277.79,0.373
2762,Auto,Baterie 12V 70Ah Model 62,32,6,142.29,308.66,0.113
2763,Electronice,[Electronice] Osciloscop Model 28,105,17,117.24,266.85,0.376
2764,Hardware,Set Imbusuri Model 6,80,17,126.67,228.47,0.035
2765,Hardware,Set Imbusuri Model 3,11,12,280.76,623.73,0.097
2766,Auto,Filtru Aer Model 90,5,11,159.94,242.64,0.275
2767,Electronice,[Electronice] Multimetru Analogic Model 82,109,19,247.58,577.58,0.051
2768,Hardware,Incarcator Gaz Model 41,121,9,293.23,606.45,0.092
2769,Hardware,Incarcator Gaz Model 96,69,18,237.95,499.29,0.145
2770,Electronice,[Electronice] Modul Transmisie LoRa Model 64,132,20,167.78,270.19,0.4
2771,Auto,Rulment Roata Fata Model 51,79,11,33.63,46.35,0.073
2772,Hardware,Set Imbusuri Model 88,55,20,152.68,185.37,0.381
2773,Perisabile,[Perisabile] Adeziv Industrial Model 87,70,14,151.88,186.49,0.404
2774,Auto,Set Placute Frana Model 9,19,10,67.14,133.95,0.28
2775,Perisabile,[Perisabile] Spray Degripant Model 15,114,18,211.65,393.06,0.432
2776,Auto,Set Placute Frana Model 12,58,16,175.91,358.79,0.164
2777,Perisabile,[Perisabile] Solutie Curatare Frane Model 13,55,19,65.65,126.5,0.083
2778,Auto,Furtun Intercooler 2.0 TDI Model 5,84,20,233.5,352.28,0.122
2779,Perisabile,[Perisabile] Solutie Curatare Frane Model 91,10,17,261.7,356.22,0.236
2780,Hardware,Incarcator Gaz Model 41,97,19,121.57,293.3,0.043
2781,Auto,Set Placute Frana Model 11,7,5,84.6,167.93,0.471
2782,Electronice,[Electronice] Multimetru Analogic Model 42,63,15,142.83,213.51,0.373
2783,Hardware,Incarcator Gaz Model 65,31,6,202.12,336.41,0.016
2784,Perisabile,[Perisabile] Solutie Curatare Frane Model 79,109,13,166.39,325.98,0.028
2785,Auto,Set Placute Frana Model 57,144,14,205.86,497.61,0.125
2786,Electronice,[Electronice] Multimetru Analogic Model 30,81,19,140.25,280.46,0.178
2787,Auto,Filtru Aer Model 91,57,7,267.17,512.69,0.388
2788,Perisabile,[Perisabile] Solutie Curatare Frane Model 23,58,12,286.01,502.03,0.254
2789,Auto,Furtun Intercooler 2.0 TDI Model 82,134,12,282.37,511.45,0.041
2790,Perisabile,[Perisabile] Adeziv Industrial Model 37,24,7,159.93,309.35,0.439
2791,Auto,Baterie 12V 70Ah Model 27,135,13,209.94,339.24,0.496
2792,Hardware,Trusa Tubulare Model 28,139,13,164.39,375.87,0.295
2793,Perisabile,[Perisabile] Solutie Curatare Frane Model 23,0,20,265.4,331.16,0.101
2794,Hardware,Set Imbusuri Model 40,80,13,256.82,629.32,0.152
2795,Electronice,[Electronice] Modul Transmisie LoRa Model 21,83,17,160.42,265.15,0.202
2796,Perisabile,[Perisabile] Adeziv Industrial Model 39,110,17,129.73,311.27,0.477
2797,Hardware,Incarcator Gaz Model 80,109,20,54.35,81.63,0.137
2798,Perisabile,[Perisabile] Solutie Curatare Frane Model 33,15,7,105.15,179.35,0.328
2799,Auto,Baterie 12V 70Ah Model 86,64,20,124.5,151.14,0.266
2800,Auto,Baterie 12V 70Ah Model 11,105,16,235.03,558.85,0.479
2801,Perisabile,[Perisabile] Spray Degripant Model 8,32,13,64.37,125.2,0.224
2802,Auto,Senzor Debitmetru Model 91,59,8,195.29,266.78,0.248
2803,Perisabile,[Perisabile] Adeziv Industrial Model 38,82,13,177.54,314.78,0.074
2804,Auto,Set Placute Frana Model 83,95,11,162.33,201.53,0.115
2805,Hardware,Trusa Tubulare Model 58,150,19,40.58,66.8,0.392
2806,Auto,Furtun Intercooler 2.0 TDI Model 23,140,8,19.7,31.69,0.353
2807,Perisabile,[Perisabile] Solutie Curatare Frane Model 46,124,8,150.35,300.58,0.016
2808,Auto,Set Placute Frana Model 22,103,19,121.62,165.02,0.34
2809,Auto,Furtun Intercooler 2.0 TDI Model 34,141,7,95.7,223.01,0.12
2810,Hardware,Set Imbusuri Model 7,52,19,204.07,393.91,0.109
2811,Perisabile,[Perisabile] Adeziv Industrial Model 24,42,19,104.54,232.32,0.026
2812,Perisabile,[Perisabile] Solutie Curatare Frane Model 90,126,16,52.63,82.54,0.35
2813,Electronice,[Electronice] Modul Transmisie LoRa Model 32,148,16,186.24,351.5,0.232
2814,Perisabile,[Perisabile] Solutie Curatare Frane Model 48,7,12,44.45,56.36,0.458
2815,Perisabile,[Perisabile] Spray Degripant Model 11,6,7,187.26,366.62,0.116
2816,Perisabile,[Perisabile] Adeziv Industrial Model 95,19,8,240.1,444.96,0.044
2817,Hardware,Cheie Dinamometrica Model 11,52,13,240.87,561.8,0.198
2818,Perisabile,[Perisabile] Adeziv Industrial Model 66,25,12,216.47,262.78,0.379
2819,Hardware,Incarcator Gaz Model 40,133,13,19.34,30.23,0.08
2820,Auto,Rulment Roata Fata Model 62,32,8,152.63,247.55,0.193
2821,Perisabile,[Perisabile] Adeziv Industrial Model 25,66,18,122.93,193.32,0.372
2822,Hardware,Set Imbusuri Model 18,16,14,183.58,263.78,0.42
2823,Perisabile,[Perisabile] Spray Degripant Model 1,20,6,70.18,130.37,0.473
2824,Perisabile,[Perisabile] Solutie Curatare Frane Model 35,97,13,200.43,386.06,0.404
2825,Electronice,[Electronice] Osciloscop Model 30,111,12,232.87,451.68,0.118
2826,Electronice,[Electronice] Osciloscop Model 37,129,13,134.5,289.11,0.116
2827,Hardware,Cheie Dinamometrica Model 11,59,12,244.81,590.73,0.059
2828,Auto,Furtun Intercooler 2.0 TDI Model 34,36,7,73.46,101.13,0.198
2829,Electronice,[Electronice] Sursa Laborator Model 11,24,14,275.8,386.02,0.078
2830,Perisabile,[Perisabile] Spray Degripant Model 14,105,14,221.17,293.83,0.075
2831,Auto,Rulment Roata Fata Model 19,41,16,296.53,632.93,0.412
2832,Perisabile,[Perisabile] Adeziv Industrial Model 46,33,8,29.14,47.75,0.472
2833,Perisabile,[Perisabile] Adeziv Industrial Model 13,21,8,240.03,506.32,0.143
2834,Electronice,[Electronice] Sursa Laborator Model 95,58,5,196.71,402.03,0.392
2835,Perisabile,[Perisabile] Adeziv Industrial Model 52,11,17,101.79,167.32,0.105
2836,Hardware,Cheie Dinamometrica Model 78,22,20,124.12,289.19,0.229
2837,Hardware,Set Imbusuri Model 98,58,11,175.47,284.11,0.475
2838,Auto,Senzor Debitmetru Model 94,137,12,57.68,132.64,0.08
2839,Electronice,[Electronice] Osciloscop Model 74,45,6,297.39,603.55,0.346
2840,Perisabile,[Perisabile] Spray Degripant Model 37,141,17,221.21,486.18,0.191
2841,Perisabile,[Perisabile] Solutie Curatare Frane Model 24,133,16,124.67,276.41,0.414
2842,Electronice,[Electronice] Osciloscop Model 86,1,18,36.72,72.17,0.248
2843,Electronice,[Electronice] Osciloscop Model 63,115,8,149.3,333.16,0.013
2844,Perisabile,[Perisabile] Spray Degripant Model 17,66,18,237.66,379.51,0.321
2845,Electronice,[Electronice] Multimetru Analogic Model 74,126,9,24.77,42.84,0.033
2846,Electronice,[Electronice] Modul Transmisie LoRa Model 21,106,7,278.15,673.84,0.352
2847,Electronice,[Electronice] Sursa Laborator Model 50,28,10,137.56,316.86,0.012
2848,Electronice,[Electronice] Sursa Laborator Model 57,34,20,253.33,485.75,0.219
2849,Auto,Senzor Debitmetru Model 24,114,9,201.32,243.81,0.105
2850,Auto,Baterie 12V 70Ah Model 83,85,20,281.27,379.83,0.254
2851,Perisabile,[Perisabile] Adeziv Industrial Model 37,44,17,236.83,407.21,0.309
2852,Perisabile,[Perisabile] Solutie Curatare Frane Model 40,44,18,70.06,137.76,0.373
2853,Perisabile,[Perisabile] Adeziv Industrial Model 93,42,10,127.29,261.5,0.447
2854,Electronice,[Electronice] Sursa Laborator Model 30,57,7,90.7,138.81,0.411
2855,Auto,Set Placute Frana Model 81,9,8,224.06,349.08,0.263
2856,Electronice,[Electronice] Osciloscop Model 58,15,12,295.05,586.24,0.418
2857,Auto,Filtru Aer Model 22,131,6,41.09,91.37,0.461
2858,Hardware,Cheie Dinamometrica Model 7,90,13,98.82,197.76,0.452
2859,Auto,Baterie 12V 70Ah Model 66,142,19,108.51,229.65,0.331
2860,Auto,Rulment Roata Fata Model 3,24,16,192.72,477.67,0.481
2861,Auto,Furtun Intercooler 2.0 TDI Model 80,66,13,279.89,686.66,0.022
2862,Perisabile,[Perisabile] Adeziv Industrial Model 20,23,6,270.23,371.5,0.372
2863,Auto,Furtun Intercooler 2.0 TDI Model 51,128,5,259.99,539.57,0.218
2864,Perisabile,[Perisabile] Solutie Curatare Frane Model 64,58,8,260.23,524.26,0.379
2865,Perisabile,[Perisabile] Spray Degripant Model 48,55,7,60.77,107.71,0.295
2866,Perisabile,[Perisabile] Solutie Curatare Frane Model 48,131,13,54.86,71.65,0.245
2867,Hardware,Incarcator Gaz Model 88,88,9,266.07,656.36,0.24
2868,Electronice,[Electronice] Sursa Laborator Model 11,50,13,199.51,326.91,0.109
2869,Hardware,Cheie Dinamometrica Model 46,14,16,232.57,469.85,0.389
2870,Perisabile,[Perisabile] Solutie Curatare Frane Model 4,41,17,149.76,298.22,0.042
2871,Perisabile,[Perisabile] Solutie Curatare Frane Model 42,147,7,100.85,133.06,0.315
2872,Hardware,Set Imbusuri Model 47,23,14,235.14,349.29,0.431
2873,Electronice,[Electronice] Multimetru Analogic Model 89,49,10,45.04,93.26,0.124
2874,Auto,Senzor Debitmetru Model 48,84,10,109.17,226.51,0.44
2875,Perisabile,[Perisabile] Spray Degripant Model 31,123,19,266.8,385.32,0.037
2876,Hardware,Incarcator Gaz Model 18,129,17,204.35,337.04,0.139
2877,Hardware,Cheie Dinamometrica Model 12,124,11,212.04,505.2,0.117
2878,Auto,Filtru Aer Model 77,89,14,112.24,279.8,0.306
2879,Hardware,Set Imbusuri Model 74,85,11,289.69,435.68,0.334
2880,Perisabile,[Perisabile] Spray Degripant Model 35,12,7,184.16,443.74,0.162
2881,Electronice,[Electronice] Osciloscop Model 54,64,5,51.57,115.06,0.461
2882,Hardware,Incarcator Gaz Model 2,110,16,139.28,329.75,0.135
2883,Electronice,[Electronice] Multimetru Analogic Model 1,70,8,259.39,457.05,0.039
2884,Electronice,[Electronice] Modul Transmisie LoRa Model 32,35,5,297.39,711.61,0.454
2885,Perisabile,[Perisabile] Spray Degripant Model 9,142,15,198.9,373.28,0.161
2886,Hardware,Set Imbusuri Model 52,102,15,100.25,158.27,0.189
2887,Hardware,Set Imbusuri Model 79,74,18,47.93,71.1,0.114
2888,Perisabile,[Perisabile] Spray Degripant Model 61,1,17,95.01,230.68,0.172
2889,Electronice,[Electronice] Multimetru Analogic Model 88,0,6,203.11,325.42,0.03
2890,Auto,Rulment Roata Fata Model 30,61,5,53.15,110.66,0.341
2891,Perisabile,[Perisabile] Adeziv Industrial Model 49,125,20,208.15,474.21,0.491
2892,Hardware,Incarcator Gaz Model 86,112,6,136.1,220.02,0.043
2893,Hardware,Cheie Dinamometrica Model 38,124,8,154.28,317.87,0.027
2894,Auto,Senzor Debitmetru Model 80,27,7,202.36,252.09,0.158
2895,Hardware,Cheie Dinamometrica Model 30,92,13,164.03,225.05,0.452
2896,Electronice,[Electronice] Osciloscop Model 99,17,20,202.03,444.31,0.111
2897,Perisabile,[Perisabile] Solutie Curatare Frane Model 55,52,9,194.47,272.64,0.371
2898,Perisabile,[Perisabile] Spray Degripant Model 52,64,19,130.32,197.95,0.335
2899,Hardware,Cheie Dinamometrica Model 28,104,7,249.04,375.36,0.065
2900,Hardware,Trusa Tubulare Model 2,107,19,289.03,392.15,0.496
2901,Hardware,Cheie Dinamometrica Model 15,73,12,128.54,258.48,0.33
2902,Perisabile,[Perisabile] Spray Degripant Model 42,38,6,48.8,74.68,0.07
2903,Auto,Senzor Debitmetru Model 40,129,19,270.8,551.4,0.423
2904,Electronice,[Electronice] Modul Transmisie LoRa Model 78,101,14,146.09,291.0,0.144
2905,Hardware,Incarcator Gaz Model 2,0,5,266.11,630.98,0.2
2906,Hardware,Incarcator Gaz Model 53,15,17,83.3,124.01,0.298
2907,Electronice,[Electronice] Sursa Laborator Model 67,38,12,184.2,422.26,0.314
2908,Auto,Set Placute Frana Model 41,78,20,78.25,170.4,0.107
2909,Auto,Filtru Aer Model 55,39,7,65.59,161.63,0.214
2910,Electronice,[Electronice] Multimetru Analogic Model 1,125,8,276.49,534.37,0.016
2911,Hardware,Cheie Dinamometrica Model 26,48,11,161.46,381.2,0.038
2912,Auto,Furtun Intercooler 2.0 TDI Model 83,94,9,206.75,294.21,0.048
2913,Electronice,[Electronice] Osciloscop Model 73,31,5,38.28,92.42,0.023
2914,Auto,Filtru Aer Model 84,38,7,273.83,633.73,0.184
2915,Perisabile,[Perisabile] Spray Degripant Model 70,58,12,77.57,179.06,0.253
2916,Hardware,Cheie Dinamometrica Model 68,74,16,292.58,477.33,0.147
2917,Auto,Furtun Intercooler 2.0 TDI Model 36,15,9,52.65,103.79,0.18
2918,Perisabile,[Perisabile] Solutie Curatare Frane Model 19,111,16,105.95,227.3,0.417
2919,Hardware,Incarcator Gaz Model 56,12,6,13.78,26.47,0.467
2920,Hardware,Incarcator Gaz Model 97,64,6,114.63,269.44,0.221
2921,Electronice,[Electronice] Osciloscop Model 30,110,5,236.74,348.27,0.41
2922,Perisabile,[Perisabile] Spray Degripant Model 44,111,6,56.36,73.48,0.434
2923,Auto,Set Placute Frana Model 82,7,5,227.48,320.67,0.333
2924,Electronice,[Electronice] Multimetru Analogic Model 2,71,19,46.9,107.89,0.182
2925,Perisabile,[Perisabile] Adeziv Industrial Model 45,56,17,213.01,273.75,0.247
2926,Perisabile,[Perisabile] Spray Degripant Model 56,120,18,25.28,57.6,0.436
2927,Electronice,[Electronice] Sursa Laborator Model 14,92,9,80.79,139.94,0.139
2928,Perisabile,[Perisabile] Adeziv Industrial Model 53,102,13,278.0,613.99,0.407
2929,Electronice,[Electronice] Sursa Laborator Model 31,28,17,155.76,250.27,0.287
2930,Electronice,[Electronice] Multimetru Analogic Model 76,26,20,181.62,441.06,0.031
2931,Hardware,Cheie Dinamometrica Model 81,104,17,19.6,43.21,0.352
2932,Electronice,[Electronice] Osciloscop Model 84,3,7,243.58,369.65,0.074
2933,Hardware,Set Imbusuri Model 54,15,17,182.54,452.1,0.116
2934,Hardware,Set Imbusuri Model 83,69,18,81.1,98.99,0.251
2935,Electronice,[Electronice] Sursa Laborator Model 65,8,16,164.37,307.81,0.205
2936,Perisabile,[Perisabile] Solutie Curatare Frane Model 4,105,14,62.16,119.73,0.278
2937,Auto,Set Placute Frana Model 7,29,18,289.16,672.98,0.254
2938,Auto,Furtun Intercooler 2.0 TDI Model 65,92,13,163.24,338.56,0.467
2939,Perisabile,[Perisabile] Solutie Curatare Frane Model 17,111,9,88.34,176.7,0.41
2940,Auto,Set Placute Frana Model 71,88,19,249.4,314.59,0.332
2941,Hardware,Set Imbusuri Model 9,54,10,43.52,68.15,0.053
2942,Perisabile,[Perisabile] Adeziv Industrial Model 83,38,10,100.67,250.02,0.395
2943,Electronice,[Electronice] Osciloscop Model 20,123,7,262.05,622.69,0.472
2944,Perisabile,[Perisabile] Adeziv Industrial Model 27,150,5,215.48,363.02,0.223
2945,Electronice,[Electronice] Multimetru Analogic Model 76,134,20,95.61,121.91,0.143
2946,Auto,Set Placute Frana Model 13,96,16,269.34,647.81,0.34
2947,Electronice,[Electronice] Modul Transmisie LoRa Model 65,137,15,235.4,301.02,0.277
2948,Auto,Senzor Debitmetru Model 8,122,7,285.6,687.85,0.273
2949,Electronice,[Electronice] Osciloscop Model 47,67,10,15.25,37.14,0.19
2950,Perisabile,[Perisabile] Adeziv Industrial Model 96,49,7,73.3,123.15,0.18
2951,Perisabile,[Perisabile] Solutie Curatare Frane Model 32,69,15,63.66,132.62,0.237
2952,Electronice,[Electronice] Sursa Laborator Model 76,46,13,42.92,88.35,0.213
2953,Electronice,[Electronice] Multimetru Analogic Model 85,26,15,74.96,113.31,0.221
2954,Electronice,[Electronice] Sursa Laborator Model 86,100,19,263.46,436.94,0.309
2955,Hardware,Incarcator Gaz Model 54,15,14,296.14,635.11,0.423
2956,Hardware,Set Imbusuri Model 28,90,6,113.6,147.23,0.44
2957,Hardware,Incarcator Gaz Model 30,86,16,296.96,394.06,0.461
2958,Hardware,Set Imbusuri Model 48,115,12,92.59,160.77,0.16
2959,Perisabile,[Perisabile] Solutie Curatare Frane Model 77,131,20,235.18,499.85,0.444
2960,Auto,Filtru Aer Model 43,141,17,140.95,351.98,0.266
2961,Hardware,Incarcator Gaz Model 90,105,12,188.63,291.02,0.414
2962,Hardware,Incarcator Gaz Model 40,67,20,93.87,154.4,0.372
2963,Electronice,[Electronice] Modul Transmisie LoRa Model 68,35,8,22.46,46.59,0.449
2964,Electronice,[Electronice] Sursa Laborator Model 21,9,8,169.44,380.76,0.394
2965,Perisabile,[Perisabile] Adeziv Industrial Model 65,73,6,282.57,405.82,0.17
2966,Perisabile,[Perisabile] Adeziv Industrial Model 90,73,11,285.74,425.42,0.315
2967,Perisabile,[Perisabile] Solutie Curatare Frane Model 47,127,12,118.26,144.81,0.489
2968,Electronice,[Electronice] Multimetru Analogic Model 92,6,20,260.95,446.98,0.053
2969,Perisabile,[Perisabile] Adeziv Industrial Model 98,123,19,73.49,137.69,0.174
2970,Auto,Rulment Roata Fata Model 36,129,10,240.77,376.63,0.376
2971,Perisabile,[Perisabile] Spray Degripant Model 2,42,17,129.31,194.83,0.334
2972,Electronice,[Electronice] Osciloscop Model 17,133,11,173.21,330.57,0.291
2973,Auto,Furtun Intercooler 2.0 TDI Model 88,20,6,227.95,559.38,0.012
2974,Auto,Senzor Debitmetru Model 55,14,7,121.88,270.36,0.256
2975,Hardware,Set Imbusuri Model 10,8,5,191.43,275.57,0.439
2976,Hardware,Trusa Tubulare Model 62,148,10,177.42,270.59,0.089
2977,Hardware,Set Imbusuri Model 83,42,15,29.37,67.56,0.03
2978,Auto,Baterie 12V 70Ah Model 21,89,6,56.17,101.98,0.237
2979,Perisabile,[Perisabile] Solutie Curatare Frane Model 79,66,13,232.48,565.26,0.089
2980,Hardware,Incarcator Gaz Model 1,50,6,179.29,234.14,0.237
2981,Hardware,Cheie Dinamometrica Model 57,139,16,123.9,205.07,0.031
2982,Hardware,Cheie Dinamometrica Model 26,2,17,281.22,449.44,0.074
2983,Hardware,Set Imbusuri Model 38,14,10,31.5,64.95,0.088
2984,Perisabile,[Perisabile] Spray Degripant Model 27,94,19,168.4,289.6,0.477
2985,Perisabile,[Perisabile] Adeziv Industrial Model 98,87,14,246.19,455.57,0.23
2986,Perisabile,[Perisabile] Adeziv Industrial Model 51,118,7,95.34,126.15,0.48
2987,Electronice,[Electronice] Multimetru Analogic Model 27,46,6,136.24,203.68,0.378
2988,Perisabile,[Perisabile] Solutie Curatare Frane Model 4,131,15,95.66,132.5,0.079
2989,Perisabile,[Perisabile] Adeziv Industrial Model 22,92,19,197.19,281.04,0.285
2990,Hardware,Set Imbusuri Model 91,55,16,91.51,205.41,0.409
2991,Electronice,[Electronice] Sursa Laborator Model 85,150,17,149.03,285.61,0.361
2992,Auto,Set Placute Frana Model 49,81,17,227.05,435.76,0.469
2993,Perisabile,[Perisabile] Solutie Curatare Frane Model 26,130,16,158.69,269.68,0.293
2994,Hardware,Incarcator Gaz Model 95,131,16,72.81,148.9,0.078
2995,Perisabile,[Perisabile] Solutie Curatare Frane Model 52,108,13,188.97,377.2,0.304
2996,Hardware,Incarcator Gaz Model 61,77,13,286.3,624.9,0.407
2997,Electronice,[Electronice] Osciloscop Model 22,144,12,76.48,139.66,0.252
2998,Hardware,Trusa Tubulare Model 33,108,9,245.62,405.48,0.404
2999,Auto,Filtru Aer Model 91,108,12,123.21,284.07,0.049
3000,Electronice,[Electronice] Sursa Laborator Model 12,60,13,144.84,286.36,0.138
3001,Hardware,Trusa Tubulare Model 77,20,11,45.64,97.13,0.257
3002,Electronice,[Electronice] Multimetru Analogic Model 44,57,16,261.21,466.06,0.062
3003,Hardware,Cheie Dinamometrica Model 87,16,5,71.62,145.94,0.287
3004,Auto,Filtru Aer Model 94,113,10,204.06,319.2,0.209
3005,Perisabile,[Perisabile] Adeziv Industrial Model 27,138,13,208.82,265.38,0.309
3006,Hardware,Incarcator Gaz Model 29,62,10,293.07,652.3,0.345
3007,Auto,Filtru Aer Model 74,143,20,65.65,88.3,0.123
3008,Electronice,[Electronice] Modul Transmisie LoRa Model 8,111,19,34.21,44.59,0.181
3009,Hardware,Set Imbusuri Model 38,9,20,163.8,382.94,0.293
3010,Hardware,Cheie Dinamometrica Model 3,98,12,148.81,259.5,0.459
3011,Electronice,[Electronice] Multimetru Analogic Model 43,86,15,249.12,523.78,0.351
3012,Electronice,[Electronice] Osciloscop Model 67,91,11,248.15,591.6,0.125
3013,Auto,Rulment Roata Fata Model 14,33,13,259.12,456.38,0.268
3014,Perisabile,[Perisabile] Spray Degripant Model 59,97,10,158.57,243.54,0.364
3015,Hardware,Set Imbusuri Model 95,133,18,186.74,358.42,0.284
3016,Hardware,Trusa Tubulare Model 54,132,16,84.3,143.29,0.099
3017,Auto,Rulment Roata Fata Model 91,58,9,166.54,354.12,0.061
3018,Auto,Furtun Intercooler 2.0 TDI Model 59,38,19,103.71,231.26,0.068
3019,Electronice,[Electronice] Sursa Laborator Model 91,113,13,161.16,391.75,0.091
3020,Auto,Filtru Aer Model 23,135,19,163.08,327.27,0.074
3021,Auto,Baterie 12V 70Ah Model 5,73,14,117.4,175.29,0.317
3022,Hardware,Set Imbusuri Model 39,40,5,272.48,405.77,0.295
3023,Hardware,Cheie Dinamometrica Model 61,98,6,134.38,299.35,0.317
3024,Hardware,Cheie Dinamometrica Model 72,37,17,292.51,676.87,0.277
3025,Electronice,[Electronice] Multimetru Analogic Model 37,64,12,43.76,70.22,0.331
3026,Auto,Filtru Aer Model 61,69,9,37.35,63.67,0.453
3027,Perisabile,[Perisabile] Solutie Curatare Frane Model 89,147,9,118.14,255.71,0.356
3028,Hardware,Trusa Tubulare Model 95,27,20,140.8,287.24,0.235
3029,Electronice,[Electronice] Sursa Laborator Model 97,10,9,224.62,494.68,0.496
3030,Hardware,Incarcator Gaz Model 71,105,5,101.57,216.39,0.225
3031,Perisabile,[Perisabile] Adeziv Industrial Model 47,145,16,120.19,144.37,0.228
3032,Electronice,[Electronice] Osciloscop Model 69,82,12,123.68,199.03,0.323
3033,Hardware,Set Imbusuri Model 20,103,18,182.63,409.78,0.272
3034,Electronice,[Electronice] Modul Transmisie LoRa Model 17,92,11,271.59,348.37,0.192
3035,Auto,Set Placute Frana Model 65,118,6,217.95,412.86,0.485
3036,Auto,Baterie 12V 70Ah Model 15,139,6,238.82,318.21,0.35
3037,Perisabile,[Perisabile] Adeziv Industrial Model 54,6,6,216.14,487.73,0.012
3038,Electronice,[Electronice] Multimetru Analogic Model 42,3,15,116.36,205.99,0.447
3039,Auto,Set Placute Frana Model 36,138,14,283.5,499.74,0.395
3040,Hardware,Trusa Tubulare Model 97,106,16,260.88,475.9,0.142
3041,Perisabile,[Perisabile] Solutie Curatare Frane Model 51,106,12,221.13,366.5,0.383
3042,Electronice,[Electronice] Modul Transmisie LoRa Model 24,63,11,212.33,375.05,0.394
3043,Auto,Set Placute Frana Model 82,84,6,253.27,386.03,0.305
3044,Electronice,[Electronice] Multimetru Analogic Model 99,33,15,139.5,248.91,0.038
3045,Auto,Set Placute Frana Model 66,50,12,117.51,179.23,0.05
3046,Auto,Rulment Roata Fata Model 89,98,11,71.84,171.05,0.058
3047,Hardware,Incarcator Gaz Model 94,85,9,34.59,41.69,0.313
3048,Perisabile,[Perisabile] Adeziv Industrial Model 20,134,16,107.75,178.28,0.425
3049,Perisabile,[Perisabile] Solutie Curatare Frane Model 16,132,16,128.84,279.52,0.061
3050,Auto,Furtun Intercooler 2.0 TDI Model 99,25,16,142.53,221.39,0.064
3051,Perisabile,[Perisabile] Adeziv Industrial Model 74,117,5,54.82,72.41,0.185
3052,Auto,Senzor Debitmetru Model 77,52,12,270.57,358.22,0.162
3053,Hardware,Cheie Dinamometrica Model 4,96,10,90.77,191.7,0.132
3054,Perisabile,[Perisabile] Solutie Curatare Frane Model 42,100,9,88.35,152.72,0.035
3055,Electronice,[Electronice] Osciloscop Model 2,54,12,183.26,339.88,0.409
3056,Perisabile,[Perisabile] Adeziv Industrial Model 87,21,17,218.83,385.5,0.084
3057,Perisabile,[Perisabile] Solutie Curatare Frane Model 27,84,17,12.19,24.77,0.166
3058,Perisabile,[Perisabile] Spray Degripant Model 34,148,12,11.94,15.65,0.426
3059,Electronice,[Electronice] Sursa Laborator Model 50,50,16,47.4,102.27,0.313
3060,Electronice,[Electronice] Modul Transmisie LoRa Model 90,100,9,16.87,31.86,0.329
3061,Auto,Filtru Aer Model 83,12,15,107.67,172.98,0.073
3062,Perisabile,[Perisabile] Spray Degripant Model 47,44,20,102.53,242.27,0.365
3063,Auto,Baterie 12V 70Ah Model 33,53,18,268.43,387.5,0.269
3064,Auto,Furtun Intercooler 2.0 TDI Model 43,150,15,12.45,29.97,0.467
3065,Perisabile,[Perisabile] Spray Degripant Model 4,33,13,107.7,223.97,0.213
3066,Auto,Set Placute Frana Model 88,138,18,206.98,515.05,0.294
3067,Auto,Senzor Debitmetru Model 57,90,10,280.39,460.84,0.122
3068,Electronice,[Electronice] Modul Transmisie LoRa Model 1,144,5,226.35,293.73,0.367
3069,Hardware,Cheie Dinamometrica Model 56,36,14,185.08,356.24,0.291
3070,Perisabile,[Perisabile] Adeziv Industrial Model 4,9,16,241.58,446.73,0.162
3071,Electronice,[Electronice] Sursa Laborator Model 89,16,12,245.47,393.4,0.118
3072,Hardware,Set Imbusuri Model 2,0,19,142.6,340.11,0.152
3073,Electronice,[Electronice] Modul Transmisie LoRa Model 91,54,11,29.79,37.65,0.388
3074,Hardware,Trusa Tubulare Model 45,93,7,21.75,53.27,0.488
3075,Hardware,Cheie Dinamometrica Model 14,62,17,205.25,275.13,0.343
3076,Auto,Senzor Debitmetru Model 96,134,18,161.62,208.55,0.071
3077,Hardware,Set Imbusuri Model 88,52,11,215.02,272.75,0.359
3078,Electronice,[Electronice] Sursa Laborator Model 46,25,6,174.41,302.23,0.391
3079,Auto,Baterie 12V 70Ah Model 79,27,20,212.21,412.59,0.367
3080,Auto,Set Placute Frana Model 75,70,19,69.19,121.55,0.349
3081,Auto,Filtru Aer Model 20,149,16,110.9,233.93,0.067
3082,Electronice,[Electronice] Modul Transmisie LoRa Model 91,62,7,213.39,451.38,0.394
3083,Electronice,[Electronice] Modul Transmisie LoRa Model 67,144,12,50.86,68.13,0.342
3084,Perisabile,[Perisabile] Adeziv Industrial Model 23,34,13,62.46,152.04,0.494
3085,Electronice,[Electronice] Osciloscop Model 92,42,9,58.08,82.86,0.307
3086,Perisabile,[Perisabile] Adeziv Industrial Model 88,59,19,185.0,361.39,0.141
3087,Hardware,Trusa Tubulare Model 79,128,6,297.78,590.39,0.142
3088,Hardware,Incarcator Gaz Model 44,4,20,81.37,196.5,0.367
3089,Electronice,[Electronice] Osciloscop Model 86,70,11,260.6,324.05,0.176
3090,Auto,Senzor Debitmetru Model 72,64,5,228.46,345.27,0.063
3091,Auto,Senzor Debitmetru Model 50,97,16,18.54,29.04,0.391
3092,Hardware,Trusa Tubulare Model 92,137,13,69.06,156.8,0.146
3093,Electronice,[Electronice] Osciloscop Model 45,121,17,199.96,269.75,0.451
3094,Auto,Filtru Aer Model 50,66,19,266.59,513.38,0.122
3095,Hardware,Set Imbusuri Model 98,43,12,252.95,591.83,0.037
3096,Auto,Furtun Intercooler 2.0 TDI Model 70,128,5,40.53,84.96,0.366
3097,Electronice,[Electronice] Sursa Laborator Model 80,71,9,109.54,233.11,0.408
3098,Auto,Rulment Roata Fata Model 14,47,9,185.88,263.28,0.069
3099,Hardware,Set Imbusuri Model 34,85,5,146.82,240.07,0.363
3100,Hardware,Set Imbusuri Model 79,38,20,34.47,45.59,0.314
3101,Auto,Set Placute Frana Model 39,54,8,201.15,439.43,0.068
3102,Electronice,[Electronice] Multimetru Analogic Model 77,142,14,222.76,544.01,0.029
3103,Perisabile,[Perisabile] Spray Degripant Model 37,13,12,67.71,122.26,0.282
3104,Hardware,Trusa Tubulare Model 86,84,15,240.4,491.67,0.412
3105,Electronice,[Electronice] Sursa Laborator Model 51,113,7,23.28,43.54,0.315
3106,Perisabile,[Perisabile] Solutie Curatare Frane Model 16,140,20,170.92,245.02,0.135
3107,Perisabile,[Perisabile] Spray Degripant Model 88,66,12,116.11,193.45,0.219
3108,Perisabile,[Perisabile] Solutie Curatare Frane Model 67,7,13,208.82,396.01,0.468
3109,Auto,Filtru Aer Model 97,86,8,145.51,211.52,0.119
3110,Electronice,[Electronice] Multimetru Analogic Model 6,50,20,152.56,223.12,0.062
3111,Electronice,[Electronice] Osciloscop Model 98,37,6,190.39,315.29,0.39
3112,Hardware,Cheie Dinamometrica Model 19,79,13,134.68,301.91,0.251
3113,Electronice,[Electronice] Multimetru Analogic Model 28,132,6,191.96,301.58,0.119
3114,Electronice,[Electronice] Modul Transmisie LoRa Model 50,46,19,295.05,482.34,0.472
3115,Auto,Furtun Intercooler 2.0 TDI Model 50,125,16,168.91,303.85,0.184
3116,Auto,Set Placute Frana Model 20,85,14,274.49,561.31,0.235
3117,Perisabile,[Perisabile] Spray Degripant Model 69,104,6,287.93,560.91,0.162
3118,Hardware,Set Imbusuri Model 30,30,14,24.37,55.64,0.191
3119,Electronice,[Electronice] Sursa Laborator Model 27,69,10,133.7,290.95,0.124
3120,Auto,Filtru Aer Model 96,37,20,114.73,266.56,0.302
3121,Auto,Rulment Roata Fata Model 23,92,5,113.91,216.85,0.244
3122,Auto,Baterie 12V 70Ah Model 63,114,12,79.32,160.6,0.453
3123,Hardware,Cheie Dinamometrica Model 62,73,8,71.92,117.47,0.333
3124,Electronice,[Electronice] Modul Transmisie LoRa Model 41,150,9,290.39,394.38,0.217
3125,Perisabile,[Perisabile] Spray Degripant Model 29,58,10,113.41,241.89,0.292
3126,Hardware,Trusa Tubulare Model 40,10,17,276.82,646.44,0.368
3127,Hardware,Cheie Dinamometrica Model 1,0,10,27.89,63.94,0.155
3128,Perisabile,[Perisabile] Adeziv Industrial Model 49,113,12,163.41,241.33,0.263
3129,Hardware,Set Imbusuri Model 64,70,7,48.08,115.51,0.48
3130,Auto,Set Placute Frana Model 72,31,17,155.13,219.49,0.08
3131,Perisabile,[Perisabile] Spray Degripant Model 55,77,15,30.53,41.88,0.302
3132,Perisabile,[Perisabile] Adeziv Industrial Model 14,145,11,139.24,241.6,0.093
3133,Perisabile,[Perisabile] Adeziv Industrial Model 2,98,12,200.02,255.77,0.408
3134,Hardware,Incarcator Gaz Model 90,41,17,231.95,496.61,0.071
3135,Electronice,[Electronice] Sursa Laborator Model 99,114,9,274.91,399.47,0.053
3136,Perisabile,[Perisabile] Spray Degripant Model 77,70,16,117.65,281.55,0.22
3137,Hardware,Incarcator Gaz Model 32,113,18,83.48,133.64,0.486
3138,Hardware,Incarcator Gaz Model 6,121,15,174.88,260.26,0.143
3139,Electronice,[Electronice] Sursa Laborator Model 19,52,13,141.24,298.79,0.148
3140,Perisabile,[Perisabile] Spray Degripant Model 64,77,17,76.41,155.59,0.204
3141,Electronice,[Electronice] Multimetru Analogic Model 58,145,16,78.09,146.35,0.469
3142,Electronice,[Electronice] Osciloscop Model 68,57,15,48.58,58.39,0.342
3143,Perisabile,[Perisabile] Spray Degripant Model 18,2,12,158.21,336.17,0.341
3144,Electronice,[Electronice] Modul Transmisie LoRa Model 17,125,17,30.07,50.86,0.475
3145,Perisabile,[Perisabile] Adeziv Industrial Model 99,42,5,227.54,443.16,0.494
3146,Perisabile,[Perisabile] Spray Degripant Model 39,144,6,286.98,348.32,0.075
3147,Auto,Rulment Roata Fata Model 99,45,5,121.72,226.25,0.417
3148,Perisabile,[Perisabile] Adeziv Industrial Model 99,18,20,130.94,325.29,0.196
3149,Perisabile,[Perisabile] Spray Degripant Model 21,38,7,32.68,41.95,0.256
3150,Perisabile,[Perisabile] Spray Degripant Model 77,133,7,151.89,217.28,0.402
3151,Electronice,[Electronice] Osciloscop Model 43,136,9,29.12,40.35,0.478
3152,Electronice,[Electronice] Osciloscop Model 72,123,7,55.08,91.45,0.179
3153,Perisabile,[Perisabile] Spray Degripant Model 94,39,17,143.58,198.06,0.222
3154,Hardware,Cheie Dinamometrica Model 36,27,16,80.83,175.0,0.122
3155,Auto,Senzor Debitmetru Model 83,47,19,50.82,75.21,0.294
3156,Auto,Furtun Intercooler 2.0 TDI Model 92,1,17,10.29,16.08,0.143
3157,Hardware,Incarcator Gaz Model 73,100,8,271.28,407.35,0.257
3158,Perisabile,[Perisabile] Solutie Curatare Frane Model 30,127,13,81.75,138.23,0.012
3159,Electronice,[Electronice] Osciloscop Model 9,20,17,226.87,517.85,0.415
3160,Hardware,Cheie Dinamometrica Model 81,141,12,130.93,254.26,0.353
3161,Hardware,Incarcator Gaz Model 40,4,14,42.51,58.82,0.368
3162,Hardware,Trusa Tubulare Model 55,104,19,12.7,25.04,0.405
3163,Auto,Baterie 12V 70Ah Model 98,59,11,150.75,376.83,0.408
3164,Perisabile,[Perisabile] Adeziv Industrial Model 58,27,5,155.4,223.72,0.099
3165,Electronice,[Electronice] Modul Transmisie LoRa Model 93,70,7,188.49,341.9,0.41
3166,Auto,Rulment Roata Fata Model 46,11,18,248.14,441.88,0.283
3167,Electronice,[Electronice] Osciloscop Model 64,79,7,194.07,414.61,0.247
3168,Electronice,[Electronice] Osciloscop Model 90,10,9,150.95,310.11,0.394
3169,Electronice,[Electronice] Sursa Laborator Model 35,94,15,170.34,252.47,0.085
3170,Hardware,Trusa Tubulare Model 34,133,14,160.8,299.91,0.089
3171,Hardware,Trusa Tubulare Model 75,11,15,123.26,246.63,0.176
3172,Hardware,Incarcator Gaz Model 84,40,9,269.49,467.9,0.048
3173,Perisabile,[Perisabile] Adeziv Industrial Model 22,55,5,67.26,127.04,0.104
3174,Auto,Rulment Roata Fata Model 1,39,15,284.86,560.16,0.095
3175,Hardware,Cheie Dinamometrica Model 18,117,17,58.42,70.16,0.303
3176,Electronice,[Electronice] Osciloscop Model 62,92,17,230.72,493.61,0.231
3177,Hardware,Incarcator Gaz Model 96,18,6,181.15,287.44,0.204
3178,Electronice,[Electronice] Multimetru Analogic Model 72,85,12,175.93,396.2,0.112
3179,Perisabile,[Perisabile] Solutie Curatare Frane Model 70,61,7,271.8,638.68,0.24
3180,Perisabile,[Perisabile] Adeziv Industrial Model 43,130,16,154.26,252.63,0.013
3181,Electronice,[Electronice] Modul Transmisie LoRa Model 82,47,6,232.03,440.7,0.286
3182,Auto,Baterie 12V 70Ah Model 15,76,10,197.31,417.01,0.361
3183,Perisabile,[Perisabile] Spray Degripant Model 17,104,13,292.71,361.86,0.186
3184,Perisabile,[Perisabile] Adeziv Industrial Model 24,5,16,109.0,136.98,0.408
3185,Hardware,Set Imbusuri Model 27,13,15,29.0,65.13,0.209
3186,Perisabile,[Perisabile] Solutie Curatare Frane Model 21,22,18,180.9,419.92,0.266
3187,Hardware,Trusa Tubulare Model 81,63,19,136.43,322.68,0.49
3188,Electronice,[Electronice] Osciloscop Model 78,149,5,25.4,37.06,0.271
3189,Perisabile,[Perisabile] Solutie Curatare Frane Model 61,148,7,17.73,27.62,0.251
3190,Hardware,Trusa Tubulare Model 58,102,8,113.28,257.16,0.045
3191,Electronice,[Electronice] Modul Transmisie LoRa Model 68,83,15,76.31,158.14,0.31
3192,Electronice,[Electronice] Modul Transmisie LoRa Model 44,7,6,245.32,395.5,0.375
3193,Perisabile,[Perisabile] Adeziv Industrial Model 96,19,12,294.69,718.69,0.165
3194,Electronice,[Electronice] Modul Transmisie LoRa Model 96,86,12,215.12,500.94,0.468
3195,Perisabile,[Perisabile] Solutie Curatare Frane Model 44,26,17,123.71,236.29,0.233
3196,Hardware,Trusa Tubulare Model 72,88,8,111.86,232.78,0.086
3197,Hardware,Incarcator Gaz Model 26,48,11,184.01,288.38,0.053
3198,Perisabile,[Perisabile] Solutie Curatare Frane Model 68,53,13,82.97,188.78,0.181
3199,Hardware,Incarcator Gaz Model 49,56,9,52.71,82.05,0.127
3200,Electronice,[Electronice] Sursa Laborator Model 60,101,16,236.56,533.1,0.411
3201,Hardware,Cheie Dinamometrica Model 49,58,6,27.84,33.62,0.348
3202,Hardware,Incarcator Gaz Model 42,32,14,68.18,125.23,0.458
3203,Hardware,Cheie Dinamometrica Model 24,82,16,30.27,53.54,0.102
3204,Hardware,Trusa Tubulare Model 21,4,10,272.45,517.55,0.469
3205,Electronice,[Electronice] Osciloscop Model 62,9,8,33.18,63.55,0.206
3206,Auto,Baterie 12V 70Ah Model 64,118,20,286.48,413.35,0.192
3207,Auto,Furtun Intercooler 2.0 TDI Model 60,150,15,114.32,197.88,0.207
3208,Electronice,[Electronice] Sursa Laborator Model 45,40,7,224.38,558.96,0.247
3209,Perisabile,[Perisabile] Adeziv Industrial Model 9,148,16,137.22,237.36,0.239
3210,Electronice,[Electronice] Osciloscop Model 10,150,17,93.66,123.81,0.384
3211,Auto,Furtun Intercooler 2.0 TDI Model 87,30,16,294.7,528.1,0.355
3212,Electronice,[Electronice] Modul Transmisie LoRa Model 71,10,8,65.75,92.24,0.334
3213,Perisabile,[Perisabile] Solutie Curatare Frane Model 81,14,15,172.36,220.99,0.179
3214,Perisabile,[Perisabile] Spray Degripant Model 22,115,9,278.96,356.51,0.194
3215,Electronice,[Electronice] Osciloscop Model 39,109,12,44.74,78.15,0.095
3216,Auto,Rulment Roata Fata Model 63,35,8,83.66,197.28,0.345
3217,Electronice,[Electronice] Osciloscop Model 13,78,5,254.17,440.33,0.256
3218,Electronice,[Electronice] Modul Transmisie LoRa Model 47,47,8,286.74,435.91,0.023
3219,Perisabile,[Perisabile] Spray Degripant Model 8,47,18,194.13,347.67,0.158
3220,Electronice,[Electronice] Modul Transmisie LoRa Model 42,25,10,209.03,433.23,0.433
3221,Electronice,[Electronice] Modul Transmisie LoRa Model 57,125,11,17.29,34.9,0.093
3222,Hardware,Incarcator Gaz Model 86,115,18,160.99,254.48,0.272
3223,Perisabile,[Perisabile] Solutie Curatare Frane Model 48,90,18,232.45,304.07,0.242
3224,Hardware,Cheie Dinamometrica Model 61,87,12,125.89,242.99,0.229
3225,Hardware,Incarcator Gaz Model 53,99,17,91.55,163.91,0.278
3226,Hardware,Trusa Tubulare Model 52,136,16,91.24,127.98,0.379
3227,Perisabile,[Perisabile] Adeziv Industrial Model 40,36,19,94.74,194.76,0.113
3228,Perisabile,[Perisabile] Solutie Curatare Frane Model 97,97,9,60.67,105.31,0.157
3229,Perisabile,[Perisabile] Adeziv Industrial Model 53,54,8,204.32,499.19,0.022
3230,Auto,Set Placute Frana Model 38,117,14,189.03,387.32,0.498
3231,Perisabile,[Perisabile] Adeziv Industrial Model 32,149,19,179.36,311.51,0.336
3232,Perisabile,[Perisabile] Adeziv Industrial Model 16,30,11,58.48,71.1,0.34
3233,Auto,Baterie 12V 70Ah Model 56,148,18,124.32,179.37,0.243
3234,Perisabile,[Perisabile] Spray Degripant Model 35,51,5,69.79,169.32,0.041
3235,Electronice,[Electronice] Osciloscop Model 76,54,9,11.15,20.03,0.144
3236,Electronice,[Electronice] Multimetru Analogic Model 31,136,19,20.21,30.46,0.178
3237,Auto,Set Placute Frana Model 1,63,16,279.18,486.46,0.151
3238,Electronice,[Electronice] Multimetru Analogic Model 36,111,14,282.64,392.82,0.135
3239,Hardware,Incarcator Gaz Model 72,101,7,181.75,343.03,0.407
3240,Electronice,[Electronice] Sursa Laborator Model 29,95,17,219.2,394.95,0.3
3241,Hardware,Set Imbusuri Model 4,142,17,230.5,418.88,0.43
3242,Electronice,[Electronice] Multimetru Analogic Model 83,146,8,172.68,347.61,0.122
3243,Perisabile,[Perisabile] Spray Degripant Model 95,123,10,161.4,195.99,0.085
3244,Electronice,[Electronice] Modul Transmisie LoRa Model 49,83,9,208.75,278.32,0.083
3245,Hardware,Trusa Tubulare Model 4,89,5,156.3,349.21,0.313
3246,Electronice,[Electronice] Multimetru Analogic Model 69,127,18,196.97,408.7,0.5
3247,Perisabile,[Perisabile] Solutie Curatare Frane Model 40,57,17,160.54,360.23,0.096
3248,Electronice,[Electronice] Sursa Laborator Model 6,116,20,19.53,45.88,0.092
3249,Hardware,Set Imbusuri Model 70,24,5,98.74,129.08,0.309
3250,Electronice,[Electronice] Multimetru Analogic Model 93,128,5,101.28,165.98,0.177
3251,Hardware,Trusa Tubulare Model 20,64,20,11.71,28.96,0.328
3252,Electronice,[Electronice] Multimetru Analogic Model 37,65,12,31.84,79.1,0.07
3253,Electronice,[Electronice] Osciloscop Model 67,105,17,99.99,178.35,0.121
3254,Hardware,Incarcator Gaz Model 78,81,9,112.8,253.13,0.054
3255,Electronice,[Electronice] Osciloscop Model 14,12,15,246.61,375.15,0.261
3256,Auto,Filtru Aer Model 73,12,5,290.51,668.39,0.487
3257,Perisabile,[Perisabile] Spray Degripant Model 37,83,19,183.96,356.61,0.308
3258,Auto,Baterie 12V 70Ah Model 90,96,17,258.39,470.33,0.344
3259,Hardware,Set Imbusuri Model 75,68,12,76.94,189.86,0.264
3260,Electronice,[Electronice] Modul Transmisie LoRa Model 60,19,5,213.62,485.86,0.353
3261,Auto,Set Placute Frana Model 34,87,14,38.22,57.12,0.352
3262,Perisabile,[Perisabile] Spray Degripant Model 53,78,10,17.12,27.1,0.471
3263,Perisabile,[Perisabile] Solutie Curatare Frane Model 22,36,14,121.35,280.88,0.348
3264,Perisabile,[Perisabile] Solutie Curatare Frane Model 34,73,19,48.7,90.65,0.413
3265,Hardware,Incarcator Gaz Model 21,81,8,227.62,517.66,0.109
3266,Electronice,[Electronice] Osciloscop Model 39,31,9,271.08,572.57,0.227
3267,Perisabile,[Perisabile] Adeziv Industrial Model 98,51,13,174.33,399.11,0.19
3268,Electronice,[Electronice] Sursa Laborator Model 51,150,7,290.15,475.5,0.298
3269,Perisabile,[Perisabile] Adeziv Industrial Model 38,110,7,18.54,25.87,0.194
3270,Electronice,[Electronice] Modul Transmisie LoRa Model 73,145,14,10.45,19.59,0.45
3271,Electronice,[Electronice] Osciloscop Model 82,120,17,100.57,126.15,0.488
3272,Electronice,[Electronice] Sursa Laborator Model 66,118,18,253.3,345.13,0.5
3273,Electronice,[Electronice] Sursa Laborator Model 34,115,18,210.09,512.53,0.228
3274,Auto,Rulment Roata Fata Model 11,39,10,106.59,165.55,0.401
3275,Electronice,[Electronice] Osciloscop Model 37,32,17,67.8,168.64,0.357
3276,Electronice,[Electronice] Multimetru Analogic Model 43,52,17,107.32,254.85,0.354
3277,Electronice,[Electronice] Sursa Laborator Model 87,29,16,285.33,667.13,0.376
3278,Hardware,Cheie Dinamometrica Model 61,82,12,212.62,339.84,0.087
3279,Auto,Baterie 12V 70Ah Model 41,89,9,157.1,201.7,0.447
3280,Perisabile,[Perisabile] Adeziv Industrial Model 75,38,13,34.25,76.76,0.117
3281,Electronice,[Electronice] Modul Transmisie LoRa Model 1,39,20,145.7,299.62,0.443
3282,Hardware,Cheie Dinamometrica Model 88,146,6,155.02,376.82,0.083
3283,Perisabile,[Perisabile] Solutie Curatare Frane Model 83,100,14,18.48,29.69,0.086
3284,Perisabile,[Perisabile] Adeziv Industrial Model 72,135,9,172.43,303.33,0.111
3285,Electronice,[Electronice] Osciloscop Model 87,83,10,16.96,35.49,0.071
3286,Hardware,Incarcator Gaz Model 12,57,7,179.92,273.18,0.07
3287,Auto,Set Placute Frana Model 1,129,5,153.5,352.42,0.411
3288,Perisabile,[Perisabile] Adeziv Industrial Model 48,32,5,88.82,156.02,0.081
3289,Auto,Senzor Debitmetru Model 41,68,11,153.47,362.66,0.195
3290,Perisabile,[Perisabile] Solutie Curatare Frane Model 8,129,12,243.98,520.06,0.096
3291,Auto,Filtru Aer Model 52,36,13,209.57,355.06,0.375
3292,Electronice,[Electronice] Modul Transmisie LoRa Model 86,73,16,184.16,340.97,0.359
3293,Perisabile,[Perisabile] Adeziv Industrial Model 54,5,19,136.77,338.31,0.332
3294,Auto,Senzor Debitmetru Model 65,8,7,67.26,109.68,0.367
3295,Auto,Set Placute Frana Model 34,122,6,229.56,343.85,0.207
3296,Perisabile,[Perisabile] Spray Degripant Model 51,132,8,39.0,81.45,0.231
3297,Hardware,Set Imbusuri Model 11,39,10,10.06,12.75,0.351
3298,Perisabile,[Perisabile] Spray Degripant Model 87,132,9,288.62,423.49,0.236
3299,Hardware,Cheie Dinamometrica Model 32,71,9,89.99,200.42,0.137
3300,Hardware,Incarcator Gaz Model 5,13,9,230.59,434.21,0.381
3301,Electronice,[Electronice] Sursa Laborator Model 94,69,14,252.88,524.47,0.095
3302,Hardware,Cheie Dinamometrica Model 77,108,6,23.9,48.34,0.129
3303,Auto,Set Placute Frana Model 26,81,18,227.7,551.39,0.441
3304,Electronice,[Electronice] Sursa Laborator Model 20,105,5,219.51,509.87,0.412
3305,Hardware,Set Imbusuri Model 79,71,15,62.3,96.41,0.126
3306,Perisabile,[Perisabile] Spray Degripant Model 20,84,19,21.99,54.42,0.344
3307,Electronice,[Electronice] Sursa Laborator Model 72,61,11,127.13,175.2,0.258
3308,Electronice,[Electronice] Multimetru Analogic Model 95,29,13,64.94,159.91,0.491
3309,Auto,Senzor Debitmetru Model 23,140,19,138.19,202.11,0.133
3310,Electronice,[Electronice] Multimetru Analogic Model 95,137,8,272.09,450.76,0.493
3311,Hardware,Cheie Dinamometrica Model 35,146,9,68.19,168.73,0.036
3312,Perisabile,[Perisabile] Adeziv Industrial Model 9,22,11,235.86,383.16,0.232
3313,Auto,Furtun Intercooler 2.0 TDI Model 83,30,20,133.65,274.49,0.088
3314,Hardware,Set Imbusuri Model 7,58,14,79.28,197.67,0.141
3315,Auto,Baterie 12V 70Ah Model 77,8,16,87.35,191.2,0.469
3316,Hardware,Trusa Tubulare Model 39,48,14,174.13,249.9,0.227
3317,Perisabile,[Perisabile] Adeziv Industrial Model 29,15,11,36.95,86.86,0.241
3318,Hardware,Incarcator Gaz Model 55,135,17,271.07,528.51,0.457
3319,Perisabile,[Perisabile] Adeziv Industrial Model 13,127,5,185.84,328.54,0.484
3320,Electronice,[Electronice] Modul Transmisie LoRa Model 50,58,10,299.5,459.47,0.13
3321,Hardware,Incarcator Gaz Model 95,42,15,75.96,94.97,0.195
3322,Electronice,[Electronice] Sursa Laborator Model 56,121,15,136.93,208.32,0.434
3323,Perisabile,[Perisabile] Solutie Curatare Frane Model 40,36,13,70.83,156.69,0.095
3324,Perisabile,[Perisabile] Spray Degripant Model 80,35,17,141.86,324.97,0.439
3325,Electronice,[Electronice] Modul Transmisie LoRa Model 95,15,5,155.51,210.26,0.426
3326,Perisabile,[Perisabile] Adeziv Industrial Model 18,118,7,102.0,228.15,0.483
3327,Hardware,Incarcator Gaz Model 89,35,11,263.38,352.84,0.04
3328,Perisabile,[Perisabile] Adeziv Industrial Model 93,122,7,119.17,216.76,0.455
3329,Hardware,Cheie Dinamometrica Model 83,99,5,220.5,286.15,0.228
3330,Auto,Senzor Debitmetru Model 81,81,18,276.6,346.49,0.152
3331,Auto,Set Placute Frana Model 53,70,20,180.46,359.8,0.075
3332,Perisabile,[Perisabile] Adeziv Industrial Model 4,0,17,200.4,500.22,0.471
3333,Perisabile,[Perisabile] Adeziv Industrial Model 32,37,16,122.55,207.7,0.094
3334,Perisabile,[Perisabile] Spray Degripant Model 53,83,18,110.6,252.46,0.022
3335,Electronice,[Electronice] Modul Transmisie LoRa Model 78,92,11,159.23,345.8,0.016
3336,Electronice,[Electronice] Multimetru Analogic Model 38,99,11,210.67,483.41,0.179
3337,Electronice,[Electronice] Multimetru Analogic Model 80,66,20,217.48,302.57,0.03
3338,Auto,Furtun Intercooler 2.0 TDI Model 43,71,14,210.19,443.57,0.129
3339,Electronice,[Electronice] Modul Transmisie LoRa Model 50,51,7,107.98,200.56,0.042
3340,Auto,Baterie 12V 70Ah Model 72,124,13,248.07,317.15,0.082
3341,Perisabile,[Perisabile] Solutie Curatare Frane Model 48,14,10,265.83,511.14,0.09
3342,Auto,Set Placute Frana Model 37,100,5,267.06,521.77,0.271
3343,Hardware,Cheie Dinamometrica Model 35,39,19,122.73,232.87,0.395
3344,Auto,Filtru Aer Model 34,111,10,252.88,529.36,0.302
3345,Perisabile,[Perisabile] Solutie Curatare Frane Model 33,131,18,264.48,512.97,0.092
3346,Hardware,Cheie Dinamometrica Model 2,100,14,132.22,238.13,0.486
3347,Electronice,[Electronice] Sursa Laborator Model 82,46,6,280.73,662.98,0.246
3348,Electronice,[Electronice] Multimetru Analogic Model 82,16,11,288.19,629.65,0.334
3349,Electronice,[Electronice] Osciloscop Model 68,139,15,14.75,32.24,0.143
3350,Auto,Furtun Intercooler 2.0 TDI Model 78,78,18,21.0,45.93,0.149
3351,Perisabile,[Perisabile] Adeziv Industrial Model 94,143,6,35.46,65.28,0.175
3352,Perisabile,[Perisabile] Adeziv Industrial Model 61,140,6,77.95,169.13,0.403
3353,Perisabile,[Perisabile] Solutie Curatare Frane Model 81,123,11,66.57,88.63,0.021
3354,Perisabile,[Perisabile] Adeziv Industrial Model 96,54,5,14.06,33.19,0.177
3355,Hardware,Trusa Tubulare Model 69,30,11,165.41,303.48,0.153
3356,Perisabile,[Perisabile] Spray Degripant Model 56,107,15,242.49,298.5,0.202
3357,Auto,Filtru Aer Model 68,138,6,142.91,325.8,0.329
3358,Auto,Filtru Aer Model 19,9,18,222.91,317.13,0.112
3359,Perisabile,[Perisabile] Spray Degripant Model 96,131,12,93.08,158.43,0.061
3360,Perisabile,[Perisabile] Adeziv Industrial Model 61,141,14,203.82,445.72,0.087
3361,Auto,Senzor Debitmetru Model 16,35,8,39.95,57.62,0.336
3362,Perisabile,[Perisabile] Solutie Curatare Frane Model 30,1,12,295.63,731.48,0.141
3363,Auto,Rulment Roata Fata Model 87,91,18,48.51,105.24,0.268
3364,Perisabile,[Perisabile] Solutie Curatare Frane Model 99,51,7,196.96,383.69,0.161
3365,Auto,Set Placute Frana Model 39,70,5,294.83,698.39,0.044
3366,Auto,Rulment Roata Fata Model 69,60,20,150.85,228.68,0.421
3367,Hardware,Trusa Tubulare Model 34,87,6,259.65,366.21,0.404
3368,Perisabile,[Perisabile] Solutie Curatare Frane Model 8,129,15,144.14,175.28,0.019
3369,Electronice,[Electronice] Multimetru Analogic Model 27,76,6,262.21,403.55,0.041
3370,Auto,Senzor Debitmetru Model 25,29,8,226.28,446.23,0.065
3371,Perisabile,[Perisabile] Spray Degripant Model 12,27,7,76.35,93.13,0.207
3372,Electronice,[Electronice] Osciloscop Model 4,61,14,285.94,494.9,0.064
3373,Auto,Furtun Intercooler 2.0 TDI Model 56,58,15,235.01,393.32,0.215
3374,Perisabile,[Perisabile] Adeziv Industrial Model 69,111,19,72.74,169.3,0.097
3375,Perisabile,[Perisabile] Adeziv Industrial Model 12,9,14,226.46,497.85,0.012
3376,Perisabile,[Perisabile] Spray Degripant Model 12,119,12,144.92,266.52,0.451
3377,Hardware,Incarcator Gaz Model 47,83,10,207.92,397.96,0.046
3378,Perisabile,[Perisabile] Solutie Curatare Frane Model 79,134,13,53.58,81.03,0.069
3379,Hardware,Cheie Dinamometrica Model 35,73,10,15.47,28.18,0.141
3380,Hardware,Cheie Dinamometrica Model 30,148,10,33.86,81.95,0.074
3381,Auto,Filtru Aer Model 65,11,13,31.45,55.19,0.362
3382,Auto,Rulment Roata Fata Model 2,3,18,65.13,152.51,0.016
3383,Auto,Filtru Aer Model 31,35,12,292.32,710.58,0.307
3384,Electronice,[Electronice] Modul Transmisie LoRa Model 48,1,19,43.29,80.34,0.417
3385,Perisabile,[Perisabile] Spray Degripant Model 68,19,16,42.69,71.43,0.483
3386,Auto,Rulment Roata Fata Model 63,108,12,219.41,341.02,0.287
3387,Perisabile,[Perisabile] Solutie Curatare Frane Model 52,76,12,16.18,24.14,0.379
3388,Perisabile,[Perisabile] Solutie Curatare Frane Model 55,26,15,174.32,212.42,0.187
3389,Perisabile,[Perisabile] Spray Degripant Model 48,116,5,226.58,475.84,0.307
3390,Perisabile,[Perisabile] Solutie Curatare Frane Model 38,8,14,225.5,473.99,0.367
3391,Hardware,Trusa Tubulare Model 38,32,13,37.17,62.63,0.465
3392,Auto,Set Placute Frana Model 83,88,15,117.48,234.51,0.31
3393,Auto,Baterie 12V 70Ah Model 48,20,11,297.9,366.57,0.323
3394,Auto,Set Placute Frana Model 91,130,14,194.76,397.89,0.148
3395,Perisabile,[Perisabile] Solutie Curatare Frane Model 97,15,10,104.4,260.05,0.19
3396,Electronice,[Electronice] Multimetru Analogic Model 59,29,11,76.94,145.53,0.397
3397,Perisabile,[Perisabile] Adeziv Industrial Model 55,37,10,60.95,116.07,0.374
3398,Hardware,Cheie Dinamometrica Model 23,29,10,232.53,548.97,0.39
3399,Electronice,[Electronice] Multimetru Analogic Model 9,99,8,252.04,436.61,0.419
3400,Hardware,Cheie Dinamometrica Model 71,96,9,288.43,346.48,0.091
3401,Auto,Set Placute Frana Model 26,27,9,111.93,275.19,0.446
3402,Auto,Senzor Debitmetru Model 97,63,8,48.77,65.86,0.076
3403,Hardware,Trusa Tubulare Model 80,64,13,112.03,269.48,0.07
3404,Perisabile,[Perisabile] Spray Degripant Model 43,18,19,51.6,109.34,0.392
3405,Hardware,Cheie Dinamometrica Model 11,71,12,61.28,152.3,0.423
3406,Hardware,Incarcator Gaz Model 33,30,7,164.53,252.15,0.12
3407,Electronice,[Electronice] Modul Transmisie LoRa Model 86,145,12,124.28,302.59,0.162
3408,Auto,Rulment Roata Fata Model 47,68,19,186.89,292.46,0.175
3409,Electronice,[Electronice] Multimetru Analogic Model 59,5,15,142.12,355.28,0.481
3410,Hardware,Incarcator Gaz Model 44,80,6,134.14,249.01,0.387
3411,Perisabile,[Perisabile] Adeziv Industrial Model 91,106,19,75.71,132.39,0.034
3412,Perisabile,[Perisabile] Adeziv Industrial Model 81,28,8,200.64,446.87,0.425
3413,Auto,Baterie 12V 70Ah Model 92,100,6,93.71,150.15,0.453
3414,Perisabile,[Perisabile] Spray Degripant Model 27,108,19,287.68,444.39,0.056
3415,Electronice,[Electronice] Modul Transmisie LoRa Model 36,12,14,88.49,139.74,0.264
3416,Auto,Senzor Debitmetru Model 24,0,5,179.78,413.02,0.263
3417,Auto,Set Placute Frana Model 51,150,10,176.01,301.99,0.049
3418,Auto,Senzor Debitmetru Model 49,63,6,125.44,246.32,0.048
3419,Auto,Furtun Intercooler 2.0 TDI Model 86,12,16,136.69,340.81,0.347
3420,Perisabile,[Perisabile] Spray Degripant Model 98,118,19,214.96,258.03,0.494
3421,Perisabile,[Perisabile] Solutie Curatare Frane Model 62,125,6,41.14,98.98,0.216
3422,Electronice,[Electronice] Osciloscop Model 74,130,10,109.68,179.69,0.194
3423,Hardware,Set Imbusuri Model 31,19,20,19.64,42.45,0.358
3424,Auto,Baterie 12V 70Ah Model 77,137,19,214.1,286.39,0.237
3425,Electronice,[Electronice] Modul Transmisie LoRa Model 71,101,19,67.92,83.35,0.439
3426,Electronice,[Electronice] Osciloscop Model 69,27,7,67.76,117.66,0.226
3427,Hardware,Set Imbusuri Model 24,141,9,49.72,65.08,0.146
3428,Perisabile,[Perisabile] Adeziv Industrial Model 70,98,10,31.95,64.34,0.488
3429,Perisabile,[Perisabile] Solutie Curatare Frane Model 7,71,19,216.06,400.23,0.07
3430,Hardware,Set Imbusuri Model 46,147,13,261.61,337.46,0.038
3431,Hardware,Incarcator Gaz Model 46,76,9,190.57,353.76,0.398
3432,Electronice,[Electronice] Sursa Laborator Model 94,99,9,257.47,332.49,0.483
3433,Perisabile,[Perisabile] Spray Degripant Model 6,93,10,107.97,216.17,0.32
3434,Perisabile,[Perisabile] Adeziv Industrial Model 84,85,10,211.73,435.34,0.469
3435,Electronice,[Electronice] Sursa Laborator Model 12,20,15,285.03,465.57,0.134
3436,Perisabile,[Perisabile] Solutie Curatare Frane Model 57,82,14,179.11,428.75,0.083
3437,Electronice,[Electronice] Sursa Laborator Model 11,40,15,133.28,305.74,0.084
3438,Perisabile,[Perisabile] Solutie Curatare Frane Model 91,81,12,282.62,605.36,0.042
3439,Hardware,Incarcator Gaz Model 96,41,13,112.72,137.08,0.36
3440,Auto,Filtru Aer Model 7,19,9,229.62,290.59,0.444
3441,Hardware,Cheie Dinamometrica Model 91,103,13,183.51,436.33,0.314
3442,Electronice,[Electronice] Multimetru Analogic Model 63,22,6,63.05,106.87,0.27
3443,Perisabile,[Perisabile] Adeziv Industrial Model 15,67,7,284.21,677.06,0.476
3444,Hardware,Cheie Dinamometrica Model 90,144,18,90.89,223.58,0.484
3445,Perisabile,[Perisabile] Spray Degripant Model 85,52,17,279.28,496.99,0.116
3446,Hardware,Set Imbusuri Model 95,4,7,230.31,287.37,0.362
3447,Electronice,[Electronice] Modul Transmisie LoRa Model 78,127,14,26.65,44.58,0.109
3448,Electronice,[Electronice] Osciloscop Model 75,133,20,176.11,237.97,0.24
3449,Perisabile,[Perisabile] Adeziv Industrial Model 80,73,6,142.88,338.05,0.145
3450,Hardware,Set Imbusuri Model 22,22,9,90.03,117.56,0.154
3451,Hardware,Trusa Tubulare Model 98,48,5,109.35,174.09,0.241
3452,Auto,Furtun Intercooler 2.0 TDI Model 92,53,10,169.4,242.75,0.026
3453,Perisabile,[Perisabile] Adeziv Industrial Model 5,128,12,213.79,319.01,0.472
3454,Electronice,[Electronice] Multimetru Analogic Model 63,84,20,40.29,96.63,0.214
3455,Auto,Set Placute Frana Model 56,94,8,47.56,90.44,0.366
3456,Electronice,[Electronice] Osciloscop Model 93,11,11,125.01,253.95,0.267
3457,Perisabile,[Perisabile] Spray Degripant Model 96,67,10,297.82,568.44,0.067
3458,Perisabile,[Perisabile] Spray Degripant Model 71,80,14,292.14,619.3,0.102
3459,Auto,Set Placute Frana Model 45,25,14,205.17,428.65,0.312
3460,Electronice,[Electronice] Multimetru Analogic Model 58,23,19,72.36,128.99,0.12
3461,Auto,Set Placute Frana Model 59,19,15,124.58,246.54,0.244
3462,Perisabile,[Perisabile] Solutie Curatare Frane Model 30,126,14,50.19,103.56,0.3
3463,Perisabile,[Perisabile] Spray Degripant Model 25,39,14,140.86,224.72,0.11
3464,Auto,Furtun Intercooler 2.0 TDI Model 87,50,15,210.03,420.85,0.385
3465,Electronice,[Electronice] Modul Transmisie LoRa Model 90,18,10,276.22,527.0,0.152
3466,Perisabile,[Perisabile] Adeziv Industrial Model 62,62,15,97.08,241.67,0.398
3467,Hardware,Incarcator Gaz Model 38,85,8,59.35,121.96,0.326
3468,Perisabile,[Perisabile] Spray Degripant Model 35,33,11,139.72,296.92,0.032
3469,Hardware,Set Imbusuri Model 1,30,14,55.26,89.88,0.261
3470,Perisabile,[Perisabile] Spray Degripant Model 63,5,10,231.34,508.68,0.289
3471,Auto,Set Placute Frana Model 6,43,11,127.64,288.19,0.224
3472,Auto,Rulment Roata Fata Model 19,106,15,139.89,200.1,0.269
3473,Auto,Rulment Roata Fata Model 93,109,14,65.33,126.03,0.458
3474,Hardware,Incarcator Gaz Model 22,84,13,132.21,245.04,0.123
3475,Electronice,[Electronice] Sursa Laborator Model 55,130,15,101.79,208.89,0.324
3476,Auto,Baterie 12V 70Ah Model 77,77,9,230.25,573.07,0.437
3477,Electronice,[Electronice] Multimetru Analogic Model 9,142,15,267.77,583.92,0.468
3478,Auto,Filtru Aer Model 38,107,19,277.1,668.24,0.22
3479,Auto,Set Placute Frana Model 97,112,13,224.71,385.91,0.185
3480,Perisabile,[Perisabile] Solutie Curatare Frane Model 73,75,6,206.55,513.88,0.033
3481,Perisabile,[Perisabile] Adeziv Industrial Model 77,46,13,211.37,494.5,0.105
3482,Electronice,[Electronice] Modul Transmisie LoRa Model 66,32,13,148.3,303.98,0.044
3483,Perisabile,[Perisabile] Adeziv Industrial Model 76,87,18,130.25,242.95,0.21
3484,Perisabile,[Perisabile] Solutie Curatare Frane Model 91,81,13,86.36,137.28,0.299
3485,Electronice,[Electronice] Multimetru Analogic Model 77,102,17,282.14,497.9,0.418
3486,Electronice,[Electronice] Multimetru Analogic Model 82,143,14,296.45,498.6,0.219
3487,Perisabile,[Perisabile] Adeziv Industrial Model 34,79,8,65.27,161.92,0.375
3488,Hardware,Set Imbusuri Model 49,108,14,10.77,18.06,0.327
3489,Electronice,[Electronice] Modul Transmisie LoRa Model 16,135,8,263.76,644.3,0.413
3490,Auto,Rulment Roata Fata Model 36,25,6,247.6,507.49,0.323
3491,Perisabile,[Perisabile] Adeziv Industrial Model 20,117,6,98.15,231.19,0.239
3492,Perisabile,[Perisabile] Spray Degripant Model 55,46,16,259.7,604.02,0.154
3493,Hardware,Incarcator Gaz Model 29,72,8,275.67,591.62,0.091
3494,Electronice,[Electronice] Osciloscop Model 62,108,14,99.88,126.88,0.195
3495,Hardware,Cheie Dinamometrica Model 42,63,15,92.2,134.82,0.191
3496,Perisabile,[Perisabile] Spray Degripant Model 49,116,12,257.59,435.47,0.352
3497,Electronice,[Electronice] Multimetru Analogic Model 24,114,19,250.92,534.53,0.272
3498,Perisabile,[Perisabile] Adeziv Industrial Model 23,11,9,80.56,150.62,0.092
3499,Electronice,[Electronice] Osciloscop Model 97,4,16,27.82,39.32,0.043
3500,Electronice,[Electronice] Osciloscop Model 95,76,8,98.83,136.39,0.492
3501,Perisabile,[Perisabile] Adeziv Industrial Model 74,18,10,71.59,158.35,0.325
3502,Auto,Senzor Debitmetru Model 21,45,13,22.87,45.41,0.192
3503,Electronice,[Electronice] Sursa Laborator Model 64,90,13,282.12,464.08,0.168
3504,Hardware,Set Imbusuri Model 51,115,12,139.17,207.69,0.181
3505,Auto,Set Placute Frana Model 42,46,9,122.43,262.92,0.18
3506,Auto,Furtun Intercooler 2.0 TDI Model 20,59,14,276.13,387.33,0.263
3507,Perisabile,[Perisabile] Adeziv Industrial Model 22,92,15,116.24,261.93,0.085
3508,Perisabile,[Perisabile] Spray Degripant Model 37,32,8,88.76,202.39,0.458
3509,Hardware,Cheie Dinamometrica Model 93,123,11,81.37,183.23,0.06
3510,Electronice,[Electronice] Multimetru Analogic Model 67,63,18,176.27,276.9,0.45
3511,Auto,Set Placute Frana Model 45,109,13,133.64,193.85,0.473
3512,Auto,Rulment Roata Fata Model 78,142,19,149.33,179.98,0.32
3513,Perisabile,[Perisabile] Solutie Curatare Frane Model 61,116,13,210.59,447.7,0.085
3514,Perisabile,[Perisabile] Adeziv Industrial Model 33,2,14,85.34,166.72,0.089
3515,Perisabile,[Perisabile] Solutie Curatare Frane Model 79,145,8,106.06,182.04,0.041
3516,Hardware,Cheie Dinamometrica Model 35,32,15,27.9,57.3,0.038
3517,Auto,Rulment Roata Fata Model 71,112,10,113.94,153.4,0.352
3518,Auto,Furtun Intercooler 2.0 TDI Model 49,11,12,141.3,348.56,0.211
3519,Hardware,Trusa Tubulare Model 52,103,10,192.8,333.97,0.107
3520,Electronice,[Electronice] Modul Transmisie LoRa Model 21,142,13,163.8,369.31,0.136
3521,Hardware,Cheie Dinamometrica Model 30,58,6,211.11,403.69,0.098
3522,Electronice,[Electronice] Multimetru Analogic Model 79,140,8,22.69,47.36,0.409
3523,Perisabile,[Perisabile] Solutie Curatare Frane Model 90,110,12,107.15,183.43,0.261
3524,Electronice,[Electronice] Multimetru Analogic Model 60,28,11,127.48,162.39,0.119
3525,Perisabile,[Perisabile] Spray Degripant Model 68,145,17,107.84,173.3,0.035
3526,Perisabile,[Perisabile] Spray Degripant Model 11,75,5,115.22,218.35,0.377
3527,Auto,Filtru Aer Model 99,46,7,66.24,113.92,0.268
3528,Hardware,Set Imbusuri Model 28,21,19,25.76,51.65,0.439
3529,Perisabile,[Perisabile] Adeziv Industrial Model 55,82,12,171.17,305.64,0.423
3530,Hardware,Cheie Dinamometrica Model 29,131,19,79.88,137.06,0.018
3531,Electronice,[Electronice] Osciloscop Model 18,146,19,258.94,635.61,0.143
3532,Perisabile,[Perisabile] Adeziv Industrial Model 27,51,10,216.04,378.79,0.22
3533,Auto,Set Placute Frana Model 49,35,6,112.63,137.69,0.111
3534,Electronice,[Electronice] Sursa Laborator Model 3,116,16,283.36,464.57,0.286
3535,Electronice,[Electronice] Multimetru Analogic Model 82,109,6,248.54,607.55,0.461
3536,Perisabile,[Perisabile] Adeziv Industrial Model 92,54,8,127.07,215.24,0.21
3537,Hardware,Cheie Dinamometrica Model 87,82,15,279.11,575.66,0.355
3538,Auto,Rulment Roata Fata Model 14,32,18,57.58,97.64,0.367
3539,Electronice,[Electronice] Multimetru Analogic Model 33,102,7,200.33,327.18,0.412
3540,Perisabile,[Perisabile] Solutie Curatare Frane Model 56,78,16,228.56,285.58,0.27
3541,Auto,Filtru Aer Model 17,34,15,53.84,104.61,0.339
3542,Perisabile,[Perisabile] Adeziv Industrial Model 65,18,11,140.61,349.93,0.31
3543,Electronice,[Electronice] Sursa Laborator Model 70,107,14,215.09,289.15,0.022
3544,Hardware,Cheie Dinamometrica Model 60,59,12,199.34,276.73,0.307
3545,Electronice,[Electronice] Modul Transmisie LoRa Model 15,147,8,70.06,97.25,0.314
3546,Perisabile,[Perisabile] Adeziv Industrial Model 33,115,5,135.17,278.01,0.245
3547,Auto,Filtru Aer Model 61,149,14,279.63,690.89,0.369
3548,Auto,Furtun Intercooler 2.0 TDI Model 50,23,14,137.08,290.33,0.446
3549,Auto,Furtun Intercooler 2.0 TDI Model 86,46,10,130.57,177.91,0.382
3550,Electronice,[Electronice] Sursa Laborator Model 77,135,18,67.34,118.6,0.443
3551,Perisabile,[Perisabile] Spray Degripant Model 17,45,9,137.7,282.91,0.404
3552,Perisabile,[Perisabile] Adeziv Industrial Model 3,18,15,218.62,321.16,0.298
3553,Perisabile,[Perisabile] Solutie Curatare Frane Model 20,81,9,173.76,286.8,0.145
3554,Perisabile,[Perisabile] Solutie Curatare Frane Model 3,133,10,145.82,340.08,0.25
3555,Perisabile,[Perisabile] Spray Degripant Model 54,149,20,16.32,31.09,0.043
3556,Auto,Senzor Debitmetru Model 99,13,18,241.78,432.03,0.19
3557,Auto,Rulment Roata Fata Model 15,114,17,136.33,270.15,0.137
3558,Electronice,[Electronice] Sursa Laborator Model 72,91,18,88.36,166.33,0.34
3559,Perisabile,[Perisabile] Spray Degripant Model 7,15,9,199.4,282.27,0.425
3560,Electronice,[Electronice] Sursa Laborator Model 5,60,19,91.62,166.59,0.396
3561,Electronice,[Electronice] Sursa Laborator Model 4,130,6,259.84,329.93,0.353
3562,Auto,Rulment Roata Fata Model 76,88,16,113.89,251.07,0.138
3563,Perisabile,[Perisabile] Solutie Curatare Frane Model 41,29,7,157.85,258.66,0.117
3564,Perisabile,[Perisabile] Spray Degripant Model 19,133,6,43.33,53.47,0.379
3565,Auto,Rulment Roata Fata Model 13,72,20,265.15,646.14,0.424
3566,Perisabile,[Perisabile] Adeziv Industrial Model 96,81,5,10.89,18.68,0.109
3567,Electronice,[Electronice] Modul Transmisie LoRa Model 13,126,5,184.02,321.73,0.019
3568,Electronice,[Electronice] Modul Transmisie LoRa Model 39,93,20,255.1,410.45,0.102
3569,Electronice,[Electronice] Multimetru Analogic Model 5,119,19,203.58,483.48,0.449
3570,Electronice,[Electronice] Osciloscop Model 91,71,7,19.8,26.19,0.449
3571,Electronice,[Electronice] Multimetru Analogic Model 92,127,13,51.32,112.11,0.353
3572,Auto,Baterie 12V 70Ah Model 98,106,12,169.42,361.1,0.267
3573,Electronice,[Electronice] Osciloscop Model 2,142,17,122.29,236.95,0.096
3574,Perisabile,[Perisabile] Solutie Curatare Frane Model 78,11,9,105.47,216.15,0.22
3575,Perisabile,[Perisabile] Adeziv Industrial Model 34,114,15,191.52,417.82,0.337
3576,Auto,Baterie 12V 70Ah Model 69,118,20,260.59,636.57,0.073
3577,Electronice,[Electronice] Osciloscop Model 95,70,17,120.08,281.97,0.259
3578,Electronice,[Electronice] Sursa Laborator Model 73,33,18,59.83,113.19,0.293
3579,Auto,Set Placute Frana Model 33,125,12,111.96,237.4,0.177
3580,Hardware,Trusa Tubulare Model 4,1,5,162.02,280.96,0.051
3581,Electronice,[Electronice] Sursa Laborator Model 92,32,20,111.56,271.2,0.354
3582,Perisabile,[Perisabile] Solutie Curatare Frane Model 90,110,10,170.13,384.89,0.264
3583,Perisabile,[Perisabile] Adeziv Industrial Model 94,57,10,203.19,442.4,0.361
3584,Perisabile,[Perisabile] Spray Degripant Model 12,72,12,216.31,299.15,0.22
3585,Perisabile,[Perisabile] Spray Degripant Model 12,130,16,102.68,237.39,0.467
3586,Auto,Baterie 12V 70Ah Model 76,3,8,141.24,210.62,0.081
3587,Auto,Rulment Roata Fata Model 57,1,8,114.1,181.81,0.103
3588,Perisabile,[Perisabile] Solutie Curatare Frane Model 36,138,20,66.58,84.47,0.141
3589,Electronice,[Electronice] Osciloscop Model 89,71,13,144.46,306.31,0.195
3590,Electronice,[Electronice] Osciloscop Model 42,91,20,286.79,515.23,0.118
3591,Perisabile,[Perisabile] Solutie Curatare Frane Model 34,78,19,97.12,212.35,0.169
3592,Perisabile,[Perisabile] Solutie Curatare Frane Model 39,5,10,271.47,631.36,0.373
3593,Perisabile,[Perisabile] Adeziv Industrial Model 55,72,12,19.75,25.19,0.463
3594,Hardware,Incarcator Gaz Model 8,28,10,95.79,154.8,0.249
3595,Perisabile,[Perisabile] Adeziv Industrial Model 3,23,8,267.54,467.72,0.38
3596,Hardware,Cheie Dinamometrica Model 15,12,16,86.84,117.51,0.027
3597,Perisabile,[Perisabile] Spray Degripant Model 25,87,5,103.67,143.84,0.212
3598,Perisabile,[Perisabile] Adeziv Industrial Model 62,140,16,138.69,242.67,0.2
3599,Auto,Baterie 12V 70Ah Model 95,74,20,244.4,569.5,0.112
3600,Auto,Filtru Aer Model 86,18,12,224.71,357.58,0.248
3601,Auto,Set Placute Frana Model 27,88,11,13.15,19.15,0.485
3602,Auto,Furtun Intercooler 2.0 TDI Model 56,50,16,160.07,264.65,0.056
3603,Perisabile,[Perisabile] Solutie Curatare Frane Model 48,43,18,94.69,154.54,0.386
3604,Perisabile,[Perisabile] Solutie Curatare Frane Model 18,133,9,215.51,322.51,0.347
3605,Hardware,Trusa Tubulare Model 73,98,14,43.27,70.5,0.383
3606,Perisabile,[Perisabile] Solutie Curatare Frane Model 40,131,17,112.66,223.48,0.46
3607,Electronice,[Electronice] Osciloscop Model 57,9,16,190.41,428.81,0.431
3608,Electronice,[Electronice] Multimetru Analogic Model 53,131,17,197.7,401.82,0.28
3609,Hardware,Incarcator Gaz Model 31,113,18,47.44,63.32,0.04
3610,Perisabile,[Perisabile] Solutie Curatare Frane Model 38,94,10,285.06,462.08,0.095
3611,Electronice,[Electronice] Multimetru Analogic Model 12,58,10,150.06,234.38,0.039
3612,Perisabile,[Perisabile] Solutie Curatare Frane Model 87,108,7,261.52,616.78,0.165
3613,Electronice,[Electronice] Osciloscop Model 33,92,13,285.52,449.3,0.367
3614,Electronice,[Electronice] Modul Transmisie LoRa Model 53,31,10,125.84,168.89,0.493
3615,Electronice,[Electronice] Sursa Laborator Model 97,49,20,202.21,467.04,0.171
3616,Hardware,Trusa Tubulare Model 65,15,14,247.58,558.63,0.312
3617,Electronice,[Electronice] Modul Transmisie LoRa Model 30,109,19,93.38,179.57,0.424
3618,Hardware,Set Imbusuri Model 70,9,8,196.04,372.45,0.402
3619,Hardware,Incarcator Gaz Model 98,40,20,93.34,187.02,0.09
3620,Perisabile,[Perisabile] Solutie Curatare Frane Model 71,126,8,237.56,299.09,0.277
3621,Auto,Senzor Debitmetru Model 20,62,10,205.98,252.03,0.499
3622,Perisabile,[Perisabile] Solutie Curatare Frane Model 92,129,6,116.01,267.11,0.19
3623,Auto,Rulment Roata Fata Model 43,119,18,65.69,92.63,0.05
3624,Electronice,[Electronice] Osciloscop Model 69,71,17,57.08,83.6,0.102
3625,Electronice,[Electronice] Sursa Laborator Model 26,111,18,27.19,32.93,0.424
3626,Hardware,Trusa Tubulare Model 84,31,13,188.95,384.29,0.269
3627,Auto,Senzor Debitmetru Model 54,38,12,64.79,97.28,0.368
3628,Electronice,[Electronice] Osciloscop Model 4,89,13,38.73,52.34,0.178
3629,Electronice,[Electronice] Sursa Laborator Model 38,19,15,293.31,707.62,0.1
3630,Auto,Rulment Roata Fata Model 40,115,8,248.08,405.37,0.294
3631,Hardware,Trusa Tubulare Model 50,118,16,197.65,372.95,0.375
3632,Auto,Set Placute Frana Model 64,42,15,158.81,341.65,0.364
3633,Auto,Senzor Debitmetru Model 30,19,9,131.3,248.94,0.234
3634,Hardware,Cheie Dinamometrica Model 24,115,18,71.65,155.01,0.405
3635,Perisabile,[Perisabile] Spray Degripant Model 27,147,10,14.23,20.54,0.065
3636,Hardware,Trusa Tubulare Model 23,45,20,63.75,106.33,0.064
3637,Auto,Filtru Aer Model 63,71,12,100.63,250.63,0.482
3638,Electronice,[Electronice] Sursa Laborator Model 49,57,16,35.58,85.52,0.469
3639,Electronice,[Electronice] Modul Transmisie LoRa Model 95,27,12,187.96,325.29,0.099
3640,Hardware,Incarcator Gaz Model 80,146,10,284.56,561.85,0.045
3641,Electronice,[Electronice] Osciloscop Model 7,9,7,15.04,28.64,0.385
3642,Auto,Furtun Intercooler 2.0 TDI Model 23,67,5,276.97,352.53,0.048
3643,Perisabile,[Perisabile] Adeziv Industrial Model 6,19,19,171.13,281.11,0.338
3644,Perisabile,[Perisabile] Adeziv Industrial Model 92,1,6,50.67,65.84,0.364
3645,Perisabile,[Perisabile] Solutie Curatare Frane Model 61,92,15,197.24,490.39,0.093
3646,Perisabile,[Perisabile] Solutie Curatare Frane Model 99,93,7,59.93,74.17,0.343
3647,Electronice,[Electronice] Multimetru Analogic Model 18,123,18,51.27,86.65,0.177
3648,Perisabile,[Perisabile] Solutie Curatare Frane Model 4,2,6,247.13,441.69,0.064
3649,Perisabile,[Perisabile] Spray Degripant Model 54,133,10,128.95,275.74,0.274
3650,Perisabile,[Perisabile] Adeziv Industrial Model 87,147,10,154.82,227.44,0.391
3651,Electronice,[Electronice] Multimetru Analogic Model 66,124,17,15.77,38.68,0.304
3652,Perisabile,[Perisabile] Solutie Curatare Frane Model 75,111,16,91.35,178.57,0.127
3653,Electronice,[Electronice] Osciloscop Model 72,4,8,49.08,100.71,0.344
3654,Electronice,[Electronice] Osciloscop Model 85,145,5,32.83,65.39,0.2
3655,Auto,Baterie 12V 70Ah Model 23,109,16,154.17,255.46,0.084
3656,Electronice,[Electronice] Sursa Laborator Model 12,21,20,249.02,546.27,0.041
3657,Perisabile,[Perisabile] Solutie Curatare Frane Model 13,108,17,46.13,105.85,0.12
3658,Perisabile,[Perisabile] Solutie Curatare Frane Model 73,38,15,244.7,486.29,0.5
3659,Auto,Baterie 12V 70Ah Model 51,103,13,180.07,406.69,0.422
3660,Auto,Furtun Intercooler 2.0 TDI Model 2,61,18,255.78,543.95,0.282
3661,Auto,Baterie 12V 70Ah Model 34,16,7,88.17,122.32,0.297
3662,Auto,Furtun Intercooler 2.0 TDI Model 90,69,15,125.78,211.44,0.152
3663,Hardware,Trusa Tubulare Model 93,20,7,135.17,258.26,0.39
3664,Hardware,Set Imbusuri Model 38,113,16,47.24,68.45,0.093
3665,Auto,Set Placute Frana Model 67,29,5,263.1,648.21,0.239
3666,Hardware,Incarcator Gaz Model 78,113,10,206.0,479.98,0.121
3667,Perisabile,[Perisabile] Spray Degripant Model 86,135,8,43.27,91.78,0.446
3668,Auto,Rulment Roata Fata Model 94,77,15,236.43,490.74,0.365
3669,Auto,Rulment Roata Fata Model 53,33,19,192.77,435.46,0.031
3670,Auto,Baterie 12V 70Ah Model 20,111,16,47.64,77.48,0.265
3671,Perisabile,[Perisabile] Adeziv Industrial Model 24,140,16,100.37,207.73,0.338
3672,Electronice,[Electronice] Modul Transmisie LoRa Model 27,84,14,24.29,48.47,0.029
3673,Auto,Furtun Intercooler 2.0 TDI Model 78,112,6,144.22,273.58,0.29
3674,Auto,Furtun Intercooler 2.0 TDI Model 46,83,9,163.63,287.19,0.197
3675,Auto,Senzor Debitmetru Model 4,115,9,290.96,388.59,0.147
3676,Perisabile,[Perisabile] Solutie Curatare Frane Model 8,61,19,261.25,492.07,0.239
3677,Auto,Rulment Roata Fata Model 30,67,13,99.4,192.22,0.246
3678,Hardware,Incarcator Gaz Model 26,24,5,166.39,295.72,0.44
3679,Electronice,[Electronice] Multimetru Analogic Model 53,8,6,158.96,266.85,0.11
3680,Perisabile,[Perisabile] Adeziv Industrial Model 3,34,18,184.23,274.73,0.012
3681,Hardware,Incarcator Gaz Model 77,28,5,11.51,19.6,0.08
3682,Electronice,[Electronice] Osciloscop Model 93,66,12,147.08,199.75,0.204
3683,Electronice,[Electronice] Modul Transmisie LoRa Model 75,3,14,43.33,80.08,0.273
3684,Perisabile,[Perisabile] Solutie Curatare Frane Model 61,104,10,238.37,518.65,0.109
3685,Hardware,Incarcator Gaz Model 10,46,18,125.94,283.68,0.151
3686,Hardware,Incarcator Gaz Model 77,85,10,275.14,346.66,0.437
3687,Hardware,Cheie Dinamometrica Model 89,89,10,202.45,414.03,0.358
3688,Auto,Rulment Roata Fata Model 77,143,7,188.5,258.42,0.49
3689,Auto,Set Placute Frana Model 2,113,11,129.54,206.53,0.111
3690,Perisabile,[Perisabile] Spray Degripant Model 55,2,16,199.2,454.87,0.3
3691,Hardware,Cheie Dinamometrica Model 70,125,18,73.87,112.75,0.227
3692,Auto,Baterie 12V 70Ah Model 47,60,16,35.33,83.23,0.413
3693,Auto,Furtun Intercooler 2.0 TDI Model 47,124,13,82.51,134.32,0.457
3694,Hardware,Trusa Tubulare Model 51,57,8,204.09,410.91,0.235
3695,Auto,Set Placute Frana Model 10,78,14,195.11,281.67,0.128
3696,Auto,Baterie 12V 70Ah Model 63,28,5,78.78,153.76,0.434
3697,Hardware,Cheie Dinamometrica Model 60,78,12,55.29,125.06,0.206
3698,Electronice,[Electronice] Sursa Laborator Model 15,32,11,290.42,655.55,0.11
3699,Hardware,Incarcator Gaz Model 64,114,19,181.25,240.87,0.185
3700,Auto,Filtru Aer Model 90,58,13,235.96,310.79,0.06
3701,Hardware,Incarcator Gaz Model 93,18,12,43.89,91.03,0.267
3702,Hardware,Trusa Tubulare Model 96,138,15,29.61,65.42,0.239
3703,Electronice,[Electronice] Multimetru Analogic Model 1,137,15,295.59,624.87,0.276
3704,Perisabile,[Perisabile] Spray Degripant Model 43,58,14,124.14,239.04,0.314
3705,Perisabile,[Perisabile] Solutie Curatare Frane Model 69,57,8,156.63,299.12,0.13
3706,Electronice,[Electronice] Sursa Laborator Model 75,104,13,299.37,533.99,0.05
3707,Electronice,[Electronice] Modul Transmisie LoRa Model 70,144,6,130.75,293.0,0.174
3708,Perisabile,[Perisabile] Adeziv Industrial Model 47,71,13,270.44,503.24,0.126
3709,Hardware,Cheie Dinamometrica Model 56,26,8,245.94,536.16,0.435
3710,Perisabile,[Perisabile] Spray Degripant Model 75,89,18,189.93,269.32,0.449
3711,Electronice,[Electronice] Sursa Laborator Model 66,129,19,107.18,234.54,0.152
3712,Auto,Rulment Roata Fata Model 72,139,12,93.01,201.4,0.2
3713,Hardware,Incarcator Gaz Model 45,109,19,235.35,381.73,0.071
3714,Electronice,[Electronice] Modul Transmisie LoRa Model 47,45,10,74.27,165.51,0.089
3715,Hardware,Trusa Tubulare Model 39,91,15,199.28,369.06,0.236
3716,Hardware,Trusa Tubulare Model 53,4,18,46.58,60.69,0.488
3717,Electronice,[Electronice] Multimetru Analogic Model 1,141,16,83.6,149.51,0.339
3718,Auto,Set Placute Frana Model 30,106,5,112.14,172.92,0.388
3719,Auto,Senzor Debitmetru Model 59,116,8,138.31,181.84,0.419
3720,Perisabile,[Perisabile] Solutie Curatare Frane Model 22,71,11,199.2,417.34,0.216
3721,Hardware,Incarcator Gaz Model 31,24,16,117.06,194.13,0.347
3722,Auto,Rulment Roata Fata Model 50,22,12,29.46,71.13,0.087
3723,Hardware,Cheie Dinamometrica Model 67,145,11,55.02,70.85,0.259
3724,Perisabile,[Perisabile] Solutie Curatare Frane Model 46,135,6,248.59,378.66,0.199
3725,Auto,Set Placute Frana Model 97,67,11,102.35,220.93,0.493
3726,Hardware,Incarcator Gaz Model 17,110,6,35.74,72.16,0.08
3727,Electronice,[Electronice] Osciloscop Model 50,42,17,90.29,112.67,0.347
3728,Perisabile,[Perisabile] Solutie Curatare Frane Model 77,130,15,87.25,203.9,0.447
3729,Electronice,[Electronice] Sursa Laborator Model 90,127,12,113.99,284.48,0.448
3730,Auto,Senzor Debitmetru Model 62,98,6,37.3,53.06,0.144
3731,Hardware,Trusa Tubulare Model 33,28,7,228.58,291.19,0.34
3732,Hardware,Trusa Tubulare Model 34,107,16,137.32,233.0,0.421
3733,Auto,Baterie 12V 70Ah Model 17,72,11,23.14,36.29,0.096
3734,Electronice,[Electronice] Modul Transmisie LoRa Model 24,57,10,112.81,169.79,0.285
3735,Auto,Rulment Roata Fata Model 98,70,11,267.57,430.85,0.375
3736,Auto,Set Placute Frana Model 82,17,19,210.2,404.36,0.077
3737,Auto,Rulment Roata Fata Model 44,121,8,161.64,367.23,0.069
3738,Auto,Furtun Intercooler 2.0 TDI Model 44,49,6,227.98,499.77,0.137
3739,Hardware,Cheie Dinamometrica Model 93,3,8,233.35,393.08,0.394
3740,Perisabile,[Perisabile] Spray Degripant Model 92,57,14,291.72,544.28,0.072
3741,Auto,Rulment Roata Fata Model 60,27,16,201.52,324.71,0.02
3742,Hardware,Set Imbusuri Model 97,114,17,135.99,177.15,0.478
3743,Perisabile,[Perisabile] Spray Degripant Model 10,105,9,248.39,368.89,0.03
3744,Electronice,[Electronice] Sursa Laborator Model 78,126,20,102.25,196.99,0.498
3745,Auto,Rulment Roata Fata Model 6,84,20,90.62,133.75,0.108
3746,Electronice,[Electronice] Osciloscop Model 37,72,9,244.8,347.38,0.479
3747,Hardware,Incarcator Gaz Model 45,138,20,236.43,566.91,0.295
3748,Perisabile,[Perisabile] Adeziv Industrial Model 96,93,19,251.21,532.4,0.077
3749,Electronice,[Electronice] Multimetru Analogic Model 36,82,19,72.52,177.52,0.472
3750,Auto,Rulment Roata Fata Model 74,9,17,299.18,526.87,0.013
3751,Perisabile,[Perisabile] Adeziv Industrial Model 11,44,5,24.68,37.4,0.093
3752,Hardware,Incarcator Gaz Model 52,143,14,190.94,469.82,0.316
3753,Auto,Filtru Aer Model 88,92,14,180.66,226.68,0.075
3754,Perisabile,[Perisabile] Solutie Curatare Frane Model 72,59,17,154.57,261.48,0.238
3755,Hardware,Set Imbusuri Model 42,19,12,236.67,510.0,0.356
3756,Electronice,[Electronice] Sursa Laborator Model 47,92,9,67.42,138.21,0.029
3757,Auto,Rulment Roata Fata Model 37,79,12,13.64,23.21,0.372
3758,Auto,Set Placute Frana Model 1,124,9,184.04,257.29,0.364
3759,Auto,Filtru Aer Model 80,108,5,45.08,101.27,0.407
3760,Auto,Set Placute Frana Model 7,43,19,207.96,450.28,0.412
3761,Auto,Filtru Aer Model 64,45,7,49.38,100.46,0.399
3762,Electronice,[Electronice] Multimetru Analogic Model 63,35,8,24.87,59.58,0.449
3763,Hardware,Trusa Tubulare Model 3,111,10,119.96,276.72,0.07
3764,Electronice,[Electronice] Sursa Laborator Model 3,26,20,295.27,473.05,0.101
3765,Hardware,Set Imbusuri Model 52,79,18,87.69,187.85,0.411
3766,Auto,Furtun Intercooler 2.0 TDI Model 83,13,12,41.7,103.86,0.305
3767,Electronice,[Electronice] Osciloscop Model 45,49,12,288.69,640.95,0.058
3768,Perisabile,[Perisabile] Spray Degripant Model 2,66,20,186.52,346.36,0.184
3769,Hardware,Set Imbusuri Model 15,75,16,94.68,221.43,0.026
3770,Hardware,Set Imbusuri Model 82,60,19,107.38,231.71,0.321
3771,Hardware,Cheie Dinamometrica Model 97,149,9,86.72,109.55,0.057
3772,Auto,Rulment Roata Fata Model 48,56,9,50.52,117.33,0.029
3773,Hardware,Trusa Tubulare Model 35,111,17,76.41,180.05,0.347
3774,Perisabile,[Perisabile] Solutie Curatare Frane Model 79,70,5,96.5,164.87,0.122
3775,Hardware,Set Imbusuri Model 57,29,17,181.19,302.25,0.223
3776,Electronice,[Electronice] Sursa Laborator Model 15,96,12,244.76,526.48,0.167
3777,Hardware,Set Imbusuri Model 74,146,16,251.36,502.8,0.468
3778,Perisabile,[Perisabile] Solutie Curatare Frane Model 25,59,19,63.29,100.38,0.131
3779,Auto,Set Placute Frana Model 75,52,9,255.33,429.14,0.298
3780,Hardware,Set Imbusuri Model 43,8,19,105.09,181.73,0.183
3781,Hardware,Set Imbusuri Model 21,129,15,124.6,256.41,0.314
3782,Hardware,Incarcator Gaz Model 98,24,6,257.11,441.25,0.46
3783,Auto,Rulment Roata Fata Model 23,57,14,294.78,464.65,0.358
3784,Perisabile,[Perisabile] Solutie Curatare Frane Model 30,136,7,246.4,522.01,0.153
3785,Perisabile,[Perisabile] Solutie Curatare Frane Model 51,59,17,165.04,286.96,0.469
3786,Auto,Rulment Roata Fata Model 47,101,16,23.25,29.83,0.422
3787,Auto,Senzor Debitmetru Model 94,91,14,130.89,211.03,0.426
3788,Hardware,Set Imbusuri Model 19,30,9,161.09,215.33,0.34
3789,Electronice,[Electronice] Osciloscop Model 26,103,20,231.48,510.6,0.448
3790,Auto,Rulment Roata Fata Model 23,48,11,132.42,240.77,0.252
3791,Electronice,[Electronice] Multimetru Analogic Model 30,47,14,95.17,196.32,0.201
3792,Perisabile,[Perisabile] Adeziv Industrial Model 60,16,19,175.98,389.35,0.099
3793,Perisabile,[Perisabile] Spray Degripant Model 25,78,12,99.41,196.99,0.291
3794,Hardware,Incarcator Gaz Model 72,138,18,246.31,567.69,0.41
3795,Hardware,Trusa Tubulare Model 26,11,18,199.68,287.73,0.263
3796,Perisabile,[Perisabile] Adeziv Industrial Model 25,85,10,278.57,600.27,0.069
3797,Auto,Set Placute Frana Model 19,52,15,193.25,357.41,0.286
3798,Hardware,Incarcator Gaz Model 82,60,5,76.65,178.33,0.321
3799,Perisabile,[Perisabile] Adeziv Industrial Model 49,50,18,227.18,407.51,0.489
3800,Hardware,Cheie Dinamometrica Model 99,92,19,58.73,110.11,0.291
3801,Auto,Senzor Debitmetru Model 99,145,5,270.58,619.23,0.117
3802,Perisabile,[Perisabile] Adeziv Industrial Model 89,106,17,225.05,446.45,0.476
3803,Hardware,Cheie Dinamometrica Model 70,146,14,63.12,156.74,0.137
3804,Hardware,Cheie Dinamometrica Model 95,119,14,30.57,74.97,0.095
3805,Hardware,Trusa Tubulare Model 68,65,20,226.68,545.38,0.403
3806,Perisabile,[Perisabile] Adeziv Industrial Model 45,121,9,211.17,294.97,0.36
3807,Auto,Furtun Intercooler 2.0 TDI Model 6,32,11,256.54,465.37,0.341
3808,Electronice,[Electronice] Multimetru Analogic Model 50,114,6,140.78,246.15,0.129
3809,Auto,Furtun Intercooler 2.0 TDI Model 13,14,12,208.95,422.52,0.229
3810,Auto,Filtru Aer Model 75,79,11,105.7,184.51,0.108
3811,Hardware,Trusa Tubulare Model 76,9,6,76.96,177.85,0.461
3812,Electronice,[Electronice] Osciloscop Model 83,44,15,184.55,352.12,0.078
3813,Hardware,Cheie Dinamometrica Model 68,30,11,145.16,214.62,0.212
3814,Perisabile,[Perisabile] Spray Degripant Model 35,36,19,210.69,287.38,0.098
3815,Electronice,[Electronice] Sursa Laborator Model 44,139,15,219.73,405.17,0.06
3816,Hardware,Incarcator Gaz Model 49,20,13,277.27,345.47,0.427
3817,Electronice,[Electronice] Multimetru Analogic Model 20,15,18,127.38,288.04,0.494
3818,Auto,Set Placute Frana Model 78,2,17,35.85,60.45,0.188
3819,Electronice,[Electronice] Osciloscop Model 69,23,8,296.62,533.2,0.399
3820,Auto,Set Placute Frana Model 4,62,17,282.72,643.21,0.364
3821,Hardware,Set Imbusuri Model 80,41,19,69.93,121.35,0.251
3822,Hardware,Trusa Tubulare Model 71,47,6,45.14,75.74,0.128
3823,Perisabile,[Perisabile] Solutie Curatare Frane Model 16,128,16,106.83,143.37,0.014
3824,Auto,Filtru Aer Model 96,82,16,221.63,298.92,0.417
3825,Hardware,Cheie Dinamometrica Model 95,145,14,219.78,320.28,0.131
3826,Hardware,Set Imbusuri Model 29,57,11,232.2,406.4,0.393
3827,Hardware,Trusa Tubulare Model 82,128,14,231.49,352.07,0.167
3828,Auto,Furtun Intercooler 2.0 TDI Model 60,44,18,66.06,119.89,0.097
3829,Electronice,[Electronice] Osciloscop Model 29,22,8,197.48,320.95,0.29
3830,Hardware,Set Imbusuri Model 43,97,9,153.54,310.68,0.261
3831,Hardware,Set Imbusuri Model 72,88,5,215.63,519.7,0.024
3832,Auto,Senzor Debitmetru Model 68,81,12,295.42,639.63,0.493
3833,Hardware,Cheie Dinamometrica Model 6,37,13,233.66,406.19,0.499
3834,Perisabile,[Perisabile] Spray Degripant Model 40,72,17,44.05,104.8,0.416
3835,Electronice,[Electronice] Modul Transmisie LoRa Model 62,56,10,287.31,535.36,0.483
3836,Hardware,Trusa Tubulare Model 86,64,5,99.97,239.03,0.239
3837,Hardware,Set Imbusuri Model 37,66,19,150.55,324.25,0.131
3838,Perisabile,[Perisabile] Adeziv Industrial Model 14,102,11,92.66,161.36,0.226
3839,Hardware,Incarcator Gaz Model 12,19,13,209.42,484.42,0.138
3840,Electronice,[Electronice] Modul Transmisie LoRa Model 78,30,20,132.36,192.77,0.338
3841,Hardware,Set Imbusuri Model 16,110,15,140.94,234.27,0.36
3842,Perisabile,[Perisabile] Spray Degripant Model 51,95,5,129.97,313.73,0.166
3843,Auto,Filtru Aer Model 70,120,15,253.76,624.19,0.268
3844,Auto,Filtru Aer Model 85,49,13,133.65,228.3,0.411
3845,Electronice,[Electronice] Sursa Laborator Model 76,123,20,223.43,374.44,0.156
3846,Auto,Set Placute Frana Model 80,135,8,201.64,479.29,0.395
3847,Perisabile,[Perisabile] Solutie Curatare Frane Model 86,5,15,115.48,149.47,0.462
3848,Perisabile,[Perisabile] Solutie Curatare Frane Model 11,40,10,123.44,261.89,0.295
3849,Perisabile,[Perisabile] Solutie Curatare Frane Model 54,123,8,124.13,211.43,0.04
3850,Auto,Baterie 12V 70Ah Model 93,94,16,117.7,205.11,0.126
3851,Hardware,Trusa Tubulare Model 10,28,9,235.65,555.0,0.236
3852,Electronice,[Electronice] Osciloscop Model 17,101,12,174.27,350.85,0.201
3853,Auto,Baterie 12V 70Ah Model 34,21,16,222.56,276.56,0.423
3854,Hardware,Trusa Tubulare Model 86,63,7,281.95,359.96,0.261
3855,Electronice,[Electronice] Osciloscop Model 12,130,20,117.01,167.37,0.139
3856,Hardware,Set Imbusuri Model 8,95,18,119.01,195.57,0.484
3857,Perisabile,[Perisabile] Solutie Curatare Frane Model 73,87,9,85.93,156.88,0.313
3858,Auto,Furtun Intercooler 2.0 TDI Model 48,93,19,158.55,290.61,0.211
3859,Perisabile,[Perisabile] Spray Degripant Model 67,22,20,140.13,235.24,0.278
3860,Hardware,Incarcator Gaz Model 7,135,14,187.19,325.4,0.072
3861,Hardware,Trusa Tubulare Model 87,109,16,136.54,217.64,0.086
3862,Hardware,Trusa Tubulare Model 65,42,10,225.58,331.2,0.335
3863,Electronice,[Electronice] Sursa Laborator Model 65,40,13,100.42,213.39,0.121
3864,Electronice,[Electronice] Osciloscop Model 36,128,11,188.19,391.34,0.418
3865,Perisabile,[Perisabile] Spray Degripant Model 3,30,19,50.93,111.66,0.337
3866,Auto,Set Placute Frana Model 47,38,7,54.71,85.45,0.219
3867,Electronice,[Electronice] Sursa Laborator Model 32,58,13,106.86,169.46,0.34
3868,Electronice,[Electronice] Modul Transmisie LoRa Model 57,92,17,183.57,407.46,0.498
3869,Electronice,[Electronice] Modul Transmisie LoRa Model 77,109,6,94.45,202.27,0.209
3870,Electronice,[Electronice] Osciloscop Model 78,142,14,213.17,513.75,0.02
3871,Hardware,Cheie Dinamometrica Model 84,146,17,175.2,398.31,0.385
3872,Perisabile,[Perisabile] Spray Degripant Model 81,130,16,216.57,456.73,0.175
3873,Electronice,[Electronice] Osciloscop Model 46,95,13,74.57,181.92,0.412
3874,Perisabile,[Perisabile] Spray Degripant Model 58,134,6,247.08,318.35,0.181
3875,Electronice,[Electronice] Sursa Laborator Model 90,25,11,32.61,50.29,0.034
3876,Electronice,[Electronice] Sursa Laborator Model 23,36,14,284.74,363.6,0.23
3877,Hardware,Set Imbusuri Model 83,4,5,239.94,537.5,0.108
3878,Perisabile,[Perisabile] Adeziv Industrial Model 23,132,20,231.25,363.67,0.3
3879,Auto,Rulment Roata Fata Model 77,26,11,176.8,338.97,0.379
3880,Hardware,Cheie Dinamometrica Model 60,49,9,79.08,195.66,0.407
3881,Auto,Baterie 12V 70Ah Model 84,70,15,60.64,144.68,0.127
3882,Hardware,Cheie Dinamometrica Model 54,27,14,233.36,579.69,0.366
3883,Electronice,[Electronice] Osciloscop Model 35,117,16,219.55,453.18,0.219
3884,Electronice,[Electronice] Sursa Laborator Model 44,76,19,74.09,134.66,0.186
3885,Hardware,Incarcator Gaz Model 10,43,10,272.8,439.16,0.387
3886,Electronice,[Electronice] Osciloscop Model 55,91,10,38.09,52.88,0.305
3887,Hardware,Incarcator Gaz Model 96,106,6,18.83,44.81,0.382
3888,Perisabile,[Perisabile] Solutie Curatare Frane Model 67,6,18,284.97,443.22,0.185
3889,Electronice,[Electronice] Modul Transmisie LoRa Model 67,63,8,167.22,385.06,0.425
3890,Perisabile,[Perisabile] Adeziv Industrial Model 87,101,17,238.51,563.96,0.169
3891,Perisabile,[Perisabile] Adeziv Industrial Model 72,123,8,115.3,188.59,0.172
3892,Perisabile,[Perisabile] Adeziv Industrial Model 40,47,11,143.71,295.38,0.297
3893,Perisabile,[Perisabile] Spray Degripant Model 18,122,7,281.48,495.61,0.292
3894,Electronice,[Electronice] Modul Transmisie LoRa Model 3,31,12,230.45,313.96,0.085
3895,Hardware,Incarcator Gaz Model 96,48,17,293.86,623.03,0.497
3896,Electronice,[Electronice] Modul Transmisie LoRa Model 22,72,7,33.04,76.82,0.02
3897,Hardware,Incarcator Gaz Model 23,128,8,18.7,36.1,0.434
3898,Hardware,Cheie Dinamometrica Model 13,52,11,103.37,164.16,0.216
3899,Electronice,[Electronice] Modul Transmisie LoRa Model 43,1,20,282.57,426.26,0.311
3900,Auto,Senzor Debitmetru Model 79,1,9,198.83,386.82,0.447
3901,Auto,Baterie 12V 70Ah Model 92,80,16,206.69,279.24,0.397
3902,Auto,Set Placute Frana Model 75,28,11,81.45,100.79,0.092
3903,Auto,Filtru Aer Model 94,32,6,298.31,525.81,0.014
3904,Auto,Furtun Intercooler 2.0 TDI Model 4,27,17,14.6,20.47,0.435
3905,Electronice,[Electronice] Osciloscop Model 75,21,6,156.44,297.98,0.284
3906,Electronice,[Electronice] Osciloscop Model 88,7,13,26.76,33.18,0.134
3907,Electronice,[Electronice] Sursa Laborator Model 95,16,7,144.03,274.41,0.308
3908,Perisabile,[Perisabile] Spray Degripant Model 36,92,20,22.68,39.35,0.378
3909,Auto,Rulment Roata Fata Model 78,69,16,89.39,166.69,0.115
3910,Hardware,Incarcator Gaz Model 60,144,5,32.67,64.15,0.482
3911,Electronice,[Electronice] Modul Transmisie LoRa Model 58,120,8,189.05,469.48,0.019
3912,Hardware,Cheie Dinamometrica Model 34,127,18,133.61,327.92,0.092
3913,Auto,Set Placute Frana Model 63,141,16,164.5,277.84,0.195
3914,Electronice,[Electronice] Multimetru Analogic Model 44,88,8,37.9,82.89,0.29
3915,Perisabile,[Perisabile] Spray Degripant Model 42,33,20,64.05,96.61,0.233
3916,Perisabile,[Perisabile] Adeziv Industrial Model 83,76,6,195.38,345.15,0.488
3917,Perisabile,[Perisabile] Adeziv Industrial Model 74,35,15,142.49,178.53,0.411
3918,Perisabile,[Perisabile] Spray Degripant Model 61,125,20,135.07,235.15,0.03
3919,Electronice,[Electronice] Modul Transmisie LoRa Model 44,93,5,240.27,466.79,0.472
3920,Hardware,Cheie Dinamometrica Model 61,48,16,290.71,713.37,0.347
3921,Perisabile,[Perisabile] Spray Degripant Model 68,48,20,182.77,369.45,0.449
3922,Electronice,[Electronice] Osciloscop Model 28,95,11,128.3,158.15,0.252
3923,Hardware,Trusa Tubulare Model 1,115,15,96.64,167.03,0.279
3924,Electronice,[Electronice] Osciloscop Model 52,28,18,147.94,255.69,0.107
3925,Perisabile,[Perisabile] Spray Degripant Model 99,148,12,136.58,268.46,0.03
3926,Electronice,[Electronice] Osciloscop Model 16,83,9,201.54,415.07,0.437
3927,Electronice,[Electronice] Sursa Laborator Model 33,39,7,261.55,473.76,0.219
3928,Electronice,[Electronice] Osciloscop Model 86,53,15,275.98,605.38,0.26
3929,Perisabile,[Perisabile] Adeziv Industrial Model 93,93,6,214.21,481.78,0.468
3930,Electronice,[Electronice] Osciloscop Model 24,75,19,70.16,166.87,0.27
3931,Electronice,[Electronice] Modul Transmisie LoRa Model 60,44,10,249.51,462.42,0.041
3932,Hardware,Trusa Tubulare Model 71,16,7,104.54,184.53,0.484
3933,Perisabile,[Perisabile] Spray Degripant Model 29,33,6,57.9,123.63,0.107
3934,Auto,Furtun Intercooler 2.0 TDI Model 12,8,12,281.0,683.87,0.469
3935,Auto,Filtru Aer Model 13,117,7,139.75,199.24,0.073
3936,Hardware,Cheie Dinamometrica Model 7,75,19,161.77,262.74,0.228
3937,Auto,Senzor Debitmetru Model 39,150,11,59.9,97.57,0.102
3938,Auto,Rulment Roata Fata Model 74,31,13,128.21,176.44,0.281
3939,Electronice,[Electronice] Sursa Laborator Model 96,48,17,171.96,261.17,0.135
3940,Hardware,Cheie Dinamometrica Model 87,72,18,241.91,462.3,0.453
3941,Auto,Set Placute Frana Model 39,27,6,87.92,209.84,0.085
3942,Auto,Furtun Intercooler 2.0 TDI Model 7,82,19,155.78,248.22,0.321
3943,Perisabile,[Perisabile] Adeziv Industrial Model 76,92,18,53.84,95.15,0.029
3944,Electronice,[Electronice] Multimetru Analogic Model 58,107,18,225.97,274.63,0.406
3945,Auto,Senzor Debitmetru Model 16,47,10,32.28,52.94,0.238
3946,Auto,Filtru Aer Model 15,0,17,273.19,663.12,0.046
3947,Perisabile,[Perisabile] Adeziv Industrial Model 48,80,15,126.7,262.55,0.14
3948,Electronice,[Electronice] Osciloscop Model 43,5,18,160.73,307.79,0.333
3949,Electronice,[Electronice] Multimetru Analogic Model 42,140,8,86.85,201.78,0.241
3950,Perisabile,[Perisabile] Solutie Curatare Frane Model 65,56,13,159.9,215.89,0.235
3951,Hardware,Set Imbusuri Model 62,36,15,38.65,77.06,0.299
3952,Auto,Rulment Roata Fata Model 32,10,18,78.25,171.01,0.032
3953,Perisabile,[Perisabile] Solutie Curatare Frane Model 65,11,20,161.46,298.2,0.066
3954,Electronice,[Electronice] Osciloscop Model 4,131,13,58.89,102.19,0.223
3955,Electronice,[Electronice] Modul Transmisie LoRa Model 88,141,8,95.94,177.15,0.467
3956,Auto,Filtru Aer Model 56,71,15,49.94,78.32,0.268
3957,Perisabile,[Perisabile] Adeziv Industrial Model 58,49,18,223.87,403.51,0.357
3958,Auto,Senzor Debitmetru Model 82,55,13,130.71,289.28,0.245
3959,Electronice,[Electronice] Sursa Laborator Model 58,42,7,208.9,482.77,0.07
3960,Auto,Furtun Intercooler 2.0 TDI Model 74,108,18,141.77,273.22,0.225
3961,Auto,Rulment Roata Fata Model 46,87,8,191.59,257.66,0.326
3962,Electronice,[Electronice] Osciloscop Model 63,107,14,105.15,156.51,0.256
3963,Electronice,[Electronice] Multimetru Analogic Model 67,131,17,20.0,31.72,0.303
3964,Auto,Filtru Aer Model 79,11,7,62.03,77.3,0.295
3965,Auto,Set Placute Frana Model 70,140,14,245.65,336.27,0.332
3966,Hardware,Trusa Tubulare Model 63,116,13,67.52,141.56,0.114
3967,Perisabile,[Perisabile] Spray Degripant Model 84,106,11,73.69,142.29,0.014
3968,Hardware,Trusa Tubulare Model 89,47,7,255.97,391.66,0.323
3969,Perisabile,[Perisabile] Solutie Curatare Frane Model 14,114,7,125.64,184.33,0.416
3970,Perisabile,[Perisabile] Spray Degripant Model 5,131,9,294.52,373.23,0.283
3971,Hardware,Set Imbusuri Model 33,140,14,117.04,225.61,0.379
3972,Perisabile,[Perisabile] Solutie Curatare Frane Model 21,91,11,218.04,419.15,0.163
3973,Auto,Baterie 12V 70Ah Model 83,48,20,169.53,384.0,0.379
3974,Electronice,[Electronice] Osciloscop Model 94,64,20,289.27,477.74,0.024
3975,Auto,Senzor Debitmetru Model 29,119,9,92.4,140.42,0.066
3976,Hardware,Trusa Tubulare Model 98,50,10,22.24,33.5,0.217
3977,Hardware,Set Imbusuri Model 39,127,11,15.02,34.91,0.23
3978,Electronice,[Electronice] Sursa Laborator Model 33,49,8,57.59,78.79,0.317
3979,Auto,Set Placute Frana Model 76,133,15,206.98,360.54,0.269
3980,Hardware,Cheie Dinamometrica Model 23,96,13,286.15,344.07,0.463
3981,Auto,Rulment Roata Fata Model 70,100,13,137.08,279.24,0.162
3982,Perisabile,[Perisabile] Spray Degripant Model 33,29,20,48.7,81.34,0.266
3983,Electronice,[Electronice] Multimetru Analogic Model 92,5,18,212.76,457.98,0.437
3984,Electronice,[Electronice] Sursa Laborator Model 58,104,9,269.41,627.95,0.407
3985,Electronice,[Electronice] Modul Transmisie LoRa Model 80,24,10,210.87,483.67,0.297
3986,Electronice,[Electronice] Modul Transmisie LoRa Model 92,135,10,14.27,18.9,0.163
3987,Hardware,Set Imbusuri Model 63,30,18,138.57,340.31,0.086
3988,Perisabile,[Perisabile] Spray Degripant Model 97,87,15,109.99,235.02,0.027
3989,Auto,Set Placute Frana Model 83,80,17,223.45,274.9,0.129
3990,Perisabile,[Perisabile] Spray Degripant Model 40,3,18,95.25,214.59,0.413
3991,Hardware,Incarcator Gaz Model 64,90,13,188.69,356.84,0.317
3992,Hardware,Set Imbusuri Model 52,17,7,243.68,317.43,0.172
3993,Auto,Senzor Debitmetru Model 23,47,11,140.23,336.94,0.497
3994,Electronice,[Electronice] Multimetru Analogic Model 2,16,10,236.83,305.53,0.177
3995,Hardware,Incarcator Gaz Model 9,22,8,292.58,373.16,0.162
3996,Auto,Rulment Roata Fata Model 41,126,15,283.91,423.75,0.109
3997,Electronice,[Electronice] Osciloscop Model 25,58,15,131.78,244.6,0.352
3998,Hardware,Cheie Dinamometrica Model 80,135,9,64.95,130.57,0.406
3999,Auto,Senzor Debitmetru Model 5,6,9,131.38,161.26,0.33
4000,Auto,Rulment Roata Fata Model 11,20,13,140.78,301.97,0.308
4001,Electronice,[Electronice] Sursa Laborator Model 97,142,20,177.15,431.12,0.122
4002,Hardware,Set Imbusuri Model 81,72,9,40.61,86.1,0.299
4003,Hardware,Cheie Dinamometrica Model 24,40,5,211.7,423.11,0.385
4004,Perisabile,[Perisabile] Adeziv Industrial Model 57,133,18,27.73,49.38,0.499
4005,Electronice,[Electronice] Osciloscop Model 19,126,10,150.57,206.57,0.319
4006,Electronice,[Electronice] Osciloscop Model 12,63,18,273.06,502.66,0.185
4007,Electronice,[Electronice] Modul Transmisie LoRa Model 21,146,8,121.27,255.1,0.026
4008,Auto,Baterie 12V 70Ah Model 21,29,9,23.06,56.19,0.234
4009,Electronice,[Electronice] Sursa Laborator Model 25,51,6,62.7,109.09,0.099
4010,Perisabile,[Perisabile] Spray Degripant Model 32,26,20,192.18,422.2,0.196
4011,Auto,Furtun Intercooler 2.0 TDI Model 23,138,14,280.98,669.62,0.043
4012,Auto,Rulment Roata Fata Model 36,7,19,216.37,488.52,0.046
4013,Hardware,Trusa Tubulare Model 77,17,16,222.54,469.28,0.446
4014,Electronice,[Electronice] Multimetru Analogic Model 74,101,15,110.77,238.67,0.43
4015,Hardware,Trusa Tubulare Model 80,111,10,281.07,699.22,0.457
4016,Perisabile,[Perisabile] Solutie Curatare Frane Model 28,107,8,250.24,537.67,0.377
4017,Auto,Rulment Roata Fata Model 44,123,16,259.3,446.5,0.204
4018,Hardware,Trusa Tubulare Model 98,83,12,275.29,353.94,0.11
4019,Perisabile,[Perisabile] Solutie Curatare Frane Model 36,51,13,181.59,356.85,0.303
4020,Electronice,[Electronice] Multimetru Analogic Model 7,137,7,147.09,288.63,0.251
4021,Perisabile,[Perisabile] Adeziv Industrial Model 28,22,13,35.92,73.2,0.259
4022,Electronice,[Electronice] Modul Transmisie LoRa Model 98,147,17,208.39,361.06,0.135
4023,Auto,Furtun Intercooler 2.0 TDI Model 86,31,17,73.94,131.87,0.174
4024,Perisabile,[Perisabile] Solutie Curatare Frane Model 20,27,8,200.87,428.33,0.242
4025,Hardware,Set Imbusuri Model 33,144,7,27.8,63.44,0.357
4026,Auto,Set Placute Frana Model 50,89,19,205.73,310.39,0.493
4027,Hardware,Trusa Tubulare Model 63,144,9,263.47,398.38,0.485
4028,Auto,Filtru Aer Model 13,144,6,178.99,353.91,0.305
4029,Electronice,[Electronice] Modul Transmisie LoRa Model 20,6,5,68.61,168.39,0.272
4030,Electronice,[Electronice] Osciloscop Model 79,86,16,155.95,230.76,0.286
4031,Auto,Set Placute Frana Model 38,68,10,212.57,293.49,0.429
4032,Auto,Set Placute Frana Model 90,100,20,144.5,357.33,0.286
4033,Electronice,[Electronice] Sursa Laborator Model 86,100,18,286.58,384.84,0.377
4034,Hardware,Cheie Dinamometrica Model 68,125,12,294.48,617.23,0.299
4035,Auto,Set Placute Frana Model 68,142,17,58.48,74.14,0.378
4036,Electronice,[Electronice] Multimetru Analogic Model 11,43,14,38.54,52.29,0.075
4037,Electronice,[Electronice] Modul Transmisie LoRa Model 82,108,8,167.46,255.79,0.497
4038,Auto,Senzor Debitmetru Model 79,89,15,76.15,123.05,0.19
4039,Perisabile,[Perisabile] Spray Degripant Model 29,84,8,252.03,592.49,0.362
4040,Auto,Baterie 12V 70Ah Model 53,54,19,78.71,124.22,0.4
4041,Hardware,Incarcator Gaz Model 36,35,10,244.62,461.1,0.372
4042,Hardware,Set Imbusuri Model 26,56,10,197.28,318.32,0.366
4043,Hardware,Incarcator Gaz Model 66,50,7,83.11,104.16,0.166
4044,Auto,Baterie 12V 70Ah Model 48,50,7,196.1,356.81,0.46
4045,Perisabile,[Perisabile] Solutie Curatare Frane Model 96,109,17,51.91,87.07,0.039
4046,Perisabile,[Perisabile] Adeziv Industrial Model 24,21,17,284.25,501.9,0.134
4047,Auto,Senzor Debitmetru Model 20,102,6,271.45,556.23,0.432
4048,Auto,Set Placute Frana Model 62,85,6,90.96,215.49,0.436
4049,Auto,Filtru Aer Model 94,99,11,172.61,221.39,0.293
4050,Electronice,[Electronice] Osciloscop Model 14,60,10,215.32,411.77,0.278
4051,Perisabile,[Perisabile] Solutie Curatare Frane Model 40,78,19,125.32,163.43,0.299
4052,Perisabile,[Perisabile] Solutie Curatare Frane Model 89,136,6,114.06,216.29,0.116
4053,Hardware,Incarcator Gaz Model 30,22,7,99.21,132.54,0.143
4054,Hardware,Set Imbusuri Model 40,61,8,92.63,152.1,0.468
4055,Auto,Set Placute Frana Model 71,88,8,235.5,533.94,0.439
4056,Hardware,Incarcator Gaz Model 19,68,7,171.87,295.05,0.434
4057,Hardware,Incarcator Gaz Model 52,94,6,174.02,221.12,0.259
4058,Electronice,[Electronice] Modul Transmisie LoRa Model 10,92,7,98.47,146.24,0.371
4059,Perisabile,[Perisabile] Spray Degripant Model 20,73,14,296.75,705.72,0.325
4060,Hardware,Cheie Dinamometrica Model 99,111,5,263.48,602.67,0.153
4061,Electronice,[Electronice] Sursa Laborator Model 17,81,5,248.89,454.22,0.074
4062,Auto,Furtun Intercooler 2.0 TDI Model 6,47,18,76.34,166.57,0.183
4063,Electronice,[Electronice] Modul Transmisie LoRa Model 47,138,19,105.49,210.26,0.202
4064,Electronice,[Electronice] Osciloscop Model 98,136,19,132.19,306.69,0.166
4065,Perisabile,[Perisabile] Solutie Curatare Frane Model 22,81,6,73.71,102.94,0.092
4066,Auto,Baterie 12V 70Ah Model 45,37,15,252.23,612.59,0.154
4067,Electronice,[Electronice] Multimetru Analogic Model 86,99,7,148.09,205.86,0.241
4068,Hardware,Cheie Dinamometrica Model 29,127,11,15.64,28.12,0.395
4069,Hardware,Set Imbusuri Model 38,3,5,203.31,256.71,0.109
4070,Auto,Senzor Debitmetru Model 39,45,7,109.54,209.14,0.341
4071,Auto,Rulment Roata Fata Model 13,101,12,294.47,629.42,0.435
4072,Perisabile,[Perisabile] Solutie Curatare Frane Model 74,10,14,297.87,491.48,0.174
4073,Perisabile,[Perisabile] Solutie Curatare Frane Model 35,107,11,278.27,604.28,0.082
4074,Perisabile,[Perisabile] Solutie Curatare Frane Model 56,61,18,273.7,530.84,0.433
4075,Hardware,Trusa Tubulare Model 62,41,9,102.67,254.7,0.457
4076,Perisabile,[Perisabile] Solutie Curatare Frane Model 41,73,7,244.95,399.37,0.418
4077,Perisabile,[Perisabile] Adeziv Industrial Model 16,53,12,41.49,93.9,0.29
4078,Perisabile,[Perisabile] Solutie Curatare Frane Model 75,2,5,124.06,214.03,0.343
4079,Auto,Baterie 12V 70Ah Model 10,87,14,263.41,450.25,0.358
4080,Auto,Furtun Intercooler 2.0 TDI Model 50,75,6,168.47,245.12,0.061
4081,Auto,Furtun Intercooler 2.0 TDI Model 84,42,7,27.0,44.2,0.188
4082,Perisabile,[Perisabile] Solutie Curatare Frane Model 96,149,19,63.85,98.26,0.367
4083,Hardware,Cheie Dinamometrica Model 3,91,11,163.94,328.28,0.298
4084,Hardware,Cheie Dinamometrica Model 52,64,13,238.82,445.48,0.154
4085,Electronice,[Electronice] Sursa Laborator Model 16,59,12,289.73,596.12,0.166
4086,Electronice,[Electronice] Modul Transmisie LoRa Model 15,107,15,233.42,505.43,0.244
4087,Perisabile,[Perisabile] Solutie Curatare Frane Model 68,136,16,13.85,23.17,0.175
4088,Perisabile,[Perisabile] Solutie Curatare Frane Model 86,126,19,236.91,295.3,0.153
4089,Electronice,[Electronice] Sursa Laborator Model 81,30,17,170.31,342.55,0.063
4090,Electronice,[Electronice] Multimetru Analogic Model 83,54,9,147.26,267.6,0.368
4091,Auto,Senzor Debitmetru Model 93,32,11,88.9,204.13,0.236
4092,Electronice,[Electronice] Multimetru Analogic Model 36,59,20,34.85,45.89,0.149
4093,Auto,Baterie 12V 70Ah Model 20,19,11,224.77,558.1,0.142
4094,Auto,Senzor Debitmetru Model 26,76,19,272.02,473.88,0.408
4095,Hardware,Incarcator Gaz Model 46,105,18,96.82,216.83,0.134
4096,Electronice,[Electronice] Sursa Laborator Model 57,110,11,205.27,450.72,0.412
4097,Hardware,Trusa Tubulare Model 74,135,19,151.71,221.38,0.077
4098,Electronice,[Electronice] Sursa Laborator Model 16,41,16,284.08,621.07,0.221
4099,Electronice,[Electronice] Sursa Laborator Model 92,11,9,245.71,430.68,0.341
4100,Hardware,Cheie Dinamometrica Model 59,43,7,134.21,244.98,0.416
4101,Electronice,[Electronice] Multimetru Analogic Model 26,30,10,84.21,209.53,0.314
4102,Auto,Rulment Roata Fata Model 13,106,10,181.99,360.18,0.213
4103,Electronice,[Electronice] Sursa Laborator Model 71,11,11,142.72,274.9,0.137
4104,Perisabile,[Perisabile] Solutie Curatare Frane Model 16,119,20,195.12,250.37,0.164
4105,Electronice,[Electronice] Osciloscop Model 31,45,9,233.81,404.2,0.178
4106,Electronice,[Electronice] Sursa Laborator Model 14,150,17,260.46,606.79,0.193
4107,Hardware,Trusa Tubulare Model 62,16,17,78.23,101.23,0.27
4108,Perisabile,[Perisabile] Spray Degripant Model 85,9,14,229.77,565.94,0.458
4109,Perisabile,[Perisabile] Solutie Curatare Frane Model 45,15,6,94.74,165.85,0.069
4110,Perisabile,[Perisabile] Adeziv Industrial Model 7,75,12,153.94,225.65,0.115
4111,Hardware,Trusa Tubulare Model 76,121,19,64.85,129.77,0.37
4112,Electronice,[Electronice] Multimetru Analogic Model 22,26,19,59.03,102.6,0.372
4113,Auto,Furtun Intercooler 2.0 TDI Model 48,145,12,50.06,64.26,0.463
4114,Electronice,[Electronice] Sursa Laborator Model 80,91,7,49.13,61.38,0.439
4115,Electronice,[Electronice] Multimetru Analogic Model 50,92,8,198.14,385.02,0.269
4116,Perisabile,[Perisabile] Adeziv Industrial Model 96,2,5,12.43,23.0,0.451
4117,Electronice,[Electronice] Multimetru Analogic Model 70,127,17,236.65,383.34,0.033
4118,Electronice,[Electronice] Multimetru Analogic Model 71,11,10,294.08,398.28,0.093
4119,Hardware,Trusa Tubulare Model 39,101,20,246.18,569.94,0.451
4120,Hardware,Trusa Tubulare Model 78,18,12,187.62,283.99,0.062
4121,Perisabile,[Perisabile] Adeziv Industrial Model 82,73,13,178.63,436.78,0.296
4122,Auto,Baterie 12V 70Ah Model 24,116,10,73.83,118.59,0.285
4123,Electronice,[Electronice] Multimetru Analogic Model 90,123,15,231.8,478.79,0.406
4124,Electronice,[Electronice] Osciloscop Model 91,141,14,91.86,130.23,0.212
4125,Auto,Senzor Debitmetru Model 60,128,6,270.93,440.72,0.1
4126,Hardware,Incarcator Gaz Model 5,121,5,176.81,295.32,0.279
4127,Electronice,[Electronice] Multimetru Analogic Model 50,98,19,175.4,259.99,0.344
4128,Perisabile,[Perisabile] Spray Degripant Model 77,3,9,257.42,356.32,0.168
4129,Auto,Baterie 12V 70Ah Model 62,58,14,242.58,415.95,0.349
4130,Auto,Set Placute Frana Model 60,11,11,11.45,14.45,0.13
4131,Hardware,Incarcator Gaz Model 70,110,9,103.31,157.76,0.35
4132,Hardware,Incarcator Gaz Model 90,1,16,155.77,252.62,0.493
4133,Hardware,Cheie Dinamometrica Model 41,123,17,122.73,233.99,0.38
4134,Auto,Baterie 12V 70Ah Model 87,15,11,192.82,458.28,0.101
4135,Perisabile,[Perisabile] Spray Degripant Model 84,93,7,44.63,73.3,0.364
4136,Perisabile,[Perisabile] Solutie Curatare Frane Model 55,79,5,179.97,283.92,0.018
4137,Electronice,[Electronice] Multimetru Analogic Model 92,95,15,123.53,176.39,0.355
4138,Perisabile,[Perisabile] Adeziv Industrial Model 22,141,10,98.21,190.47,0.353
4139,Perisabile,[Perisabile] Solutie Curatare Frane Model 8,107,5,65.36,118.14,0.124
4140,Perisabile,[Perisabile] Solutie Curatare Frane Model 16,102,8,282.91,365.73,0.36
4141,Perisabile,[Perisabile] Solutie Curatare Frane Model 14,19,12,10.09,25.03,0.219
4142,Hardware,Set Imbusuri Model 66,149,15,69.25,157.98,0.298
4143,Perisabile,[Perisabile] Solutie Curatare Frane Model 55,128,14,37.77,61.72,0.141
4144,Electronice,[Electronice] Modul Transmisie LoRa Model 98,90,10,95.85,181.03,0.198
4145,Perisabile,[Perisabile] Adeziv Industrial Model 30,34,15,52.46,114.5,0.219
4146,Auto,Senzor Debitmetru Model 22,1,7,142.88,228.97,0.462
4147,Auto,Senzor Debitmetru Model 47,113,14,220.02,385.19,0.043
4148,Electronice,[Electronice] Osciloscop Model 47,21,14,208.65,338.88,0.445
4149,Hardware,Cheie Dinamometrica Model 70,64,12,13.27,32.5,0.491
4150,Auto,Set Placute Frana Model 8,138,14,13.39,20.21,0.14
4151,Auto,Rulment Roata Fata Model 8,18,14,191.55,280.16,0.435
4152,Hardware,Incarcator Gaz Model 52,62,20,112.55,251.06,0.48
4153,Hardware,Set Imbusuri Model 30,48,15,190.69,429.73,0.419
4154,Electronice,[Electronice] Modul Transmisie LoRa Model 77,33,5,92.23,141.57,0.45
4155,Perisabile,[Perisabile] Adeziv Industrial Model 11,148,9,85.05,110.72,0.031
4156,Electronice,[Electronice] Sursa Laborator Model 27,102,20,29.07,41.41,0.312
4157,Perisabile,[Perisabile] Adeziv Industrial Model 70,131,15,98.4,242.0,0.17
4158,Hardware,Trusa Tubulare Model 15,35,10,105.87,197.92,0.476
4159,Auto,Set Placute Frana Model 32,48,16,95.46,235.51,0.011
4160,Electronice,[Electronice] Sursa Laborator Model 84,13,7,58.89,125.66,0.209
4161,Electronice,[Electronice] Modul Transmisie LoRa Model 89,62,17,151.96,339.54,0.173
4162,Hardware,Trusa Tubulare Model 18,41,20,178.76,418.51,0.057
4163,Electronice,[Electronice] Osciloscop Model 70,125,20,34.09,44.93,0.241
4164,Auto,Senzor Debitmetru Model 18,105,18,170.36,248.3,0.354
4165,Auto,Baterie 12V 70Ah Model 89,100,20,145.49,236.58,0.18
4166,Hardware,Cheie Dinamometrica Model 94,73,18,179.6,304.44,0.041
4167,Auto,Baterie 12V 70Ah Model 89,21,16,240.05,525.53,0.454
4168,Hardware,Cheie Dinamometrica Model 79,74,20,71.73,105.19,0.278
4169,Electronice,[Electronice] Modul Transmisie LoRa Model 6,84,10,13.38,18.9,0.334
4170,Electronice,[Electronice] Modul Transmisie LoRa Model 24,40,11,25.62,41.42,0.457
4171,Auto,Set Placute Frana Model 71,96,12,265.32,567.46,0.34
4172,Hardware,Trusa Tubulare Model 85,25,11,57.17,114.35,0.064
4173,Auto,Filtru Aer Model 40,52,16,129.93,179.31,0.36
4174,Auto,Rulment Roata Fata Model 41,146,11,286.11,468.99,0.046
4175,Electronice,[Electronice] Sursa Laborator Model 44,69,20,14.53,36.32,0.426
4176,Auto,Rulment Roata Fata Model 50,84,8,200.07,380.46,0.048
4177,Hardware,Cheie Dinamometrica Model 26,20,17,299.79,490.55,0.339
4178,Electronice,[Electronice] Multimetru Analogic Model 18,69,10,132.92,291.03,0.372
4179,Auto,Baterie 12V 70Ah Model 6,58,16,178.01,442.41,0.323
4180,Electronice,[Electronice] Multimetru Analogic Model 48,54,7,289.38,549.89,0.082
4181,Hardware,Incarcator Gaz Model 46,88,17,220.26,351.56,0.254
4182,Perisabile,[Perisabile] Adeziv Industrial Model 17,2,15,235.49,295.83,0.097
4183,Hardware,Incarcator Gaz Model 87,28,19,194.28,385.23,0.086
4184,Hardware,Cheie Dinamometrica Model 95,127,16,168.56,290.57,0.359
4185,Auto,Filtru Aer Model 53,61,14,55.86,128.36,0.44
4186,Auto,Set Placute Frana Model 37,83,20,290.7,597.86,0.065
4187,Hardware,Incarcator Gaz Model 48,31,16,78.76,190.6,0.288
4188,Auto,Furtun Intercooler 2.0 TDI Model 40,72,19,127.49,234.26,0.293
4189,Electronice,[Electronice] Multimetru Analogic Model 4,18,8,205.72,254.79,0.269
4190,Electronice,[Electronice] Modul Transmisie LoRa Model 90,77,14,16.97,21.05,0.478
4191,Perisabile,[Perisabile] Adeziv Industrial Model 2,96,9,214.52,454.41,0.086
4192,Auto,Senzor Debitmetru Model 62,43,8,189.21,374.02,0.141
4193,Electronice,[Electronice] Sursa Laborator Model 9,85,12,132.29,248.64,0.245
4194,Perisabile,[Perisabile] Adeziv Industrial Model 41,33,11,275.24,600.95,0.401
4195,Electronice,[Electronice] Multimetru Analogic Model 61,47,8,250.25,375.85,0.195
4196,Perisabile,[Perisabile] Adeziv Industrial Model 12,24,15,85.9,211.79,0.168
4197,Auto,Baterie 12V 70Ah Model 91,117,13,289.83,621.36,0.071
4198,Auto,Filtru Aer Model 47,13,13,30.91,60.67,0.178
4199,Perisabile,[Perisabile] Solutie Curatare Frane Model 22,125,14,268.3,555.46,0.092
4200,Hardware,Incarcator Gaz Model 25,61,9,270.98,642.29,0.376
4201,Auto,Senzor Debitmetru Model 47,8,5,66.0,98.84,0.051
4202,Auto,Senzor Debitmetru Model 92,79,17,37.96,62.6,0.058
4203,Auto,Filtru Aer Model 98,130,10,285.77,409.25,0.497
4204,Electronice,[Electronice] Modul Transmisie LoRa Model 8,90,8,104.27,214.29,0.295
4205,Hardware,Incarcator Gaz Model 22,86,11,244.1,439.79,0.225
4206,Electronice,[Electronice] Multimetru Analogic Model 19,92,13,104.81,194.91,0.163
4207,Hardware,Set Imbusuri Model 36,100,13,278.81,644.93,0.489
4208,Perisabile,[Perisabile] Solutie Curatare Frane Model 51,101,12,32.59,40.2,0.193
4209,Electronice,[Electronice] Multimetru Analogic Model 89,89,10,79.04,186.25,0.122
4210,Electronice,[Electronice] Modul Transmisie LoRa Model 30,91,13,195.76,299.28,0.381
4211,Auto,Set Placute Frana Model 44,133,9,264.53,578.55,0.236
4212,Perisabile,[Perisabile] Spray Degripant Model 4,141,17,34.7,62.79,0.405
4213,Electronice,[Electronice] Sursa Laborator Model 74,105,11,159.24,297.73,0.421
4214,Electronice,[Electronice] Modul Transmisie LoRa Model 77,128,7,240.4,497.34,0.364
4215,Auto,Filtru Aer Model 59,51,10,258.26,314.86,0.467
4216,Perisabile,[Perisabile] Adeziv Industrial Model 89,60,5,126.31,313.67,0.333
4217,Electronice,[Electronice] Multimetru Analogic Model 48,71,19,197.37,308.55,0.261
4218,Perisabile,[Perisabile] Spray Degripant Model 94,17,12,23.49,45.57,0.029
4219,Electronice,[Electronice] Osciloscop Model 91,12,15,193.87,390.2,0.033
4220,Perisabile,[Perisabile] Solutie Curatare Frane Model 79,61,16,34.94,56.19,0.107
4221,Hardware,Cheie Dinamometrica Model 90,99,13,223.91,435.98,0.13
4222,Hardware,Cheie Dinamometrica Model 12,139,16,132.74,293.29,0.222
4223,Hardware,Set Imbusuri Model 27,113,6,194.82,250.69,0.098
4224,Electronice,[Electronice] Sursa Laborator Model 36,23,10,192.0,334.76,0.151
4225,Electronice,[Electronice] Multimetru Analogic Model 44,130,12,176.67,219.83,0.441
4226,Auto,Furtun Intercooler 2.0 TDI Model 24,2,18,241.74,425.24,0.435
4227,Perisabile,[Perisabile] Adeziv Industrial Model 60,98,20,94.39,198.93,0.014
4228,Perisabile,[Perisabile] Solutie Curatare Frane Model 80,93,16,65.94,153.72,0.087
4229,Perisabile,[Perisabile] Solutie Curatare Frane Model 7,149,15,100.63,203.79,0.428
4230,Auto,Filtru Aer Model 35,136,11,52.76,84.07,0.378
4231,Electronice,[Electronice] Osciloscop Model 48,99,16,231.52,577.53,0.103
4232,Auto,Baterie 12V 70Ah Model 74,66,12,219.47,280.76,0.128
4233,Auto,Senzor Debitmetru Model 10,119,7,91.14,220.08,0.36
4234,Electronice,[Electronice] Multimetru Analogic Model 73,11,9,109.38,167.88,0.213
4235,Electronice,[Electronice] Sursa Laborator Model 33,135,17,137.2,222.89,0.45
4236,Hardware,Trusa Tubulare Model 96,11,6,256.1,503.76,0.029
4237,Perisabile,[Perisabile] Spray Degripant Model 34,150,12,107.95,239.33,0.332
4238,Perisabile,[Perisabile] Adeziv Industrial Model 18,26,11,12.94,21.78,0.011
4239,Electronice,[Electronice] Multimetru Analogic Model 42,57,5,286.23,515.82,0.14
4240,Perisabile,[Perisabile] Spray Degripant Model 13,113,6,225.19,319.72,0.026
4241,Electronice,[Electronice] Multimetru Analogic Model 20,119,6,32.81,62.72,0.285
4242,Electronice,[Electronice] Modul Transmisie LoRa Model 25,114,5,95.55,123.4,0.265
4243,Perisabile,[Perisabile] Spray Degripant Model 99,89,5,182.07,313.65,0.217
4244,Hardware,Cheie Dinamometrica Model 30,144,16,123.47,169.89,0.343
4245,Electronice,[Electronice] Modul Transmisie LoRa Model 78,143,12,169.68,260.42,0.023
4246,Auto,Rulment Roata Fata Model 49,129,13,282.68,669.24,0.067
4247,Perisabile,[Perisabile] Adeziv Industrial Model 38,69,14,81.4,166.94,0.067
4248,Perisabile,[Perisabile] Adeziv Industrial Model 15,135,6,92.49,197.75,0.336
4249,Hardware,Cheie Dinamometrica Model 92,50,14,94.2,134.71,0.468
4250,Auto,Baterie 12V 70Ah Model 44,50,8,195.17,451.96,0.463
4251,Perisabile,[Perisabile] Spray Degripant Model 6,9,14,40.38,53.05,0.172
4252,Hardware,Trusa Tubulare Model 97,54,19,56.55,130.29,0.183
4253,Auto,Senzor Debitmetru Model 23,40,12,74.58,130.74,0.289
4254,Perisabile,[Perisabile] Spray Degripant Model 12,32,10,235.44,516.78,0.053
4255,Electronice,[Electronice] Multimetru Analogic Model 40,138,6,147.04,257.21,0.069
4256,Auto,Rulment Roata Fata Model 20,134,10,59.08,90.88,0.397
4257,Perisabile,[Perisabile] Solutie Curatare Frane Model 10,42,14,272.8,359.58,0.023
4258,Electronice,[Electronice] Osciloscop Model 77,98,11,149.89,225.36,0.233
4259,Electronice,[Electronice] Multimetru Analogic Model 40,44,12,134.91,317.7,0.213
4260,Auto,Filtru Aer Model 6,40,17,203.41,328.57,0.055
4261,Hardware,Incarcator Gaz Model 63,94,15,13.87,34.63,0.261
4262,Auto,Filtru Aer Model 54,135,13,292.72,572.99,0.397
4263,Electronice,[Electronice] Multimetru Analogic Model 62,120,16,48.1,113.39,0.467
4264,Perisabile,[Perisabile] Spray Degripant Model 15,40,20,132.23,189.29,0.408
4265,Perisabile,[Perisabile] Spray Degripant Model 65,87,9,133.17,325.5,0.498
4266,Auto,Senzor Debitmetru Model 23,12,11,149.97,336.29,0.077
4267,Auto,Senzor Debitmetru Model 69,128,17,94.47,201.82,0.487
4268,Auto,Rulment Roata Fata Model 29,56,6,163.45,349.18,0.107
4269,Electronice,[Electronice] Multimetru Analogic Model 26,62,6,285.45,558.55,0.208
4270,Auto,Senzor Debitmetru Model 22,23,10,273.63,393.03,0.403
4271,Auto,Senzor Debitmetru Model 84,118,19,86.64,145.37,0.147
4272,Auto,Senzor Debitmetru Model 87,84,11,78.87,119.86,0.204
4273,Electronice,[Electronice] Osciloscop Model 10,145,20,160.98,330.54,0.238
4274,Hardware,Trusa Tubulare Model 14,35,15,100.58,153.35,0.066
4275,Hardware,Set Imbusuri Model 12,127,20,241.66,551.01,0.209
4276,Electronice,[Electronice] Sursa Laborator Model 42,150,5,99.03,155.57,0.423
4277,Electronice,[Electronice] Osciloscop Model 33,1,11,128.64,253.73,0.078
4278,Auto,Senzor Debitmetru Model 56,50,6,93.99,114.8,0.118
4279,Hardware,Incarcator Gaz Model 50,118,13,276.02,336.89,0.043
4280,Electronice,[Electronice] Multimetru Analogic Model 89,29,13,226.15,356.99,0.344
4281,Electronice,[Electronice] Osciloscop Model 66,140,5,211.0,372.32,0.155
4282,Hardware,Set Imbusuri Model 65,9,10,108.72,140.0,0.192
4283,Hardware,Cheie Dinamometrica Model 76,126,15,189.13,464.39,0.384
4284,Auto,Furtun Intercooler 2.0 TDI Model 1,101,9,153.09,252.54,0.161
4285,Electronice,[Electronice] Modul Transmisie LoRa Model 8,99,7,67.53,128.3,0.243
4286,Hardware,Trusa Tubulare Model 64,11,19,70.67,109.65,0.061
4287,Hardware,Incarcator Gaz Model 8,41,18,41.1,58.32,0.106
4288,Electronice,[Electronice] Modul Transmisie LoRa Model 6,60,6,48.28,108.83,0.12
4289,Perisabile,[Perisabile] Adeziv Industrial Model 9,111,10,269.32,335.86,0.284
4290,Hardware,Trusa Tubulare Model 15,116,8,204.39,350.68,0.182
4291,Electronice,[Electronice] Multimetru Analogic Model 84,131,18,130.08,215.13,0.3
4292,Auto,Rulment Roata Fata Model 88,115,7,275.58,660.66,0.14
4293,Electronice,[Electronice] Modul Transmisie LoRa Model 14,57,11,206.02,462.41,0.373
4294,Electronice,[Electronice] Modul Transmisie LoRa Model 36,10,14,210.54,378.97,0.283
4295,Perisabile,[Perisabile] Adeziv Industrial Model 58,141,12,28.86,69.93,0.1
4296,Hardware,Set Imbusuri Model 41,141,15,212.8,274.6,0.442
4297,Auto,Set Placute Frana Model 89,66,14,171.87,222.75,0.104
4298,Electronice,[Electronice] Osciloscop Model 56,126,5,172.14,242.07,0.339
4299,Auto,Furtun Intercooler 2.0 TDI Model 13,65,18,240.96,360.16,0.417
4300,Perisabile,[Perisabile] Solutie Curatare Frane Model 88,59,13,293.64,497.96,0.309
4301,Auto,Filtru Aer Model 31,143,10,71.69,88.19,0.081
4302,Hardware,Trusa Tubulare Model 78,144,16,239.14,476.62,0.478
4303,Hardware,Cheie Dinamometrica Model 27,69,12,137.77,223.21,0.077
4304,Electronice,[Electronice] Modul Transmisie LoRa Model 69,101,12,280.9,591.69,0.298
4305,Perisabile,[Perisabile] Adeziv Industrial Model 93,0,18,243.99,505.4,0.289
4306,Electronice,[Electronice] Sursa Laborator Model 39,64,9,284.65,361.15,0.304
4307,Hardware,Cheie Dinamometrica Model 33,40,8,227.15,324.1,0.4
4308,Auto,Baterie 12V 70Ah Model 79,102,13,19.73,39.12,0.071
4309,Hardware,Trusa Tubulare Model 79,43,9,22.99,30.73,0.166
4310,Auto,Set Placute Frana Model 61,10,8,77.24,105.83,0.458
4311,Electronice,[Electronice] Multimetru Analogic Model 58,4,20,188.97,313.39,0.424
4312,Perisabile,[Perisabile] Solutie Curatare Frane Model 98,17,19,266.48,498.69,0.159
4313,Hardware,Set Imbusuri Model 64,81,20,19.01,36.77,0.337
4314,Hardware,Incarcator Gaz Model 97,84,8,220.62,346.33,0.458
4315,Electronice,[Electronice] Osciloscop Model 11,9,5,78.66,134.15,0.393
4316,Auto,Furtun Intercooler 2.0 TDI Model 28,133,14,184.19,456.13,0.188
4317,Auto,Baterie 12V 70Ah Model 5,127,9,265.53,417.76,0.206
4318,Perisabile,[Perisabile] Solutie Curatare Frane Model 43,34,18,95.39,127.78,0.447
4319,Hardware,Set Imbusuri Model 1,11,10,159.79,318.19,0.498
4320,Electronice,[Electronice] Sursa Laborator Model 32,141,13,265.59,563.65,0.275
4321,Perisabile,[Perisabile] Solutie Curatare Frane Model 17,62,20,188.68,359.53,0.486
4322,Electronice,[Electronice] Osciloscop Model 96,101,8,278.79,641.5,0.489
4323,Auto,Set Placute Frana Model 72,143,12,237.23,589.53,0.442
4324,Perisabile,[Perisabile] Spray Degripant Model 33,135,20,201.5,323.24,0.283
4325,Auto,Senzor Debitmetru Model 3,61,17,162.85,260.35,0.155
4326,Hardware,Cheie Dinamometrica Model 7,112,7,179.93,290.86,0.125
4327,Hardware,Set Imbusuri Model 46,12,13,88.36,197.31,0.406
4328,Electronice,[Electronice] Modul Transmisie LoRa Model 54,119,5,168.5,409.57,0.251
4329,Hardware,Incarcator Gaz Model 45,13,10,120.14,293.52,0.152
4330,Hardware,Trusa Tubulare Model 39,59,11,76.64,182.34,0.403
4331,Electronice,[Electronice] Multimetru Analogic Model 93,123,15,234.16,290.22,0.117
4332,Hardware,Trusa Tubulare Model 66,45,18,164.19,382.58,0.142
4333,Perisabile,[Perisabile] Solutie Curatare Frane Model 50,148,15,68.53,122.55,0.125
4334,Auto,Baterie 12V 70Ah Model 67,83,5,226.66,473.93,0.177
4335,Perisabile,[Perisabile] Adeziv Industrial Model 33,83,7,40.88,74.91,0.363
4336,Perisabile,[Perisabile] Spray Degripant Model 6,140,10,233.55,434.84,0.09
4337,Perisabile,[Perisabile] Spray Degripant Model 62,142,5,133.6,284.43,0.029
4338,Hardware,Set Imbusuri Model 27,75,18,84.4,140.89,0.112
4339,Auto,Senzor Debitmetru Model 75,69,16,98.63,123.99,0.397
4340,Hardware,Set Imbusuri Model 33,119,15,61.26,137.81,0.038
4341,Auto,Furtun Intercooler 2.0 TDI Model 87,51,13,127.64,193.65,0.224
4342,Electronice,[Electronice] Modul Transmisie LoRa Model 5,53,14,260.46,431.89,0.083
4343,Hardware,Set Imbusuri Model 15,44,5,149.2,204.58,0.277
4344,Auto,Furtun Intercooler 2.0 TDI Model 15,61,6,44.18,90.85,0.348
4345,Hardware,Set Imbusuri Model 55,1,15,238.62,445.65,0.392
4346,Hardware,Cheie Dinamometrica Model 92,146,6,195.01,420.57,0.462
4347,Perisabile,[Perisabile] Spray Degripant Model 21,80,12,198.36,319.29,0.39
4348,Hardware,Incarcator Gaz Model 90,38,11,148.48,265.31,0.27
4349,Perisabile,[Perisabile] Spray Degripant Model 16,116,13,100.58,225.98,0.208
4350,Auto,Furtun Intercooler 2.0 TDI Model 18,101,12,248.5,455.23,0.278
4351,Electronice,[Electronice] Osciloscop Model 77,55,18,136.43,184.43,0.299
4352,Electronice,[Electronice] Modul Transmisie LoRa Model 15,88,19,29.13,59.63,0.362
4353,Electronice,[Electronice] Modul Transmisie LoRa Model 11,57,12,17.87,27.26,0.163
4354,Hardware,Cheie Dinamometrica Model 7,71,10,167.32,237.3,0.124
4355,Auto,Rulment Roata Fata Model 40,141,9,264.4,526.68,0.158
4356,Electronice,[Electronice] Multimetru Analogic Model 3,60,14,83.95,119.91,0.248
4357,Hardware,Cheie Dinamometrica Model 70,28,17,157.56,257.44,0.437
4358,Perisabile,[Perisabile] Solutie Curatare Frane Model 32,83,14,114.6,227.73,0.319
4359,Hardware,Incarcator Gaz Model 58,106,13,50.69,67.15,0.093
4360,Auto,Senzor Debitmetru Model 71,20,15,195.84,472.15,0.326
4361,Hardware,Cheie Dinamometrica Model 34,8,20,211.57,357.85,0.331
4362,Auto,Set Placute Frana Model 43,78,16,95.96,187.42,0.031
4363,Perisabile,[Perisabile] Spray Degripant Model 89,144,15,71.3,176.25,0.296
4364,Auto,Rulment Roata Fata Model 55,21,12,122.04,159.99,0.079
4365,Hardware,Incarcator Gaz Model 46,16,12,28.85,59.66,0.149
4366,Perisabile,[Perisabile] Spray Degripant Model 99,42,5,105.22,255.84,0.403
4367,Hardware,Incarcator Gaz Model 31,73,5,135.37,333.74,0.303
4368,Hardware,Trusa Tubulare Model 3,108,5,129.09,244.86,0.159
4369,Auto,Rulment Roata Fata Model 75,124,7,48.06,61.21,0.419
4370,Auto,Baterie 12V 70Ah Model 62,123,10,142.23,278.05,0.437
4371,Electronice,[Electronice] Sursa Laborator Model 44,46,7,149.77,354.08,0.041
4372,Auto,Filtru Aer Model 69,47,5,287.08,680.65,0.313
4373,Hardware,Incarcator Gaz Model 70,7,10,210.61,273.85,0.298
4374,Hardware,Trusa Tubulare Model 15,57,19,263.01,563.8,0.399
4375,Hardware,Trusa Tubulare Model 57,20,13,263.77,537.79,0.057
4376,Auto,Baterie 12V 70Ah Model 44,144,11,102.06,147.19,0.35
4377,Hardware,Cheie Dinamometrica Model 28,122,9,61.29,98.61,0.367
4378,Hardware,Incarcator Gaz Model 22,41,7,45.99,62.6,0.219
4379,Auto,Furtun Intercooler 2.0 TDI Model 55,93,7,73.83,119.5,0.084
4380,Perisabile,[Perisabile] Spray Degripant Model 7,148,5,170.27,209.93,0.49
4381,Perisabile,[Perisabile] Solutie Curatare Frane Model 20,2,11,99.55,122.43,0.471
4382,Perisabile,[Perisabile] Spray Degripant Model 39,33,8,265.66,411.19,0.133
4383,Perisabile,[Perisabile] Adeziv Industrial Model 95,138,13,169.85,408.67,0.175
4384,Perisabile,[Perisabile] Solutie Curatare Frane Model 22,113,10,277.18,358.74,0.144
4385,Auto,Baterie 12V 70Ah Model 88,10,5,20.57,38.21,0.489
4386,Auto,Rulment Roata Fata Model 83,96,20,208.3,313.09,0.082
4387,Hardware,Trusa Tubulare Model 16,80,9,25.21,47.66,0.453
4388,Auto,Rulment Roata Fata Model 58,3,15,133.11,322.08,0.438
4389,Auto,Set Placute Frana Model 63,65,14,83.34,181.16,0.389
4390,Hardware,Set Imbusuri Model 53,83,20,148.19,311.81,0.133
4391,Auto,Baterie 12V 70Ah Model 3,83,19,224.56,336.21,0.411
4392,Auto,Set Placute Frana Model 10,11,11,245.33,339.63,0.162
4393,Auto,Furtun Intercooler 2.0 TDI Model 42,143,13,177.16,246.65,0.257
4394,Hardware,Incarcator Gaz Model 61,0,20,166.42,336.78,0.044
4395,Hardware,Incarcator Gaz Model 31,118,6,14.45,34.58,0.154
4396,Hardware,Cheie Dinamometrica Model 14,36,7,87.49,122.51,0.23
4397,Electronice,[Electronice] Multimetru Analogic Model 69,125,15,199.94,442.27,0.041
4398,Electronice,[Electronice] Sursa Laborator Model 61,77,17,87.84,131.42,0.061
4399,Auto,Senzor Debitmetru Model 58,57,12,202.53,293.37,0.085
4400,Electronice,[Electronice] Sursa Laborator Model 22,10,9,34.14,77.9,0.139
4401,Electronice,[Electronice] Osciloscop Model 33,2,20,194.53,380.58,0.146
4402,Auto,Senzor Debitmetru Model 56,6,20,261.47,618.27,0.047
4403,Perisabile,[Perisabile] Adeziv Industrial Model 65,60,11,208.93,293.73,0.484
4404,Perisabile,[Perisabile] Solutie Curatare Frane Model 51,14,10,59.25,97.89,0.144
4405,Auto,Senzor Debitmetru Model 50,13,7,106.59,153.68,0.284
4406,Hardware,Trusa Tubulare Model 84,107,8,244.14,460.89,0.03
4407,Perisabile,[Perisabile] Adeziv Industrial Model 97,83,16,65.85,98.12,0.287
4408,Auto,Set Placute Frana Model 23,26,9,91.01,142.41,0.224
4409,Auto,Set Placute Frana Model 78,15,19,85.55,154.28,0.209
4410,Hardware,Cheie Dinamometrica Model 57,116,9,140.5,289.59,0.216
4411,Perisabile,[Perisabile] Adeziv Industrial Model 59,17,19,113.43,252.33,0.489
4412,Hardware,Cheie Dinamometrica Model 63,112,10,25.14,37.33,0.248
4413,Auto,Rulment Roata Fata Model 29,88,18,287.62,359.86,0.497
4414,Perisabile,[Perisabile] Spray Degripant Model 67,106,13,132.23,308.37,0.126
4415,Hardware,Trusa Tubulare Model 80,81,5,97.18,152.26,0.47
4416,Electronice,[Electronice] Sursa Laborator Model 5,93,17,263.85,429.54,0.348
4417,Electronice,[Electronice] Sursa Laborator Model 35,147,17,117.27,229.36,0.298
4418,Hardware,Cheie Dinamometrica Model 27,76,19,200.79,461.88,0.439
4419,Auto,Baterie 12V 70Ah Model 3,135,13,183.65,324.45,0.086
4420,Hardware,Trusa Tubulare Model 32,111,20,185.89,287.17,0.032
4421,Hardware,Incarcator Gaz Model 6,101,12,167.7,397.0,0.454
4422,Perisabile,[Perisabile] Spray Degripant Model 24,101,19,282.84,437.32,0.396
4423,Electronice,[Electronice] Sursa Laborator Model 46,64,9,90.81,131.14,0.435
4424,Electronice,[Electronice] Modul Transmisie LoRa Model 10,65,6,130.21,193.83,0.242
4425,Electronice,[Electronice] Multimetru Analogic Model 81,6,12,95.07,187.44,0.334
4426,Electronice,[Electronice] Sursa Laborator Model 89,114,5,282.52,341.42,0.064
4427,Hardware,Trusa Tubulare Model 74,123,7,145.64,205.65,0.158
4428,Electronice,[Electronice] Osciloscop Model 49,146,10,41.06,52.38,0.394
4429,Perisabile,[Perisabile] Adeziv Industrial Model 25,131,13,186.99,257.4,0.33
4430,Perisabile,[Perisabile] Spray Degripant Model 55,16,13,278.51,565.38,0.266
4431,Perisabile,[Perisabile] Adeziv Industrial Model 81,69,13,111.88,256.53,0.439
4432,Hardware,Incarcator Gaz Model 36,136,7,128.68,173.05,0.035
4433,Auto,Baterie 12V 70Ah Model 51,149,8,262.64,416.21,0.378
4434,Hardware,Cheie Dinamometrica Model 28,87,11,229.64,535.19,0.458
4435,Electronice,[Electronice] Osciloscop Model 47,35,16,124.78,256.46,0.153
4436,Hardware,Incarcator Gaz Model 22,102,8,229.67,443.58,0.358
4437,Auto,Baterie 12V 70Ah Model 75,135,14,262.07,638.41,0.179
4438,Auto,Rulment Roata Fata Model 90,45,20,202.65,345.36,0.408
4439,Perisabile,[Perisabile] Adeziv Industrial Model 79,33,10,173.25,302.62,0.056
4440,Perisabile,[Perisabile] Spray Degripant Model 36,129,19,281.32,685.0,0.361
4441,Electronice,[Electronice] Multimetru Analogic Model 47,29,17,174.07,434.43,0.088
4442,Auto,Furtun Intercooler 2.0 TDI Model 29,14,9,199.09,260.48,0.076
4443,Auto,Rulment Roata Fata Model 91,21,18,20.51,31.33,0.307
4444,Electronice,[Electronice] Modul Transmisie LoRa Model 97,10,7,17.29,42.76,0.446
4445,Hardware,Set Imbusuri Model 81,47,5,252.13,432.46,0.175
4446,Auto,Rulment Roata Fata Model 38,57,6,289.31,459.82,0.304
4447,Hardware,Cheie Dinamometrica Model 5,96,13,140.85,213.85,0.061
4448,Perisabile,[Perisabile] Adeziv Industrial Model 54,103,20,90.75,153.02,0.035
4449,Perisabile,[Perisabile] Adeziv Industrial Model 45,148,14,296.08,447.51,0.468
4450,Auto,Furtun Intercooler 2.0 TDI Model 43,93,10,170.8,408.64,0.068
4451,Hardware,Incarcator Gaz Model 66,138,17,179.47,244.67,0.205
4452,Electronice,[Electronice] Osciloscop Model 11,42,12,75.66,101.51,0.026
4453,Hardware,Set Imbusuri Model 73,113,10,38.91,84.58,0.461
4454,Electronice,[Electronice] Osciloscop Model 47,128,11,115.64,145.93,0.324
4455,Electronice,[Electronice] Sursa Laborator Model 75,19,8,202.5,265.21,0.477
4456,Electronice,[Electronice] Osciloscop Model 73,61,16,16.9,27.66,0.177
4457,Auto,Baterie 12V 70Ah Model 26,93,20,212.01,388.94,0.076
4458,Perisabile,[Perisabile] Adeziv Industrial Model 29,27,19,297.75,700.63,0.084
4459,Auto,Set Placute Frana Model 21,105,19,136.05,276.83,0.066
4460,Auto,Baterie 12V 70Ah Model 23,27,20,295.06,500.91,0.282
4461,Hardware,Cheie Dinamometrica Model 43,123,17,209.73,294.35,0.307
4462,Perisabile,[Perisabile] Adeziv Industrial Model 13,30,14,141.12,186.92,0.444
4463,Electronice,[Electronice] Modul Transmisie LoRa Model 38,140,7,259.42,401.33,0.116
4464,Electronice,[Electronice] Osciloscop Model 95,1,8,164.14,338.71,0.258
4465,Electronice,[Electronice] Sursa Laborator Model 35,96,6,168.39,221.75,0.424
4466,Hardware,Cheie Dinamometrica Model 3,60,18,110.68,175.18,0.487
4467,Electronice,[Electronice] Sursa Laborator Model 98,64,10,248.41,382.99,0.173
4468,Auto,Set Placute Frana Model 21,18,20,275.15,412.81,0.287
4469,Electronice,[Electronice] Multimetru Analogic Model 16,25,15,299.71,578.81,0.099
4470,Hardware,Trusa Tubulare Model 68,97,5,68.44,129.09,0.4
4471,Perisabile,[Perisabile] Adeziv Industrial Model 10,55,10,196.45,308.06,0.317
4472,Perisabile,[Perisabile] Solutie Curatare Frane Model 45,41,16,53.87,104.44,0.059
4473,Perisabile,[Perisabile] Adeziv Industrial Model 92,37,16,288.39,620.86,0.386
4474,Hardware,Incarcator Gaz Model 54,123,11,60.61,135.65,0.019
4475,Hardware,Set Imbusuri Model 15,128,17,231.35,475.64,0.371
4476,Auto,Set Placute Frana Model 72,50,11,255.27,380.44,0.211
4477,Auto,Set Placute Frana Model 53,15,13,121.72,149.8,0.388
4478,Perisabile,[Perisabile] Spray Degripant Model 52,90,13,117.1,161.92,0.161
4479,Auto,Furtun Intercooler 2.0 TDI Model 79,122,16,222.13,523.2,0.121
4480,Electronice,[Electronice] Sursa Laborator Model 25,116,11,133.58,176.63,0.132
4481,Hardware,Cheie Dinamometrica Model 69,79,8,120.36,245.29,0.352
4482,Perisabile,[Perisabile] Spray Degripant Model 14,15,10,270.77,479.98,0.198
4483,Auto,Filtru Aer Model 7,46,18,180.79,379.05,0.264
4484,Electronice,[Electronice] Modul Transmisie LoRa Model 31,69,10,157.05,362.99,0.292
4485,Auto,Furtun Intercooler 2.0 TDI Model 99,108,20,26.09,41.65,0.402
4486,Perisabile,[Perisabile] Solutie Curatare Frane Model 13,70,5,238.3,465.32,0.433
4487,Perisabile,[Perisabile] Solutie Curatare Frane Model 32,129,9,199.11,476.89,0.087
4488,Auto,Furtun Intercooler 2.0 TDI Model 75,44,9,19.87,25.6,0.096
4489,Auto,Baterie 12V 70Ah Model 1,29,7,40.93,63.1,0.252
4490,Electronice,[Electronice] Modul Transmisie LoRa Model 8,65,20,100.43,157.84,0.327
4491,Perisabile,[Perisabile] Spray Degripant Model 71,123,7,278.94,594.42,0.243
4492,Auto,Rulment Roata Fata Model 73,20,19,113.67,220.58,0.02
4493,Electronice,[Electronice] Osciloscop Model 85,17,13,115.53,153.02,0.021
4494,Auto,Furtun Intercooler 2.0 TDI Model 17,111,17,22.95,34.47,0.15
4495,Hardware,Trusa Tubulare Model 66,68,9,118.66,216.87,0.239
4496,Perisabile,[Perisabile] Adeziv Industrial Model 47,71,11,207.3,344.25,0.486
4497,Electronice,[Electronice] Modul Transmisie LoRa Model 75,82,16,94.22,140.47,0.362
4498,Electronice,[Electronice] Multimetru Analogic Model 92,112,6,94.79,128.43,0.471
4499,Auto,Senzor Debitmetru Model 19,95,20,245.72,325.21,0.492
4500,Auto,Baterie 12V 70Ah Model 50,82,11,195.61,312.92,0.053
4501,Perisabile,[Perisabile] Adeziv Industrial Model 71,9,17,183.61,225.83,0.166
4502,Perisabile,[Perisabile] Solutie Curatare Frane Model 56,135,14,121.3,207.71,0.21
4503,Perisabile,[Perisabile] Solutie Curatare Frane Model 33,33,15,196.95,433.84,0.185
4504,Hardware,Incarcator Gaz Model 6,33,8,50.07,112.47,0.053
4505,Hardware,Cheie Dinamometrica Model 83,36,13,178.06,394.42,0.46
4506,Electronice,[Electronice] Sursa Laborator Model 66,140,20,299.86,549.44,0.445
4507,Hardware,Incarcator Gaz Model 2,74,15,215.04,465.33,0.474
4508,Hardware,Set Imbusuri Model 37,54,15,45.92,100.66,0.332
4509,Hardware,Trusa Tubulare Model 64,44,19,214.29,325.33,0.105
4510,Perisabile,[Perisabile] Solutie Curatare Frane Model 36,56,19,181.15,295.55,0.225
4511,Auto,Set Placute Frana Model 81,132,6,161.71,307.28,0.101
4512,Electronice,[Electronice] Multimetru Analogic Model 5,124,8,278.23,502.63,0.019
4513,Electronice,[Electronice] Multimetru Analogic Model 19,47,9,107.14,144.29,0.206
4514,Perisabile,[Perisabile] Spray Degripant Model 96,40,15,227.97,422.8,0.169
4515,Hardware,Trusa Tubulare Model 42,142,16,132.33,287.15,0.089
4516,Hardware,Set Imbusuri Model 98,104,18,125.37,197.5,0.202
4517,Auto,Senzor Debitmetru Model 22,78,5,45.16,112.42,0.209
4518,Hardware,Trusa Tubulare Model 71,2,18,179.99,309.86,0.409
4519,Electronice,[Electronice] Modul Transmisie LoRa Model 16,57,17,14.11,32.58,0.33
4520,Electronice,[Electronice] Multimetru Analogic Model 38,88,9,238.0,583.41,0.186
4521,Electronice,[Electronice] Osciloscop Model 70,26,7,291.43,674.24,0.419
4522,Hardware,Set Imbusuri Model 19,14,17,169.41,409.72,0.272
4523,Auto,Baterie 12V 70Ah Model 40,43,18,36.72,67.63,0.433
4524,Auto,Senzor Debitmetru Model 92,54,11,146.77,198.29,0.394
4525,Electronice,[Electronice] Osciloscop Model 50,44,10,215.93,289.82,0.208
4526,Perisabile,[Perisabile] Spray Degripant Model 72,4,19,30.28,58.07,0.274
4527,Electronice,[Electronice] Modul Transmisie LoRa Model 13,65,7,106.28,250.42,0.479
4528,Hardware,Trusa Tubulare Model 76,118,16,63.99,118.35,0.409
4529,Electronice,[Electronice] Multimetru Analogic Model 90,78,18,197.02,381.51,0.442
4530,Electronice,[Electronice] Modul Transmisie LoRa Model 85,33,9,285.23,708.82,0.153
4531,Auto,Furtun Intercooler 2.0 TDI Model 73,89,18,93.84,140.1,0.252
4532,Electronice,[Electronice] Modul Transmisie LoRa Model 76,94,6,136.62,280.37,0.114
4533,Hardware,Cheie Dinamometrica Model 90,136,16,165.69,355.35,0.297
4534,Auto,Baterie 12V 70Ah Model 75,95,15,272.64,526.32,0.198
4535,Auto,Set Placute Frana Model 85,41,16,225.78,328.65,0.468
4536,Perisabile,[Perisabile] Solutie Curatare Frane Model 57,56,9,202.48,354.85,0.156
4537,Perisabile,[Perisabile] Adeziv Industrial Model 26,83,13,13.15,15.79,0.095
4538,Auto,Baterie 12V 70Ah Model 20,10,18,82.85,150.96,0.338
4539,Electronice,[Electronice] Sursa Laborator Model 5,145,5,223.62,452.28,0.354
4540,Perisabile,[Perisabile] Solutie Curatare Frane Model 48,38,18,11.83,14.32,0.437
4541,Auto,Rulment Roata Fata Model 15,54,6,254.82,388.8,0.25
4542,Hardware,Trusa Tubulare Model 68,20,16,96.44,131.07,0.325
4543,Hardware,Set Imbusuri Model 98,73,15,240.97,488.56,0.163
4544,Perisabile,[Perisabile] Solutie Curatare Frane Model 89,51,8,183.02,290.49,0.29
4545,Electronice,[Electronice] Multimetru Analogic Model 75,110,17,217.12,407.79,0.268
4546,Hardware,Cheie Dinamometrica Model 40,130,20,65.56,155.5,0.45
4547,Hardware,Cheie Dinamometrica Model 87,13,11,148.57,219.48,0.428
4548,Auto,Filtru Aer Model 61,40,10,210.09,383.38,0.253
4549,Hardware,Cheie Dinamometrica Model 96,123,10,138.49,326.37,0.113
4550,Auto,Senzor Debitmetru Model 7,56,10,246.23,524.29,0.066
4551,Electronice,[Electronice] Multimetru Analogic Model 5,113,17,288.18,715.33,0.28
4552,Perisabile,[Perisabile] Solutie Curatare Frane Model 26,91,19,144.7,223.63,0.169
4553,Perisabile,[Perisabile] Adeziv Industrial Model 53,55,8,53.23,74.08,0.34
4554,Hardware,Incarcator Gaz Model 79,15,18,28.71,60.76,0.056
4555,Auto,Set Placute Frana Model 14,140,8,146.81,313.94,0.363
4556,Electronice,[Electronice] Sursa Laborator Model 82,119,10,147.07,285.21,0.187
4557,Electronice,[Electronice] Modul Transmisie LoRa Model 67,87,16,241.06,410.97,0.08
4558,Electronice,[Electronice] Multimetru Analogic Model 83,114,10,78.56,107.72,0.29
4559,Perisabile,[Perisabile] Solutie Curatare Frane Model 2,16,16,94.34,220.64,0.177
4560,Auto,Baterie 12V 70Ah Model 18,21,14,182.15,307.02,0.43
4561,Electronice,[Electronice] Multimetru Analogic Model 68,133,12,132.74,237.2,0.31
4562,Hardware,Cheie Dinamometrica Model 41,8,5,259.52,476.17,0.313
4563,Auto,Rulment Roata Fata Model 44,54,5,50.71,118.43,0.12
4564,Perisabile,[Perisabile] Spray Degripant Model 64,0,13,242.2,428.09,0.424
4565,Electronice,[Electronice] Sursa Laborator Model 60,27,9,130.2,196.37,0.135
4566,Hardware,Cheie Dinamometrica Model 26,83,13,87.23,167.82,0.137
4567,Hardware,Trusa Tubulare Model 56,89,18,288.11,561.55,0.187
4568,Perisabile,[Perisabile] Solutie Curatare Frane Model 73,150,20,68.6,144.59,0.152
4569,Hardware,Trusa Tubulare Model 81,88,13,96.66,195.61,0.483
4570,Hardware,Cheie Dinamometrica Model 85,115,9,109.77,246.77,0.295
4571,Electronice,[Electronice] Sursa Laborator Model 24,23,14,156.81,200.73,0.08
4572,Electronice,[Electronice] Modul Transmisie LoRa Model 74,143,9,65.38,95.58,0.445
4573,Auto,Furtun Intercooler 2.0 TDI Model 87,61,14,160.99,286.15,0.187
4574,Hardware,Trusa Tubulare Model 19,72,15,98.41,184.62,0.213
4575,Hardware,Trusa Tubulare Model 7,27,12,227.22,450.92,0.194
4576,Auto,Senzor Debitmetru Model 59,127,10,210.37,316.98,0.387
4577,Perisabile,[Perisabile] Spray Degripant Model 48,71,12,248.71,517.93,0.107
4578,Perisabile,[Perisabile] Spray Degripant Model 4,111,14,298.29,662.53,0.257
4579,Perisabile,[Perisabile] Adeziv Industrial Model 32,51,5,144.25,278.86,0.197
4580,Electronice,[Electronice] Modul Transmisie LoRa Model 46,104,14,137.63,221.16,0.246
4581,Hardware,Trusa Tubulare Model 8,123,13,107.38,145.19,0.047
4582,Electronice,[Electronice] Sursa Laborator Model 51,140,17,73.33,138.68,0.355
4583,Auto,Furtun Intercooler 2.0 TDI Model 97,113,9,128.18,283.16,0.281
4584,Perisabile,[Perisabile] Adeziv Industrial Model 76,137,19,282.03,384.3,0.316
4585,Auto,Baterie 12V 70Ah Model 26,150,7,112.34,263.23,0.268
4586,Hardware,Cheie Dinamometrica Model 76,105,13,97.96,173.42,0.49
4587,Hardware,Trusa Tubulare Model 74,26,14,252.68,421.0,0.4
4588,Electronice,[Electronice] Osciloscop Model 42,94,19,13.85,18.18,0.466
4589,Hardware,Set Imbusuri Model 22,123,20,252.08,304.98,0.385
4590,Perisabile,[Perisabile] Adeziv Industrial Model 47,125,12,20.45,43.6,0.212
4591,Perisabile,[Perisabile] Solutie Curatare Frane Model 10,5,6,150.83,276.51,0.116
4592,Auto,Rulment Roata Fata Model 23,143,16,223.43,401.58,0.275
4593,Auto,Rulment Roata Fata Model 17,21,16,249.08,382.47,0.424
4594,Electronice,[Electronice] Modul Transmisie LoRa Model 78,148,9,228.95,483.18,0.128
4595,Hardware,Set Imbusuri Model 62,76,19,141.24,210.53,0.465
4596,Perisabile,[Perisabile] Solutie Curatare Frane Model 86,125,20,295.36,597.14,0.011
4597,Perisabile,[Perisabile] Solutie Curatare Frane Model 11,26,11,92.85,187.31,0.382
4598,Electronice,[Electronice] Multimetru Analogic Model 17,10,15,218.34,291.21,0.012
4599,Hardware,Trusa Tubulare Model 22,115,20,269.27,392.76,0.112
4600,Electronice,[Electronice] Multimetru Analogic Model 41,40,18,200.95,358.17,0.481
4601,Auto,Furtun Intercooler 2.0 TDI Model 84,37,17,94.7,114.67,0.364
4602,Hardware,Trusa Tubulare Model 92,98,5,91.69,160.46,0.136
4603,Perisabile,[Perisabile] Adeziv Industrial Model 57,26,16,251.92,313.78,0.108
4604,Auto,Baterie 12V 70Ah Model 13,73,16,259.18,357.84,0.361
4605,Electronice,[Electronice] Multimetru Analogic Model 23,45,8,107.37,156.36,0.191
4606,Hardware,Set Imbusuri Model 61,81,18,98.81,143.38,0.096
4607,Perisabile,[Perisabile] Spray Degripant Model 36,74,7,168.49,225.53,0.224
4608,Auto,Baterie 12V 70Ah Model 28,82,14,143.16,305.21,0.444
4609,Auto,Filtru Aer Model 62,6,16,222.11,284.68,0.233
4610,Electronice,[Electronice] Multimetru Analogic Model 8,73,12,46.11,97.11,0.269
4611,Electronice,[Electronice] Modul Transmisie LoRa Model 99,28,18,281.59,564.47,0.28
4612,Auto,Baterie 12V 70Ah Model 48,97,6,200.49,323.5,0.035
4613,Hardware,Cheie Dinamometrica Model 52,140,10,102.95,156.43,0.376
4614,Auto,Baterie 12V 70Ah Model 4,100,19,248.35,439.8,0.173
4615,Electronice,[Electronice] Sursa Laborator Model 3,47,13,70.94,89.43,0.38
4616,Perisabile,[Perisabile] Spray Degripant Model 67,41,14,298.87,409.47,0.238
4617,Perisabile,[Perisabile] Adeziv Industrial Model 65,49,13,75.44,183.63,0.401
4618,Auto,Senzor Debitmetru Model 86,48,6,57.22,72.7,0.456
4619,Hardware,Set Imbusuri Model 31,18,10,280.01,400.94,0.495
4620,Electronice,[Electronice] Sursa Laborator Model 30,33,19,258.77,453.62,0.027
4621,Auto,Baterie 12V 70Ah Model 8,101,8,210.0,455.48,0.428
4622,Electronice,[Electronice] Multimetru Analogic Model 2,65,15,154.87,201.7,0.198
4623,Hardware,Trusa Tubulare Model 30,58,10,144.89,208.45,0.364
4624,Auto,Senzor Debitmetru Model 13,11,6,150.83,327.35,0.075
4625,Perisabile,[Perisabile] Spray Degripant Model 36,101,16,213.3,516.34,0.324
4626,Auto,Filtru Aer Model 43,22,7,221.17,271.02,0.198
4627,Electronice,[Electronice] Modul Transmisie LoRa Model 36,122,7,299.3,719.85,0.116
4628,Auto,Set Placute Frana Model 84,134,6,231.8,380.56,0.241
4629,Perisabile,[Perisabile] Spray Degripant Model 77,146,7,281.5,467.18,0.499
4630,Auto,Furtun Intercooler 2.0 TDI Model 73,67,15,231.85,404.38,0.474
4631,Perisabile,[Perisabile] Adeziv Industrial Model 32,45,11,237.27,425.9,0.205
4632,Perisabile,[Perisabile] Spray Degripant Model 87,143,16,194.3,305.85,0.302
4633,Hardware,Cheie Dinamometrica Model 21,24,9,117.38,267.61,0.127
4634,Hardware,Set Imbusuri Model 31,29,13,223.04,340.23,0.423
4635,Electronice,[Electronice] Sursa Laborator Model 60,7,7,129.53,256.7,0.311
4636,Perisabile,[Perisabile] Spray Degripant Model 89,113,17,288.48,390.95,0.048
4637,Hardware,Trusa Tubulare Model 8,36,16,23.78,45.02,0.116
4638,Auto,Filtru Aer Model 78,113,13,270.21,515.64,0.493
4639,Perisabile,[Perisabile] Adeziv Industrial Model 7,8,20,16.64,38.51,0.378
4640,Electronice,[Electronice] Modul Transmisie LoRa Model 65,104,9,231.35,406.82,0.262
4641,Electronice,[Electronice] Multimetru Analogic Model 21,14,18,250.62,581.89,0.076
4642,Auto,Set Placute Frana Model 22,124,16,78.64,158.47,0.475
4643,Electronice,[Electronice] Sursa Laborator Model 72,0,9,231.21,481.3,0.475
4644,Hardware,Incarcator Gaz Model 35,16,17,189.13,326.0,0.486
4645,Hardware,Cheie Dinamometrica Model 71,16,19,226.0,335.33,0.426
4646,Electronice,[Electronice] Multimetru Analogic Model 70,142,14,71.86,105.14,0.473
4647,Perisabile,[Perisabile] Adeziv Industrial Model 93,21,13,16.67,28.07,0.192
4648,Hardware,Cheie Dinamometrica Model 44,141,10,16.93,40.25,0.292
4649,Perisabile,[Perisabile] Solutie Curatare Frane Model 36,79,13,192.8,332.53,0.245
4650,Hardware,Set Imbusuri Model 88,24,10,34.68,51.65,0.453
4651,Electronice,[Electronice] Sursa Laborator Model 50,104,10,214.19,397.39,0.047
4652,Hardware,Cheie Dinamometrica Model 53,37,8,58.61,89.72,0.398
4653,Perisabile,[Perisabile] Adeziv Industrial Model 63,75,10,37.36,60.52,0.447
4654,Electronice,[Electronice] Modul Transmisie LoRa Model 10,124,15,259.8,466.9,0.472
4655,Perisabile,[Perisabile] Solutie Curatare Frane Model 90,137,20,155.43,305.04,0.463
4656,Hardware,Set Imbusuri Model 80,6,15,137.85,244.63,0.424
4657,Perisabile,[Perisabile] Adeziv Industrial Model 2,52,6,291.47,377.53,0.043
4658,Perisabile,[Perisabile] Solutie Curatare Frane Model 62,12,18,100.95,181.64,0.146
4659,Hardware,Incarcator Gaz Model 93,31,20,261.52,566.06,0.15
4660,Auto,Rulment Roata Fata Model 15,42,18,226.63,532.43,0.199
4661,Hardware,Set Imbusuri Model 73,81,6,198.03,328.64,0.112
4662,Hardware,Incarcator Gaz Model 26,79,6,22.23,29.08,0.442
4663,Electronice,[Electronice] Sursa Laborator Model 44,138,14,109.08,205.39,0.048
4664,Auto,Baterie 12V 70Ah Model 42,50,14,223.91,521.23,0.061
4665,Perisabile,[Perisabile] Spray Degripant Model 6,141,19,129.8,276.71,0.044
4666,Hardware,Set Imbusuri Model 28,127,15,44.37,109.66,0.047
4667,Perisabile,[Perisabile] Adeziv Industrial Model 48,75,18,290.2,556.27,0.434
4668,Hardware,Incarcator Gaz Model 50,106,8,142.55,211.97,0.156
4669,Electronice,[Electronice] Multimetru Analogic Model 50,41,11,61.04,122.39,0.154
4670,Hardware,Incarcator Gaz Model 38,138,12,133.86,185.86,0.084
4671,Perisabile,[Perisabile] Adeziv Industrial Model 89,10,13,162.65,301.19,0.322
4672,Auto,Furtun Intercooler 2.0 TDI Model 68,1,15,160.27,278.43,0.025
4673,Electronice,[Electronice] Osciloscop Model 61,62,9,205.4,399.16,0.097
4674,Auto,Filtru Aer Model 42,140,5,129.15,229.97,0.338
4675,Electronice,[Electronice] Sursa Laborator Model 12,20,12,83.93,140.03,0.452
4676,Electronice,[Electronice] Osciloscop Model 28,65,19,271.2,544.42,0.064
4677,Hardware,Set Imbusuri Model 29,134,7,297.77,688.59,0.108
4678,Perisabile,[Perisabile] Adeziv Industrial Model 45,147,10,22.47,41.03,0.436
4679,Electronice,[Electronice] Sursa Laborator Model 98,126,16,168.08,245.92,0.482
4680,Hardware,Cheie Dinamometrica Model 42,145,17,147.74,311.44,0.097
4681,Perisabile,[Perisabile] Spray Degripant Model 37,6,11,137.69,280.01,0.42
4682,Perisabile,[Perisabile] Adeziv Industrial Model 33,128,9,209.06,318.84,0.027
4683,Auto,Rulment Roata Fata Model 30,140,16,223.86,499.37,0.207
4684,Electronice,[Electronice] Multimetru Analogic Model 60,149,17,179.8,217.08,0.184
4685,Electronice,[Electronice] Modul Transmisie LoRa Model 58,111,7,163.42,334.71,0.325
4686,Perisabile,[Perisabile] Adeziv Industrial Model 93,141,8,264.04,551.72,0.252
4687,Electronice,[Electronice] Osciloscop Model 68,15,19,191.9,301.02,0.478
4688,Hardware,Cheie Dinamometrica Model 2,110,15,276.16,366.25,0.153
4689,Hardware,Incarcator Gaz Model 6,17,6,252.53,461.62,0.337
4690,Hardware,Set Imbusuri Model 74,5,20,72.33,157.99,0.072
4691,Auto,Rulment Roata Fata Model 95,19,5,194.82,306.9,0.156
4692,Perisabile,[Perisabile] Adeziv Industrial Model 36,125,12,207.08,255.5,0.325
4693,Hardware,Cheie Dinamometrica Model 6,9,7,124.96,242.98,0.216
4694,Electronice,[Electronice] Multimetru Analogic Model 2,141,20,139.4,213.69,0.372
4695,Electronice,[Electronice] Osciloscop Model 22,5,18,262.7,564.52,0.304
4696,Auto,Rulment Roata Fata Model 76,111,19,84.29,176.37,0.234
4697,Perisabile,[Perisabile] Solutie Curatare Frane Model 77,10,13,297.88,484.71,0.416
4698,Auto,Filtru Aer Model 30,65,8,291.23,374.04,0.366
4699,Electronice,[Electronice] Osciloscop Model 70,122,7,142.21,336.65,0.163
4700,Hardware,Trusa Tubulare Model 18,8,20,179.97,373.29,0.374
4701,Hardware,Set Imbusuri Model 32,73,5,74.13,91.4,0.356
4702,Auto,Filtru Aer Model 68,41,14,56.32,82.86,0.467
4703,Hardware,Incarcator Gaz Model 12,70,10,141.53,314.24,0.236
4704,Electronice,[Electronice] Sursa Laborator Model 50,119,15,110.14,155.38,0.468
4705,Hardware,Trusa Tubulare Model 50,15,10,241.76,523.81,0.05
4706,Perisabile,[Perisabile] Solutie Curatare Frane Model 70,84,19,170.57,245.83,0.396
4707,Hardware,Incarcator Gaz Model 58,14,6,91.78,227.38,0.324
4708,Auto,Senzor Debitmetru Model 3,85,6,95.77,141.47,0.122
4709,Hardware,Trusa Tubulare Model 70,73,9,192.89,391.37,0.377
4710,Hardware,Cheie Dinamometrica Model 12,50,9,180.05,287.76,0.414
4711,Hardware,Cheie Dinamometrica Model 69,10,15,73.1,115.58,0.02
4712,Perisabile,[Perisabile] Spray Degripant Model 96,39,10,262.42,543.72,0.3
4713,Auto,Rulment Roata Fata Model 90,27,10,150.1,250.33,0.063
4714,Auto,Senzor Debitmetru Model 28,100,9,48.48,72.35,0.203
4715,Auto,Baterie 12V 70Ah Model 63,54,7,220.46,479.66,0.262
4716,Auto,Rulment Roata Fata Model 78,3,20,102.46,161.43,0.348
4717,Electronice,[Electronice] Modul Transmisie LoRa Model 64,115,12,25.65,32.51,0.201
4718,Electronice,[Electronice] Osciloscop Model 62,18,10,206.53,338.12,0.319
4719,Perisabile,[Perisabile] Solutie Curatare Frane Model 61,28,20,94.32,119.6,0.316
4720,Electronice,[Electronice] Osciloscop Model 97,71,7,143.29,273.1,0.335
4721,Auto,Baterie 12V 70Ah Model 89,57,18,290.09,590.74,0.206
4722,Perisabile,[Perisabile] Adeziv Industrial Model 41,13,20,204.23,441.45,0.47
4723,Electronice,[Electronice] Multimetru Analogic Model 63,24,13,62.94,114.93,0.176
4724,Electronice,[Electronice] Osciloscop Model 87,41,11,233.57,493.88,0.411
4725,Auto,Baterie 12V 70Ah Model 28,138,11,204.38,504.85,0.047
4726,Hardware,Set Imbusuri Model 38,83,8,248.44,518.2,0.347
4727,Electronice,[Electronice] Multimetru Analogic Model 99,7,5,283.44,690.98,0.138
4728,Perisabile,[Perisabile] Adeziv Industrial Model 47,3,11,232.8,434.05,0.094
4729,Auto,Rulment Roata Fata Model 97,37,7,12.29,18.86,0.496
4730,Hardware,Cheie Dinamometrica Model 22,112,6,135.13,173.75,0.308
4731,Hardware,Set Imbusuri Model 56,114,7,58.87,130.0,0.451
4732,Perisabile,[Perisabile] Adeziv Industrial Model 39,73,20,87.73,191.41,0.329
4733,Hardware,Incarcator Gaz Model 77,10,8,115.32,160.26,0.415
4734,Electronice,[Electronice] Osciloscop Model 48,2,11,273.01,392.1,0.201
4735,Hardware,Set Imbusuri Model 44,99,5,251.72,361.87,0.154
4736,Perisabile,[Perisabile] Solutie Curatare Frane Model 18,134,19,92.62,138.05,0.308
4737,Auto,Filtru Aer Model 60,123,9,227.51,335.14,0.33
4738,Perisabile,[Perisabile] Adeziv Industrial Model 38,48,6,53.05,72.33,0.421
4739,Perisabile,[Perisabile] Solutie Curatare Frane Model 3,150,18,111.18,147.46,0.053
4740,Auto,Furtun Intercooler 2.0 TDI Model 20,10,20,24.95,40.69,0.032
4741,Auto,Baterie 12V 70Ah Model 52,84,19,262.27,642.27,0.442
4742,Hardware,Cheie Dinamometrica Model 86,140,13,159.29,306.64,0.315
4743,Perisabile,[Perisabile] Spray Degripant Model 33,111,11,94.75,235.97,0.383
4744,Perisabile,[Perisabile] Solutie Curatare Frane Model 97,72,6,209.62,381.79,0.467
4745,Electronice,[Electronice] Sursa Laborator Model 75,127,13,146.16,338.51,0.422
4746,Perisabile,[Perisabile] Adeziv Industrial Model 81,63,11,104.46,225.0,0.361
4747,Electronice,[Electronice] Osciloscop Model 57,31,11,37.49,45.42,0.32
4748,Auto,Senzor Debitmetru Model 94,29,6,171.87,208.07,0.465
4749,Hardware,Cheie Dinamometrica Model 2,121,11,88.97,173.47,0.185
4750,Hardware,Set Imbusuri Model 78,19,19,40.01,70.75,0.058
4751,Auto,Set Placute Frana Model 28,62,13,293.12,703.87,0.454
4752,Electronice,[Electronice] Multimetru Analogic Model 62,45,16,193.66,335.27,0.19
4753,Auto,Baterie 12V 70Ah Model 56,138,11,87.87,138.99,0.484
4754,Auto,Filtru Aer Model 69,98,10,131.86,263.95,0.418
4755,Auto,Filtru Aer Model 28,94,19,26.49,55.78,0.188
4756,Perisabile,[Perisabile] Spray Degripant Model 88,117,19,156.99,305.83,0.416
4757,Electronice,[Electronice] Modul Transmisie LoRa Model 53,83,12,247.02,509.22,0.285
4758,Electronice,[Electronice] Sursa Laborator Model 76,59,8,58.96,107.47,0.028
4759,Hardware,Trusa Tubulare Model 60,119,5,253.7,331.36,0.069
4760,Auto,Filtru Aer Model 70,98,11,230.77,488.02,0.26
4761,Electronice,[Electronice] Multimetru Analogic Model 92,8,10,27.6,55.5,0.312
4762,Auto,Furtun Intercooler 2.0 TDI Model 61,78,18,32.62,76.24,0.095
4763,Electronice,[Electronice] Multimetru Analogic Model 19,23,10,282.92,573.51,0.142
4764,Electronice,[Electronice] Multimetru Analogic Model 1,135,16,24.58,57.55,0.142
4765,Electronice,[Electronice] Multimetru Analogic Model 76,127,12,121.32,259.68,0.271
4766,Auto,Filtru Aer Model 88,76,17,276.78,606.21,0.423
4767,Electronice,[Electronice] Sursa Laborator Model 26,29,10,215.22,335.95,0.457
4768,Hardware,Trusa Tubulare Model 19,64,17,189.16,472.3,0.445
4769,Hardware,Trusa Tubulare Model 85,137,10,72.22,164.08,0.243
4770,Electronice,[Electronice] Modul Transmisie LoRa Model 31,81,20,143.79,241.51,0.077
4771,Electronice,[Electronice] Modul Transmisie LoRa Model 96,76,10,199.65,395.88,0.344
4772,Electronice,[Electronice] Multimetru Analogic Model 68,85,12,236.72,361.84,0.45
4773,Electronice,[Electronice] Sursa Laborator Model 35,33,5,132.56,186.8,0.306
4774,Auto,Baterie 12V 70Ah Model 31,25,12,258.83,635.6,0.42
4775,Perisabile,[Perisabile] Adeziv Industrial Model 35,31,8,248.57,475.94,0.285
4776,Perisabile,[Perisabile] Solutie Curatare Frane Model 91,15,14,292.19,501.07,0.427
4777,Auto,Filtru Aer Model 25,59,15,53.76,125.63,0.119
4778,Electronice,[Electronice] Multimetru Analogic Model 66,66,19,219.42,525.51,0.146
4779,Hardware,Set Imbusuri Model 54,22,15,161.61,358.91,0.149
4780,Auto,Furtun Intercooler 2.0 TDI Model 53,150,10,263.01,436.78,0.465
4781,Hardware,Set Imbusuri Model 85,91,19,238.25,541.67,0.242
4782,Electronice,[Electronice] Osciloscop Model 39,28,20,36.23,76.65,0.462
4783,Auto,Filtru Aer Model 81,62,13,289.22,521.21,0.144
4784,Auto,Set Placute Frana Model 25,120,19,97.29,220.55,0.276
4785,Hardware,Set Imbusuri Model 23,22,15,152.36,281.12,0.079
4786,Electronice,[Electronice] Sursa Laborator Model 94,71,14,220.45,469.69,0.31
4787,Auto,Filtru Aer Model 15,12,14,211.58,416.45,0.194
4788,Electronice,[Electronice] Modul Transmisie LoRa Model 95,8,8,217.72,480.44,0.163
4789,Hardware,Cheie Dinamometrica Model 86,20,17,166.85,396.4,0.103
4790,Perisabile,[Perisabile] Spray Degripant Model 75,5,10,144.31,215.8,0.421
4791,Auto,Baterie 12V 70Ah Model 84,142,17,298.93,435.85,0.255
4792,Electronice,[Electronice] Modul Transmisie LoRa Model 30,26,10,297.18,504.18,0.323
4793,Electronice,[Electronice] Osciloscop Model 43,100,18,125.75,239.26,0.303
4794,Electronice,[Electronice] Modul Transmisie LoRa Model 46,72,13,36.67,50.75,0.084
4795,Perisabile,[Perisabile] Spray Degripant Model 27,124,11,234.92,450.41,0.044
4796,Hardware,Trusa Tubulare Model 54,20,18,215.31,449.64,0.147
4797,Hardware,Incarcator Gaz Model 93,110,6,37.1,69.54,0.029
4798,Perisabile,[Perisabile] Adeziv Industrial Model 79,8,11,135.94,335.29,0.452
4799,Auto,Set Placute Frana Model 43,51,7,288.08,349.95,0.253
4800,Hardware,Trusa Tubulare Model 89,137,5,214.64,297.59,0.201
4801,Perisabile,[Perisabile] Solutie Curatare Frane Model 22,83,9,129.99,230.69,0.17
4802,Auto,Senzor Debitmetru Model 92,58,9,16.83,22.51,0.131
4803,Electronice,[Electronice] Multimetru Analogic Model 59,1,11,153.22,207.62,0.071
4804,Auto,Furtun Intercooler 2.0 TDI Model 81,31,13,86.26,129.97,0.217
4805,Auto,Set Placute Frana Model 4,6,14,228.26,485.59,0.077
4806,Hardware,Set Imbusuri Model 13,142,15,106.7,143.21,0.17
4807,Perisabile,[Perisabile] Adeziv Industrial Model 54,81,7,41.54,91.39,0.427
4808,Electronice,[Electronice] Multimetru Analogic Model 94,9,8,264.81,452.12,0.47
4809,Hardware,Set Imbusuri Model 43,7,15,299.48,715.47,0.426
4810,Hardware,Incarcator Gaz Model 43,18,20,265.47,510.6,0.122
4811,Perisabile,[Perisabile] Adeziv Industrial Model 93,4,9,240.33,485.94,0.388
4812,Hardware,Trusa Tubulare Model 18,21,9,130.04,223.79,0.319
4813,Perisabile,[Perisabile] Solutie Curatare Frane Model 92,30,13,222.05,310.83,0.265
4814,Electronice,[Electronice] Multimetru Analogic Model 23,97,18,77.28,154.86,0.411
4815,Auto,Set Placute Frana Model 44,98,15,273.91,557.89,0.436
4816,Perisabile,[Perisabile] Spray Degripant Model 27,37,9,271.57,591.5,0.303
4817,Perisabile,[Perisabile] Spray Degripant Model 28,136,19,144.43,232.7,0.443
4818,Perisabile,[Perisabile] Solutie Curatare Frane Model 66,30,12,271.21,520.53,0.473
4819,Auto,Senzor Debitmetru Model 93,53,20,294.87,517.42,0.128
4820,Perisabile,[Perisabile] Solutie Curatare Frane Model 90,143,9,264.34,625.91,0.279
4821,Perisabile,[Perisabile] Spray Degripant Model 90,149,12,245.61,563.89,0.201
4822,Auto,Senzor Debitmetru Model 12,64,10,128.97,216.17,0.072
4823,Perisabile,[Perisabile] Solutie Curatare Frane Model 29,141,5,152.67,184.29,0.014
4824,Electronice,[Electronice] Modul Transmisie LoRa Model 20,71,7,288.71,505.16,0.369
4825,Auto,Senzor Debitmetru Model 91,114,14,59.66,87.24,0.449
4826,Auto,Baterie 12V 70Ah Model 24,102,7,43.34,77.46,0.151
4827,Perisabile,[Perisabile] Adeziv Industrial Model 85,97,18,13.16,32.63,0.378
4828,Auto,Furtun Intercooler 2.0 TDI Model 83,6,13,60.21,102.24,0.436
4829,Perisabile,[Perisabile] Solutie Curatare Frane Model 74,34,19,208.54,416.1,0.267
4830,Auto,Furtun Intercooler 2.0 TDI Model 15,13,15,105.75,255.19,0.354
4831,Auto,Set Placute Frana Model 64,11,8,218.99,284.85,0.183
4832,Electronice,[Electronice] Multimetru Analogic Model 76,68,10,90.42,151.25,0.149
4833,Auto,Senzor Debitmetru Model 37,127,10,192.62,387.98,0.357
4834,Hardware,Set Imbusuri Model 52,103,14,30.66,44.34,0.32
4835,Perisabile,[Perisabile] Adeziv Industrial Model 12,13,10,62.72,103.65,0.028
4836,Electronice,[Electronice] Sursa Laborator Model 30,126,17,106.43,164.89,0.431
4837,Perisabile,[Perisabile] Adeziv Industrial Model 77,61,13,38.99,59.47,0.29
4838,Perisabile,[Perisabile] Adeziv Industrial Model 89,35,11,60.88,125.66,0.065
4839,Electronice,[Electronice] Modul Transmisie LoRa Model 13,23,12,92.95,223.54,0.107
4840,Auto,Filtru Aer Model 14,9,11,290.48,357.25,0.115
4841,Auto,Rulment Roata Fata Model 80,129,9,142.75,344.38,0.169
4842,Electronice,[Electronice] Sursa Laborator Model 85,5,5,25.35,35.68,0.194
4843,Perisabile,[Perisabile] Spray Degripant Model 17,107,8,30.99,50.76,0.162
4844,Hardware,Cheie Dinamometrica Model 65,104,8,86.01,180.39,0.056
4845,Hardware,Incarcator Gaz Model 17,101,18,101.51,173.16,0.475
4846,Auto,Senzor Debitmetru Model 20,44,8,256.87,536.38,0.207
4847,Hardware,Trusa Tubulare Model 48,24,7,114.98,167.67,0.063
4848,Perisabile,[Perisabile] Spray Degripant Model 58,131,20,175.3,352.54,0.011
4849,Perisabile,[Perisabile] Adeziv Industrial Model 56,135,5,81.88,133.99,0.078
4850,Auto,Furtun Intercooler 2.0 TDI Model 10,45,20,163.25,301.89,0.349
4851,Electronice,[Electronice] Multimetru Analogic Model 19,92,13,69.64,170.6,0.394
4852,Hardware,Cheie Dinamometrica Model 14,115,14,199.02,455.33,0.229
4853,Electronice,[Electronice] Osciloscop Model 73,79,10,75.52,111.38,0.345
4854,Perisabile,[Perisabile] Spray Degripant Model 47,38,13,238.93,423.16,0.07
4855,Auto,Furtun Intercooler 2.0 TDI Model 58,134,8,163.29,263.63,0.402
4856,Electronice,[Electronice] Osciloscop Model 31,142,6,66.33,100.82,0.206
4857,Hardware,Set Imbusuri Model 93,97,16,214.63,409.4,0.114
4858,Electronice,[Electronice] Multimetru Analogic Model 2,36,12,241.12,377.91,0.365
4859,Auto,Set Placute Frana Model 86,15,13,262.43,641.3,0.48
4860,Hardware,Incarcator Gaz Model 57,12,14,174.4,271.91,0.256
4861,Hardware,Cheie Dinamometrica Model 23,20,8,45.93,105.59,0.144
4862,Hardware,Trusa Tubulare Model 66,80,5,149.98,194.3,0.023
4863,Electronice,[Electronice] Multimetru Analogic Model 15,128,11,59.74,83.58,0.249
4864,Perisabile,[Perisabile] Spray Degripant Model 36,113,9,94.59,204.81,0.451
4865,Auto,Furtun Intercooler 2.0 TDI Model 77,123,17,94.31,202.88,0.431
4866,Perisabile,[Perisabile] Solutie Curatare Frane Model 85,56,13,163.02,247.94,0.046
4867,Auto,Set Placute Frana Model 90,94,18,126.88,249.49,0.419
4868,Hardware,Cheie Dinamometrica Model 51,27,9,151.72,379.21,0.373
4869,Perisabile,[Perisabile] Spray Degripant Model 62,29,10,175.94,358.73,0.213
4870,Perisabile,[Perisabile] Solutie Curatare Frane Model 78,111,11,198.22,276.9,0.17
4871,Auto,Filtru Aer Model 15,79,14,216.9,507.04,0.231
4872,Perisabile,[Perisabile] Solutie Curatare Frane Model 31,12,8,125.79,212.53,0.171
4873,Perisabile,[Perisabile] Spray Degripant Model 81,99,17,278.13,398.2,0.416
4874,Auto,Filtru Aer Model 27,97,19,119.49,267.21,0.408
4875,Electronice,[Electronice] Osciloscop Model 35,104,8,129.82,208.59,0.052
4876,Hardware,Set Imbusuri Model 80,98,17,149.33,263.64,0.084
4877,Auto,Filtru Aer Model 24,75,19,128.43,319.53,0.481
4878,Hardware,Set Imbusuri Model 51,125,7,211.43,416.63,0.255
4879,Hardware,Set Imbusuri Model 27,97,7,180.3,367.91,0.024
4880,Auto,Baterie 12V 70Ah Model 85,42,13,130.91,267.54,0.17
4881,Electronice,[Electronice] Sursa Laborator Model 7,146,17,299.58,552.35,0.427
4882,Auto,Set Placute Frana Model 98,19,12,194.43,453.9,0.475
4883,Perisabile,[Perisabile] Adeziv Industrial Model 59,105,18,82.21,131.85,0.476
4884,Electronice,[Electronice] Modul Transmisie LoRa Model 81,58,11,66.43,140.88,0.464
4885,Hardware,Incarcator Gaz Model 31,114,20,277.25,481.67,0.498
4886,Perisabile,[Perisabile] Adeziv Industrial Model 92,29,19,68.2,125.36,0.187
4887,Electronice,[Electronice] Sursa Laborator Model 41,108,5,270.12,503.37,0.118
4888,Auto,Senzor Debitmetru Model 4,0,5,72.17,86.86,0.253
4889,Perisabile,[Perisabile] Adeziv Industrial Model 8,18,7,127.2,255.33,0.227
4890,Hardware,Incarcator Gaz Model 65,51,6,156.13,319.71,0.016
4891,Electronice,[Electronice] Multimetru Analogic Model 81,70,5,35.87,54.37,0.189
4892,Auto,Furtun Intercooler 2.0 TDI Model 16,140,16,212.65,428.36,0.015
4893,Auto,Baterie 12V 70Ah Model 44,65,18,281.89,685.78,0.159
4894,Hardware,Cheie Dinamometrica Model 97,134,18,210.31,340.17,0.098
4895,Hardware,Trusa Tubulare Model 9,113,17,190.66,302.32,0.43
4896,Auto,Filtru Aer Model 56,118,13,66.52,144.24,0.028
4897,Auto,Set Placute Frana Model 72,38,16,38.65,96.3,0.177
4898,Perisabile,[Perisabile] Solutie Curatare Frane Model 68,97,14,243.38,360.92,0.254
4899,Electronice,[Electronice] Multimetru Analogic Model 15,72,5,200.76,452.92,0.12
4900,Electronice,[Electronice] Osciloscop Model 22,54,13,106.5,190.47,0.489
4901,Perisabile,[Perisabile] Adeziv Industrial Model 40,55,15,150.41,319.54,0.324
4902,Hardware,Set Imbusuri Model 98,108,12,18.47,30.56,0.088
4903,Hardware,Cheie Dinamometrica Model 73,13,18,21.47,28.93,0.367
4904,Electronice,[Electronice] Modul Transmisie LoRa Model 75,5,14,181.73,336.52,0.068
4905,Perisabile,[Perisabile] Adeziv Industrial Model 27,20,20,146.11,293.73,0.122
4906,Hardware,Set Imbusuri Model 82,14,6,47.27,61.89,0.296
4907,Perisabile,[Perisabile] Solutie Curatare Frane Model 13,106,9,107.85,183.32,0.202
4908,Electronice,[Electronice] Multimetru Analogic Model 17,22,20,45.21,62.88,0.15
4909,Perisabile,[Perisabile] Spray Degripant Model 17,97,19,31.67,50.66,0.104
4910,Electronice,[Electronice] Multimetru Analogic Model 70,8,12,166.71,294.36,0.314
4911,Hardware,Cheie Dinamometrica Model 8,14,16,53.97,79.49,0.416
4912,Perisabile,[Perisabile] Solutie Curatare Frane Model 77,78,20,74.5,155.36,0.02
4913,Auto,Baterie 12V 70Ah Model 8,79,5,86.83,198.6,0.271
4914,Hardware,Set Imbusuri Model 33,109,12,20.11,26.34,0.065
4915,Electronice,[Electronice] Multimetru Analogic Model 68,124,10,206.54,300.18,0.047
4916,Auto,Senzor Debitmetru Model 40,75,20,262.22,381.3,0.258
4917,Perisabile,[Perisabile] Adeziv Industrial Model 73,60,9,89.26,107.77,0.45
4918,Perisabile,[Perisabile] Solutie Curatare Frane Model 45,34,8,143.44,245.48,0.058
4919,Auto,Furtun Intercooler 2.0 TDI Model 38,129,6,82.08,132.97,0.355
4920,Auto,Baterie 12V 70Ah Model 52,123,17,226.5,553.64,0.067
4921,Perisabile,[Perisabile] Spray Degripant Model 14,36,5,42.75,77.93,0.343
4922,Electronice,[Electronice] Modul Transmisie LoRa Model 48,29,12,110.97,155.35,0.013
4923,Perisabile,[Perisabile] Adeziv Industrial Model 64,118,16,57.89,92.8,0.077
4924,Auto,Senzor Debitmetru Model 95,150,10,271.26,327.78,0.452
4925,Electronice,[Electronice] Osciloscop Model 65,74,14,224.42,467.1,0.108
4926,Perisabile,[Perisabile] Solutie Curatare Frane Model 35,103,12,218.08,517.09,0.249
4927,Electronice,[Electronice] Multimetru Analogic Model 6,140,7,245.03,471.7,0.332
4928,Auto,Furtun Intercooler 2.0 TDI Model 31,132,18,275.5,666.01,0.226
4929,Electronice,[Electronice] Osciloscop Model 75,60,15,184.5,417.52,0.324
4930,Hardware,Incarcator Gaz Model 10,63,19,31.76,52.86,0.459
4931,Electronice,[Electronice] Sursa Laborator Model 55,3,13,248.21,503.79,0.138
4932,Auto,Set Placute Frana Model 90,27,9,204.61,366.56,0.435
4933,Auto,Filtru Aer Model 49,1,16,212.39,385.56,0.295
4934,Perisabile,[Perisabile] Adeziv Industrial Model 75,136,8,120.81,295.09,0.186
4935,Electronice,[Electronice] Multimetru Analogic Model 62,1,10,20.0,36.05,0.45
4936,Electronice,[Electronice] Multimetru Analogic Model 4,110,10,183.09,293.57,0.3
4937,Auto,Senzor Debitmetru Model 36,49,17,128.54,183.45,0.411
4938,Hardware,Set Imbusuri Model 1,75,10,280.84,615.63,0.328
4939,Hardware,Incarcator Gaz Model 37,106,7,45.23,94.61,0.223
4940,Auto,Filtru Aer Model 58,15,12,24.19,36.37,0.362
4941,Perisabile,[Perisabile] Solutie Curatare Frane Model 3,56,8,208.16,324.91,0.136
4942,Electronice,[Electronice] Multimetru Analogic Model 96,79,11,67.49,127.49,0.274
4943,Electronice,[Electronice] Modul Transmisie LoRa Model 36,139,13,96.19,225.8,0.4
4944,Hardware,Trusa Tubulare Model 57,57,19,150.34,256.02,0.242
4945,Perisabile,[Perisabile] Spray Degripant Model 55,121,6,72.9,105.38,0.02
4946,Electronice,[Electronice] Sursa Laborator Model 7,94,8,286.82,648.32,0.073
4947,Perisabile,[Perisabile] Adeziv Industrial Model 75,68,5,62.76,153.07,0.089
4948,Electronice,[Electronice] Modul Transmisie LoRa Model 21,150,7,33.03,51.0,0.416
4949,Perisabile,[Perisabile] Solutie Curatare Frane Model 2,108,17,259.68,646.13,0.348
4950,Auto,Rulment Roata Fata Model 40,33,5,170.84,207.32,0.136
4951,Electronice,[Electronice] Sursa Laborator Model 70,119,6,52.77,106.51,0.494
4952,Auto,Set Placute Frana Model 14,59,18,272.0,593.83,0.234
4953,Electronice,[Electronice] Multimetru Analogic Model 97,8,11,78.28,173.33,0.21
4954,Electronice,[Electronice] Osciloscop Model 90,137,13,75.97,149.81,0.308
4955,Perisabile,[Perisabile] Spray Degripant Model 73,115,16,250.86,611.17,0.43
4956,Perisabile,[Perisabile] Adeziv Industrial Model 17,134,5,130.04,192.71,0.187
4957,Electronice,[Electronice] Sursa Laborator Model 86,94,8,65.4,124.61,0.388
4958,Hardware,Set Imbusuri Model 57,95,5,264.2,398.88,0.175
4959,Hardware,Trusa Tubulare Model 35,135,18,180.45,238.39,0.258
4960,Hardware,Incarcator Gaz Model 7,73,15,105.17,226.89,0.32
4961,Electronice,[Electronice] Modul Transmisie LoRa Model 7,79,7,232.67,572.69,0.223
4962,Auto,Rulment Roata Fata Model 41,26,12,193.57,351.26,0.112
4963,Auto,Rulment Roata Fata Model 12,114,18,40.42,83.98,0.06
4964,Electronice,[Electronice] Osciloscop Model 49,113,14,145.68,226.61,0.423
4965,Auto,Baterie 12V 70Ah Model 92,145,10,35.69,69.61,0.11
4966,Electronice,[Electronice] Sursa Laborator Model 44,147,20,111.68,137.92,0.131
4967,Perisabile,[Perisabile] Solutie Curatare Frane Model 40,4,19,293.89,476.24,0.441
4968,Perisabile,[Perisabile] Solutie Curatare Frane Model 38,0,16,161.86,245.2,0.175
4969,Hardware,Cheie Dinamometrica Model 21,26,6,253.79,479.86,0.224
4970,Hardware,Set Imbusuri Model 8,124,12,120.09,207.55,0.056
4971,Perisabile,[Perisabile] Solutie Curatare Frane Model 41,108,11,167.19,239.2,0.358
4972,Hardware,Set Imbusuri Model 95,116,9,188.93,445.74,0.379
4973,Perisabile,[Perisabile] Solutie Curatare Frane Model 76,88,10,160.94,368.26,0.303
4974,Perisabile,[Perisabile] Solutie Curatare Frane Model 87,145,12,197.55,310.86,0.084
4975,Auto,Rulment Roata Fata Model 2,55,14,131.05,276.82,0.288
4976,Perisabile,[Perisabile] Solutie Curatare Frane Model 71,8,9,38.44,58.43,0.08
4977,Perisabile,[Perisabile] Adeziv Industrial Model 52,16,11,233.26,440.31,0.465
4978,Auto,Baterie 12V 70Ah Model 42,137,7,89.74,224.17,0.199
4979,Perisabile,[Perisabile] Solutie Curatare Frane Model 99,0,7,94.28,203.62,0.22
4980,Auto,Filtru Aer Model 8,108,8,37.15,61.95,0.312
4981,Perisabile,[Perisabile] Adeziv Industrial Model 59,30,8,210.55,420.95,0.263
4982,Electronice,[Electronice] Osciloscop Model 82,87,12,99.1,120.81,0.333
4983,Electronice,[Electronice] Osciloscop Model 26,128,12,133.98,294.47,0.167
4984,Electronice,[Electronice] Multimetru Analogic Model 31,118,6,215.02,480.8,0.442
4985,Electronice,[Electronice] Osciloscop Model 91,83,6,288.2,536.78,0.088
4986,Auto,Baterie 12V 70Ah Model 7,1,15,278.27,550.42,0.387
4987,Hardware,Cheie Dinamometrica Model 46,97,8,158.01,293.91,0.214
4988,Perisabile,[Perisabile] Solutie Curatare Frane Model 60,52,11,47.33,108.05,0.442
4989,Electronice,[Electronice] Sursa Laborator Model 18,65,12,141.4,268.29,0.232
4990,Auto,Set Placute Frana Model 10,84,20,63.44,126.46,0.148
4991,Hardware,Cheie Dinamometrica Model 99,136,9,116.74,183.39,0.313
4992,Electronice,[Electronice] Modul Transmisie LoRa Model 60,102,15,133.25,229.79,0.333
4993,Auto,Baterie 12V 70Ah Model 68,94,14,276.22,609.76,0.253
4994,Perisabile,[Perisabile] Spray Degripant Model 16,29,9,71.98,147.56,0.39
4995,Hardware,Trusa Tubulare Model 88,28,14,275.95,538.58,0.341
4996,Perisabile,[Perisabile] Adeziv Industrial Model 48,62,12,148.9,274.55,0.114
4997,Hardware,Set Imbusuri Model 39,52,10,16.31,20.91,0.217
4998,Auto,Furtun Intercooler 2.0 TDI Model 32,36,16,295.4,449.36,0.447
4999,Perisabile,[Perisabile] Spray Degripant Model 38,113,11,125.95,276.07,0.456
5000,Hardware,Cheie Dinamometrica Model 61,68,12,156.42,294.55,0.439
5001,Auto,Baterie 12V 70Ah Model 21,62,20,174.68,260.86,0.372
5002,Hardware,Cheie Dinamometrica Model 87,42,19,253.89,516.7,0.143
5003,Perisabile,[Perisabile] Solutie Curatare Frane Model 90,1,10,236.23,464.19,0.082
5004,Perisabile,[Perisabile] Adeziv Industrial Model 50,137,16,101.08,186.1,0.496
5005,Auto,Baterie 12V 70Ah Model 70,31,13,236.27,336.65,0.485
5006,Auto,Filtru Aer Model 48,53,7,101.96,130.46,0.266
5007,Auto,Senzor Debitmetru Model 40,77,14,213.54,363.72,0.261
5008,Electronice,[Electronice] Sursa Laborator Model 6,116,6,119.63,264.39,0.446
5009,Perisabile,[Perisabile] Solutie Curatare Frane Model 60,127,18,287.12,464.66,0.446
5010,Hardware,Incarcator Gaz Model 69,4,7,289.41,645.27,0.054
5011,Perisabile,[Perisabile] Solutie Curatare Frane Model 60,55,18,153.37,198.49,0.215
5012,Electronice,[Electronice] Multimetru Analogic Model 62,93,10,296.46,722.9,0.428
5013,Auto,Senzor Debitmetru Model 93,12,18,17.93,42.74,0.226
5014,Perisabile,[Perisabile] Solutie Curatare Frane Model 20,65,6,78.59,150.66,0.295
5015,Perisabile,[Perisabile] Adeziv Industrial Model 23,58,6,63.33,132.0,0.017
5016,Electronice,[Electronice] Modul Transmisie LoRa Model 26,93,9,252.76,354.57,0.064
5017,Perisabile,[Perisabile] Adeziv Industrial Model 92,39,9,271.61,425.61,0.077
5018,Auto,Baterie 12V 70Ah Model 77,148,13,54.46,116.27,0.062
5019,Auto,Baterie 12V 70Ah Model 1,119,6,258.55,350.22,0.068
5020,Hardware,Set Imbusuri Model 52,98,15,82.41,157.27,0.142
5021,Electronice,[Electronice] Osciloscop Model 46,66,16,108.44,241.57,0.486
5022,Perisabile,[Perisabile] Solutie Curatare Frane Model 91,17,16,228.93,469.35,0.087
5023,Hardware,Trusa Tubulare Model 7,47,11,137.52,294.44,0.422
5024,Electronice,[Electronice] Modul Transmisie LoRa Model 5,53,6,289.6,629.81,0.161
5025,Hardware,Cheie Dinamometrica Model 35,69,13,233.82,353.07,0.035
5026,Electronice,[Electronice] Modul Transmisie LoRa Model 34,94,19,230.98,470.24,0.499
5027,Electronice,[Electronice] Sursa Laborator Model 16,104,12,97.67,142.41,0.181
5028,Hardware,Set Imbusuri Model 38,24,5,170.5,372.82,0.118
5029,Hardware,Trusa Tubulare Model 56,56,5,268.21,600.77,0.492
5030,Auto,Baterie 12V 70Ah Model 75,66,16,214.99,375.55,0.047
5031,Electronice,[Electronice] Osciloscop Model 18,5,19,213.67,374.49,0.293
5032,Perisabile,[Perisabile] Adeziv Industrial Model 8,141,10,83.15,163.99,0.383
5033,Electronice,[Electronice] Multimetru Analogic Model 62,81,16,85.63,145.83,0.47
5034,Auto,Set Placute Frana Model 69,73,12,16.65,31.14,0.389
5035,Perisabile,[Perisabile] Spray Degripant Model 23,41,15,55.58,103.15,0.408
5036,Hardware,Trusa Tubulare Model 10,28,20,71.65,101.6,0.293
5037,Auto,Filtru Aer Model 38,59,6,62.61,149.3,0.384
5038,Hardware,Incarcator Gaz Model 34,80,18,214.46,432.01,0.494
5039,Auto,Furtun Intercooler 2.0 TDI Model 31,124,6,74.6,179.85,0.362
5040,Hardware,Incarcator Gaz Model 41,113,19,51.27,83.96,0.264
5041,Perisabile,[Perisabile] Spray Degripant Model 11,69,7,28.49,44.31,0.219
5042,Hardware,Cheie Dinamometrica Model 80,124,8,211.59,291.85,0.418
5043,Perisabile,[Perisabile] Solutie Curatare Frane Model 28,18,14,120.12,156.25,0.376
5044,Perisabile,[Perisabile] Adeziv Industrial Model 90,51,13,171.57,303.56,0.048
5045,Perisabile,[Perisabile] Adeziv Industrial Model 1,76,10,88.44,129.68,0.166
5046,Electronice,[Electronice] Sursa Laborator Model 30,75,10,109.21,138.33,0.257
5047,Hardware,Incarcator Gaz Model 37,1,18,284.96,411.46,0.44
5048,Perisabile,[Perisabile] Solutie Curatare Frane Model 4,9,12,292.46,610.66,0.065
5049,Hardware,Incarcator Gaz Model 40,95,14,282.99,557.93,0.381
5050,Auto,Set Placute Frana Model 93,129,12,114.84,277.38,0.155
5051,Auto,Senzor Debitmetru Model 54,126,13,66.41,109.57,0.249
5052,Perisabile,[Perisabile] Solutie Curatare Frane Model 98,51,12,242.21,323.68,0.068
5053,Auto,Senzor Debitmetru Model 4,9,12,44.57,58.77,0.118
5054,Auto,Set Placute Frana Model 83,19,7,24.09,47.33,0.061
5055,Hardware,Trusa Tubulare Model 72,121,5,134.41,276.59,0.267
5056,Auto,Furtun Intercooler 2.0 TDI Model 65,130,11,64.28,117.68,0.31
5057,Electronice,[Electronice] Multimetru Analogic Model 69,59,11,114.3,200.87,0.257
5058,Auto,Senzor Debitmetru Model 1,130,15,281.93,504.58,0.113
5059,Perisabile,[Perisabile] Spray Degripant Model 11,61,11,173.79,302.79,0.278
5060,Perisabile,[Perisabile] Adeziv Industrial Model 40,109,14,17.44,37.49,0.21
5061,Auto,Senzor Debitmetru Model 27,39,8,34.53,78.63,0.077
5062,Perisabile,[Perisabile] Adeziv Industrial Model 83,90,16,72.26,144.92,0.358
5063,Perisabile,[Perisabile] Adeziv Industrial Model 17,41,15,273.47,413.42,0.409
5064,Auto,Rulment Roata Fata Model 54,81,7,217.92,434.81,0.319
5065,Electronice,[Electronice] Multimetru Analogic Model 97,10,5,168.8,242.27,0.054
5066,Hardware,Set Imbusuri Model 24,70,20,245.92,387.02,0.079
5067,Perisabile,[Perisabile] Spray Degripant Model 41,105,13,84.93,102.02,0.065
5068,Perisabile,[Perisabile] Adeziv Industrial Model 74,128,14,71.44,131.37,0.416
5069,Auto,Furtun Intercooler 2.0 TDI Model 19,84,7,219.57,500.94,0.154
5070,Perisabile,[Perisabile] Spray Degripant Model 1,121,9,27.67,50.21,0.486
5071,Electronice,[Electronice] Multimetru Analogic Model 12,94,20,270.82,482.17,0.123
5072,Perisabile,[Perisabile] Spray Degripant Model 90,41,11,212.92,299.95,0.067
5073,Hardware,Trusa Tubulare Model 47,112,17,13.43,17.45,0.239
5074,Electronice,[Electronice] Modul Transmisie LoRa Model 21,102,16,51.91,114.75,0.334
5075,Auto,Filtru Aer Model 73,3,19,259.8,496.16,0.116
5076,Electronice,[Electronice] Sursa Laborator Model 9,5,17,114.59,267.88,0.124
5077,Perisabile,[Perisabile] Spray Degripant Model 38,106,6,82.96,176.72,0.182
5078,Hardware,Trusa Tubulare Model 35,71,8,175.73,255.38,0.225
5079,Auto,Filtru Aer Model 94,0,11,262.82,360.34,0.198
5080,Electronice,[Electronice] Sursa Laborator Model 18,51,15,16.93,33.25,0.186
5081,Hardware,Trusa Tubulare Model 56,92,9,195.75,412.62,0.038
5082,Auto,Rulment Roata Fata Model 33,131,20,59.04,114.29,0.173
5083,Auto,Rulment Roata Fata Model 88,136,12,114.78,162.14,0.439
5084,Hardware,Trusa Tubulare Model 35,57,18,94.69,194.54,0.341
5085,Electronice,[Electronice] Osciloscop Model 66,139,13,149.67,259.88,0.381
5086,Electronice,[Electronice] Osciloscop Model 25,96,14,138.02,344.12,0.464
5087,Electronice,[Electronice] Modul Transmisie LoRa Model 35,50,17,176.61,324.67,0.333
5088,Auto,Filtru Aer Model 4,40,16,43.68,108.6,0.086
5089,Electronice,[Electronice] Sursa Laborator Model 30,150,8,28.46,54.02,0.387
5090,Electronice,[Electronice] Modul Transmisie LoRa Model 74,112,5,163.44,359.37,0.133
5091,Electronice,[Electronice] Modul Transmisie LoRa Model 66,21,9,93.5,206.38,0.163
5092,Auto,Set Placute Frana Model 58,124,7,24.66,33.1,0.104
5093,Hardware,Cheie Dinamometrica Model 34,119,10,279.46,362.6,0.096
5094,Hardware,Trusa Tubulare Model 40,123,14,27.23,50.38,0.194
5095,Electronice,[Electronice] Sursa Laborator Model 62,82,11,226.77,525.58,0.084
5096,Auto,Filtru Aer Model 65,70,18,67.92,150.59,0.164
5097,Hardware,Trusa Tubulare Model 57,77,7,115.5,262.77,0.156
5098,Auto,Baterie 12V 70Ah Model 92,60,14,88.31,155.2,0.101
5099,Auto,Baterie 12V 70Ah Model 38,114,8,142.42,264.15,0.427
5100,Auto,Set Placute Frana Model 67,139,20,261.93,536.82,0.422
5101,Auto,Senzor Debitmetru Model 21,43,10,287.96,581.52,0.246
5102,Perisabile,[Perisabile] Solutie Curatare Frane Model 99,53,7,255.75,553.08,0.188
5103,Hardware,Cheie Dinamometrica Model 47,69,8,296.96,514.61,0.254
5104,Electronice,[Electronice] Multimetru Analogic Model 55,82,8,124.62,149.69,0.038
5105,Auto,Set Placute Frana Model 38,96,6,35.9,85.72,0.371
5106,Hardware,Cheie Dinamometrica Model 2,38,7,47.46,88.64,0.233
5107,Hardware,Cheie Dinamometrica Model 46,26,12,137.84,189.44,0.158
5108,Hardware,Set Imbusuri Model 14,89,17,22.56,54.64,0.207
5109,Hardware,Set Imbusuri Model 9,99,6,297.47,420.25,0.095
5110,Hardware,Trusa Tubulare Model 46,131,18,85.44,168.82,0.467
5111,Auto,Filtru Aer Model 64,2,18,14.9,29.87,0.133
5112,Auto,Filtru Aer Model 66,7,6,178.33,280.55,0.184
5113,Auto,Furtun Intercooler 2.0 TDI Model 4,59,7,72.9,114.22,0.132
5114,Electronice,[Electronice] Modul Transmisie LoRa Model 59,40,10,91.12,120.53,0.29
5115,Hardware,Cheie Dinamometrica Model 39,70,6,125.16,190.91,0.116
5116,Electronice,[Electronice] Modul Transmisie LoRa Model 4,52,13,56.19,102.44,0.096
5117,Auto,Furtun Intercooler 2.0 TDI Model 79,29,11,35.3,84.11,0.034
5118,Auto,Senzor Debitmetru Model 23,40,18,282.34,437.4,0.418
5119,Perisabile,[Perisabile] Adeziv Industrial Model 34,148,12,140.0,311.2,0.431
5120,Auto,Furtun Intercooler 2.0 TDI Model 52,149,16,142.58,213.53,0.257
5121,Auto,Set Placute Frana Model 96,78,9,21.44,28.64,0.181
5122,Auto,Furtun Intercooler 2.0 TDI Model 46,102,9,212.32,445.41,0.296
5123,Perisabile,[Perisabile] Adeziv Industrial Model 78,109,12,159.05,231.96,0.11
5124,Perisabile,[Perisabile] Adeziv Industrial Model 45,62,14,276.72,619.65,0.399
5125,Auto,Set Placute Frana Model 18,64,12,110.71,258.29,0.072
5126,Perisabile,[Perisabile] Solutie Curatare Frane Model 11,125,12,218.58,419.92,0.296
5127,Auto,Baterie 12V 70Ah Model 97,28,18,38.67,64.22,0.032
5128,Hardware,Trusa Tubulare Model 89,132,7,141.63,223.37,0.381
5129,Electronice,[Electronice] Multimetru Analogic Model 6,37,17,21.84,32.53,0.433
5130,Auto,Filtru Aer Model 57,14,14,144.44,210.74,0.022
5131,Hardware,Set Imbusuri Model 78,102,13,284.93,426.1,0.353
5132,Perisabile,[Perisabile] Solutie Curatare Frane Model 1,93,19,299.15,450.65,0.065
5133,Perisabile,[Perisabile] Solutie Curatare Frane Model 57,119,11,156.29,373.2,0.146
5134,Hardware,Cheie Dinamometrica Model 91,56,16,153.52,317.54,0.101
5135,Hardware,Trusa Tubulare Model 58,87,16,185.82,368.94,0.389
5136,Hardware,Set Imbusuri Model 16,115,5,148.48,272.67,0.475
5137,Auto,Filtru Aer Model 60,36,15,131.33,192.97,0.152
5138,Hardware,Cheie Dinamometrica Model 80,10,9,66.66,81.39,0.082
5139,Hardware,Incarcator Gaz Model 80,125,17,27.24,53.16,0.089
5140,Auto,Set Placute Frana Model 12,75,11,152.06,280.28,0.195
5141,Auto,Filtru Aer Model 22,69,8,11.56,14.55,0.375
5142,Electronice,[Electronice] Modul Transmisie LoRa Model 66,17,19,181.51,233.03,0.098
5143,Hardware,Cheie Dinamometrica Model 73,101,18,11.61,14.44,0.386
5144,Auto,Senzor Debitmetru Model 21,18,11,292.14,451.54,0.213
5145,Auto,Senzor Debitmetru Model 91,110,10,255.24,483.15,0.07
5146,Perisabile,[Perisabile] Spray Degripant Model 73,132,9,115.8,279.33,0.089
5147,Hardware,Set Imbusuri Model 46,82,12,89.92,148.89,0.078
5148,Electronice,[Electronice] Sursa Laborator Model 44,108,11,83.09,126.11,0.203
5149,Electronice,[Electronice] Sursa Laborator Model 68,90,9,66.09,105.0,0.36
5150,Hardware,Trusa Tubulare Model 56,91,14,249.5,441.16,0.378
5151,Auto,Set Placute Frana Model 28,7,7,76.52,139.31,0.204
5152,Perisabile,[Perisabile] Adeziv Industrial Model 11,147,17,163.13,240.52,0.375
5153,Electronice,[Electronice] Modul Transmisie LoRa Model 93,95,17,17.93,40.23,0.409
5154,Electronice,[Electronice] Osciloscop Model 20,68,6,249.06,600.01,0.11
5155,Auto,Set Placute Frana Model 68,118,17,27.29,35.94,0.152
5156,Electronice,[Electronice] Multimetru Analogic Model 7,34,6,84.63,153.75,0.469
5157,Hardware,Cheie Dinamometrica Model 67,104,11,280.65,472.59,0.366
5158,Electronice,[Electronice] Multimetru Analogic Model 42,99,5,176.7,439.27,0.495
5159,Electronice,[Electronice] Multimetru Analogic Model 77,49,19,30.04,71.11,0.44
5160,Auto,Senzor Debitmetru Model 29,59,17,124.4,237.02,0.043
5161,Auto,Filtru Aer Model 34,83,16,231.1,508.13,0.369
5162,Perisabile,[Perisabile] Spray Degripant Model 96,139,19,251.19,511.67,0.474
5163,Auto,Rulment Roata Fata Model 94,4,17,98.21,125.79,0.109
5164,Auto,Senzor Debitmetru Model 61,150,19,109.45,268.6,0.393
5165,Electronice,[Electronice] Modul Transmisie LoRa Model 96,74,10,159.4,235.61,0.365
5166,Auto,Furtun Intercooler 2.0 TDI Model 97,85,6,86.16,153.88,0.164
5167,Perisabile,[Perisabile] Solutie Curatare Frane Model 57,18,19,197.16,362.1,0.137
5168,Perisabile,[Perisabile] Adeziv Industrial Model 41,114,14,240.46,423.08,0.084
5169,Electronice,[Electronice] Modul Transmisie LoRa Model 40,52,6,144.05,344.79,0.439
5170,Electronice,[Electronice] Multimetru Analogic Model 4,83,8,166.33,227.63,0.413
5171,Auto,Furtun Intercooler 2.0 TDI Model 80,124,11,286.24,595.45,0.277
5172,Hardware,Incarcator Gaz Model 26,12,20,209.02,284.67,0.266
5173,Hardware,Trusa Tubulare Model 76,56,6,173.74,399.51,0.062
5174,Hardware,Trusa Tubulare Model 34,107,9,177.14,354.06,0.356
5175,Perisabile,[Perisabile] Solutie Curatare Frane Model 90,26,10,295.69,739.18,0.416
5176,Hardware,Cheie Dinamometrica Model 55,111,13,50.88,80.06,0.4
5177,Electronice,[Electronice] Modul Transmisie LoRa Model 50,62,7,174.58,251.19,0.341
5178,Auto,Senzor Debitmetru Model 69,50,15,112.37,205.17,0.011
5179,Perisabile,[Perisabile] Spray Degripant Model 86,62,9,268.33,572.43,0.159
5180,Electronice,[Electronice] Modul Transmisie LoRa Model 63,23,9,44.13,56.22,0.065
5181,Electronice,[Electronice] Modul Transmisie LoRa Model 93,80,13,244.99,334.27,0.347
5182,Auto,Furtun Intercooler 2.0 TDI Model 21,62,16,87.07,152.18,0.32
5183,Hardware,Trusa Tubulare Model 80,83,14,212.13,261.44,0.286
5184,Hardware,Incarcator Gaz Model 52,4,13,191.92,438.94,0.34
5185,Auto,Furtun Intercooler 2.0 TDI Model 22,32,10,129.07,286.55,0.236
5186,Auto,Baterie 12V 70Ah Model 50,125,10,199.49,282.16,0.399
5187,Auto,Filtru Aer Model 65,128,13,189.71,307.55,0.034
5188,Perisabile,[Perisabile] Spray Degripant Model 67,107,7,104.69,157.74,0.067
5189,Electronice,[Electronice] Osciloscop Model 60,38,6,236.76,479.4,0.012
5190,Hardware,Set Imbusuri Model 85,125,14,172.88,403.22,0.086
5191,Hardware,Trusa Tubulare Model 34,44,19,206.41,491.61,0.481
5192,Auto,Senzor Debitmetru Model 44,10,11,67.4,112.59,0.113
5193,Auto,Senzor Debitmetru Model 9,17,15,147.37,360.79,0.278
5194,Hardware,Cheie Dinamometrica Model 61,32,11,274.42,619.19,0.079
5195,Electronice,[Electronice] Multimetru Analogic Model 56,45,12,182.01,241.12,0.29
5196,Electronice,[Electronice] Modul Transmisie LoRa Model 53,92,18,140.99,322.64,0.184
5197,Auto,Rulment Roata Fata Model 96,104,16,65.06,108.12,0.068
5198,Auto,Set Placute Frana Model 43,18,18,186.6,272.28,0.158
5199,Auto,Filtru Aer Model 77,42,5,81.37,117.51,0.328
5200,Hardware,Set Imbusuri Model 46,129,20,249.61,502.65,0.34
5201,Auto,Rulment Roata Fata Model 78,4,20,220.99,418.73,0.312
5202,Electronice,[Electronice] Multimetru Analogic Model 99,15,7,107.32,184.88,0.493
5203,Auto,Filtru Aer Model 51,135,12,61.69,109.12,0.457
5204,Auto,Senzor Debitmetru Model 72,3,13,178.03,394.41,0.137
5205,Perisabile,[Perisabile] Spray Degripant Model 81,57,12,25.22,57.37,0.157
5206,Perisabile,[Perisabile] Adeziv Industrial Model 40,117,13,159.19,332.22,0.291
5207,Hardware,Trusa Tubulare Model 28,11,9,159.37,299.37,0.408
5208,Hardware,Set Imbusuri Model 62,127,20,135.71,270.99,0.289
5209,Electronice,[Electronice] Multimetru Analogic Model 33,57,17,42.68,103.29,0.214
5210,Auto,Baterie 12V 70Ah Model 9,31,14,179.12,338.18,0.027
5211,Perisabile,[Perisabile] Spray Degripant Model 3,26,8,145.87,272.74,0.204
5212,Perisabile,[Perisabile] Adeziv Industrial Model 67,0,15,212.17,306.61,0.375
5213,Auto,Senzor Debitmetru Model 85,110,19,157.6,225.26,0.184
5214,Perisabile,[Perisabile] Adeziv Industrial Model 71,122,10,79.16,116.44,0.498
5215,Auto,Set Placute Frana Model 86,48,18,52.77,115.35,0.095
5216,Perisabile,[Perisabile] Adeziv Industrial Model 82,16,15,276.82,604.03,0.131
5217,Perisabile,[Perisabile] Spray Degripant Model 19,53,17,234.66,555.47,0.451
5218,Perisabile,[Perisabile] Solutie Curatare Frane Model 96,103,7,283.14,622.64,0.058
5219,Perisabile,[Perisabile] Solutie Curatare Frane Model 51,88,20,291.94,441.4,0.285
5220,Hardware,Set Imbusuri Model 33,42,8,269.45,587.58,0.258
5221,Electronice,[Electronice] Modul Transmisie LoRa Model 14,8,10,25.51,35.34,0.349
5222,Perisabile,[Perisabile] Adeziv Industrial Model 72,4,9,89.14,207.24,0.07
5223,Electronice,[Electronice] Modul Transmisie LoRa Model 33,147,9,168.98,302.57,0.101
5224,Electronice,[Electronice] Modul Transmisie LoRa Model 21,20,19,253.03,387.37,0.085
5225,Auto,Set Placute Frana Model 71,11,8,160.05,243.67,0.309
5226,Electronice,[Electronice] Sursa Laborator Model 36,115,7,43.31,93.16,0.086
5227,Hardware,Trusa Tubulare Model 71,67,16,45.65,57.42,0.155
5228,Perisabile,[Perisabile] Solutie Curatare Frane Model 22,47,12,62.95,89.68,0.077
5229,Hardware,Cheie Dinamometrica Model 57,62,18,153.78,357.08,0.062
5230,Auto,Baterie 12V 70Ah Model 61,110,19,44.71,72.71,0.159
5231,Hardware,Cheie Dinamometrica Model 3,101,12,59.42,131.68,0.179
5232,Electronice,[Electronice] Osciloscop Model 64,74,12,116.09,199.61,0.484
5233,Hardware,Trusa Tubulare Model 81,103,18,218.09,494.82,0.289
5234,Auto,Furtun Intercooler 2.0 TDI Model 43,97,9,225.46,470.26,0.172
5235,Auto,Senzor Debitmetru Model 65,112,5,167.68,236.17,0.17
5236,Electronice,[Electronice] Sursa Laborator Model 12,49,10,44.04,71.82,0.214
5237,Auto,Rulment Roata Fata Model 67,77,12,161.71,397.78,0.463
5238,Electronice,[Electronice] Sursa Laborator Model 49,3,11,10.34,23.26,0.184
5239,Electronice,[Electronice] Osciloscop Model 37,145,13,112.03,261.64,0.44
5240,Electronice,[Electronice] Multimetru Analogic Model 44,66,18,48.88,117.64,0.331
5241,Perisabile,[Perisabile] Adeziv Industrial Model 70,127,11,140.17,253.75,0.193
5242,Electronice,[Electronice] Modul Transmisie LoRa Model 5,96,13,220.62,354.37,0.397
5243,Electronice,[Electronice] Modul Transmisie LoRa Model 33,122,12,179.89,352.53,0.401
5244,Auto,Filtru Aer Model 55,127,14,198.71,288.18,0.141
5245,Perisabile,[Perisabile] Spray Degripant Model 63,21,15,90.45,149.93,0.449
5246,Perisabile,[Perisabile] Adeziv Industrial Model 78,77,6,60.99,130.21,0.03
5247,Electronice,[Electronice] Osciloscop Model 31,40,14,127.04,235.68,0.249
5248,Hardware,Cheie Dinamometrica Model 34,80,5,128.24,192.89,0.345
5249,Electronice,[Electronice] Osciloscop Model 35,15,12,166.37,358.55,0.449
5250,Electronice,[Electronice] Modul Transmisie LoRa Model 20,115,18,231.82,297.34,0.178
5251,Perisabile,[Perisabile] Adeziv Industrial Model 66,30,12,290.38,353.51,0.358
5252,Hardware,Incarcator Gaz Model 75,143,10,110.72,236.93,0.048
5253,Hardware,Cheie Dinamometrica Model 93,12,6,238.95,362.37,0.482
5254,Electronice,[Electronice] Osciloscop Model 59,139,15,249.87,588.0,0.27
5255,Auto,Senzor Debitmetru Model 48,129,11,47.88,59.63,0.215
5256,Auto,Filtru Aer Model 2,65,13,143.31,230.42,0.422
5257,Electronice,[Electronice] Osciloscop Model 15,71,19,245.96,478.35,0.263
5258,Electronice,[Electronice] Sursa Laborator Model 22,4,5,10.9,24.15,0.326
5259,Electronice,[Electronice] Sursa Laborator Model 76,48,15,218.63,352.09,0.036
5260,Hardware,Incarcator Gaz Model 22,145,15,36.9,45.55,0.262
5261,Auto,Filtru Aer Model 1,83,15,154.69,190.22,0.41
5262,Perisabile,[Perisabile] Solutie Curatare Frane Model 49,114,15,66.61,141.26,0.494
5263,Electronice,[Electronice] Osciloscop Model 4,17,15,278.86,582.97,0.1
5264,Auto,Rulment Roata Fata Model 14,50,16,125.24,213.73,0.059
5265,Hardware,Set Imbusuri Model 80,127,11,46.48,89.16,0.436
5266,Electronice,[Electronice] Osciloscop Model 77,83,8,45.73,67.78,0.039
5267,Electronice,[Electronice] Sursa Laborator Model 28,9,5,273.46,357.3,0.489
5268,Hardware,Trusa Tubulare Model 21,147,19,149.96,335.13,0.304
5269,Perisabile,[Perisabile] Solutie Curatare Frane Model 87,17,14,297.78,578.82,0.367
5270,Hardware,Incarcator Gaz Model 72,47,19,97.03,210.01,0.488
5271,Electronice,[Electronice] Osciloscop Model 81,38,20,228.57,363.4,0.126
5272,Electronice,[Electronice] Multimetru Analogic Model 89,102,10,121.43,207.41,0.5
5273,Perisabile,[Perisabile] Adeziv Industrial Model 12,116,18,176.23,238.91,0.085
5274,Electronice,[Electronice] Osciloscop Model 33,26,5,282.39,662.71,0.062
5275,Auto,Set Placute Frana Model 44,69,9,16.44,25.08,0.106
5276,Electronice,[Electronice] Sursa Laborator Model 60,98,5,22.2,51.89,0.047
5277,Auto,Rulment Roata Fata Model 9,83,16,108.05,249.46,0.281
5278,Electronice,[Electronice] Multimetru Analogic Model 84,127,6,253.79,599.5,0.326
5279,Electronice,[Electronice] Sursa Laborator Model 17,30,12,110.98,210.25,0.314
5280,Electronice,[Electronice] Multimetru Analogic Model 92,59,11,60.38,73.34,0.04
5281,Perisabile,[Perisabile] Spray Degripant Model 74,120,8,81.31,117.85,0.395
5282,Auto,Rulment Roata Fata Model 44,29,19,118.58,244.39,0.339
5283,Hardware,Trusa Tubulare Model 48,85,9,199.86,433.15,0.454
5284,Auto,Filtru Aer Model 68,90,19,175.97,291.26,0.458
5285,Perisabile,[Perisabile] Spray Degripant Model 31,143,11,254.8,547.19,0.416
5286,Electronice,[Electronice] Modul Transmisie LoRa Model 91,30,5,193.73,272.08,0.279
5287,Hardware,Cheie Dinamometrica Model 21,83,10,154.37,225.53,0.013
5288,Hardware,Set Imbusuri Model 93,14,11,49.29,74.38,0.265
5289,Auto,Rulment Roata Fata Model 14,83,13,135.11,193.47,0.347
5290,Perisabile,[Perisabile] Solutie Curatare Frane Model 42,76,17,199.39,331.17,0.061
5291,Hardware,Set Imbusuri Model 41,121,6,21.2,37.04,0.059
5292,Auto,Set Placute Frana Model 6,23,11,67.98,144.43,0.291
5293,Hardware,Incarcator Gaz Model 63,140,14,137.9,248.73,0.114
5294,Perisabile,[Perisabile] Adeziv Industrial Model 76,39,19,209.8,252.87,0.285
5295,Electronice,[Electronice] Modul Transmisie LoRa Model 84,41,11,243.47,385.1,0.22
5296,Auto,Furtun Intercooler 2.0 TDI Model 83,57,13,216.28,271.39,0.223
5297,Auto,Baterie 12V 70Ah Model 58,1,10,173.96,270.2,0.367
5298,Auto,Filtru Aer Model 39,52,18,167.3,210.75,0.056
5299,Auto,Filtru Aer Model 52,81,11,13.81,23.85,0.27
5300,Auto,Filtru Aer Model 83,35,11,110.44,237.25,0.357
5301,Electronice,[Electronice] Modul Transmisie LoRa Model 25,145,9,252.43,612.01,0.169
5302,Electronice,[Electronice] Sursa Laborator Model 46,70,6,31.05,53.87,0.102
5303,Electronice,[Electronice] Sursa Laborator Model 73,12,5,114.37,235.55,0.366
5304,Auto,Baterie 12V 70Ah Model 25,133,11,73.46,138.25,0.304
5305,Auto,Filtru Aer Model 5,137,7,227.93,549.2,0.123
5306,Auto,Set Placute Frana Model 34,102,12,64.08,82.35,0.405
5307,Auto,Rulment Roata Fata Model 79,98,12,276.68,395.44,0.11
5308,Auto,Baterie 12V 70Ah Model 75,113,8,116.91,272.1,0.396
5309,Perisabile,[Perisabile] Spray Degripant Model 40,121,11,151.44,376.14,0.416
5310,Electronice,[Electronice] Osciloscop Model 56,69,5,101.51,143.13,0.223
5311,Electronice,[Electronice] Modul Transmisie LoRa Model 98,68,18,128.81,172.37,0.458
5312,Auto,Filtru Aer Model 55,111,19,213.12,476.38,0.319
5313,Hardware,Incarcator Gaz Model 76,2,15,273.62,365.28,0.35
5314,Auto,Filtru Aer Model 78,150,12,126.11,199.44,0.377
5315,Hardware,Incarcator Gaz Model 42,127,6,223.56,488.58,0.092
5316,Electronice,[Electronice] Osciloscop Model 21,88,18,281.23,365.38,0.138
5317,Auto,Furtun Intercooler 2.0 TDI Model 97,94,14,213.84,279.78,0.129
5318,Hardware,Incarcator Gaz Model 16,59,13,272.24,456.09,0.497
5319,Electronice,[Electronice] Modul Transmisie LoRa Model 79,33,19,153.2,184.53,0.277
5320,Electronice,[Electronice] Sursa Laborator Model 73,135,12,22.1,40.37,0.496
5321,Auto,Rulment Roata Fata Model 54,2,9,119.62,279.57,0.145
5322,Electronice,[Electronice] Modul Transmisie LoRa Model 11,39,17,154.82,195.58,0.202
5323,Perisabile,[Perisabile] Solutie Curatare Frane Model 23,89,13,31.09,45.6,0.319
5324,Perisabile,[Perisabile] Solutie Curatare Frane Model 19,114,8,125.08,224.77,0.157
5325,Auto,Rulment Roata Fata Model 64,113,16,165.1,283.53,0.4
5326,Auto,Senzor Debitmetru Model 92,81,12,52.6,82.18,0.267
5327,Perisabile,[Perisabile] Solutie Curatare Frane Model 59,25,16,85.13,200.44,0.08
5328,Auto,Baterie 12V 70Ah Model 76,18,9,189.33,312.61,0.055
5329,Electronice,[Electronice] Modul Transmisie LoRa Model 99,35,8,142.17,280.97,0.08
5330,Auto,Senzor Debitmetru Model 95,145,20,182.57,381.5,0.448
5331,Auto,Furtun Intercooler 2.0 TDI Model 59,88,10,45.32,106.61,0.022
5332,Hardware,Incarcator Gaz Model 48,129,12,157.79,322.63,0.268
5333,Hardware,Set Imbusuri Model 67,63,10,270.35,630.24,0.228
5334,Auto,Baterie 12V 70Ah Model 66,95,13,178.09,387.68,0.101
5335,Electronice,[Electronice] Osciloscop Model 72,40,15,201.54,404.38,0.373
5336,Perisabile,[Perisabile] Adeziv Industrial Model 46,17,18,22.97,43.25,0.26
5337,Auto,Set Placute Frana Model 65,123,14,26.5,56.94,0.408
5338,Electronice,[Electronice] Sursa Laborator Model 86,130,9,257.05,365.12,0.027
5339,Hardware,Incarcator Gaz Model 54,102,12,37.96,46.69,0.188
5340,Perisabile,[Perisabile] Spray Degripant Model 76,144,17,99.82,120.96,0.358
5341,Auto,Furtun Intercooler 2.0 TDI Model 83,70,17,172.84,354.21,0.404
5342,Electronice,[Electronice] Modul Transmisie LoRa Model 23,14,19,225.86,348.06,0.108
5343,Hardware,Cheie Dinamometrica Model 84,108,5,241.19,510.02,0.223
5344,Hardware,Trusa Tubulare Model 68,72,12,171.0,226.4,0.471
5345,Electronice,[Electronice] Sursa Laborator Model 95,32,12,284.03,538.14,0.256
5346,Hardware,Set Imbusuri Model 81,121,8,23.55,49.31,0.15
5347,Perisabile,[Perisabile] Spray Degripant Model 84,13,10,82.84,135.95,0.174
5348,Auto,Baterie 12V 70Ah Model 77,106,20,51.49,62.41,0.073
5349,Auto,Furtun Intercooler 2.0 TDI Model 76,122,17,252.29,490.51,0.252
5350,Perisabile,[Perisabile] Spray Degripant Model 45,113,10,164.02,338.7,0.239
5351,Auto,Baterie 12V 70Ah Model 18,43,6,298.73,429.58,0.377
5352,Electronice,[Electronice] Modul Transmisie LoRa Model 15,121,19,125.83,291.89,0.077
5353,Hardware,Trusa Tubulare Model 90,54,20,130.98,245.61,0.178
5354,Electronice,[Electronice] Multimetru Analogic Model 92,110,15,286.21,487.04,0.141
5355,Electronice,[Electronice] Osciloscop Model 70,46,12,175.59,388.73,0.015
5356,Electronice,[Electronice] Sursa Laborator Model 68,36,5,285.5,487.43,0.073
5357,Hardware,Cheie Dinamometrica Model 80,94,8,289.91,660.1,0.235
5358,Auto,Baterie 12V 70Ah Model 7,73,6,127.58,266.59,0.042
5359,Auto,Rulment Roata Fata Model 33,116,15,48.26,66.9,0.117
5360,Hardware,Trusa Tubulare Model 80,18,5,50.94,120.96,0.307
5361,Auto,Senzor Debitmetru Model 85,22,7,118.89,187.55,0.107
5362,Perisabile,[Perisabile] Spray Degripant Model 87,8,6,90.51,116.99,0.178
5363,Hardware,Cheie Dinamometrica Model 82,96,6,63.31,83.81,0.48
5364,Hardware,Cheie Dinamometrica Model 87,31,18,265.29,588.55,0.056
5365,Auto,Senzor Debitmetru Model 63,30,12,98.04,203.36,0.439
5366,Auto,Filtru Aer Model 99,84,14,282.6,391.2,0.475
5367,Auto,Set Placute Frana Model 50,97,18,183.85,439.57,0.142
5368,Hardware,Incarcator Gaz Model 70,32,17,254.86,381.62,0.079
5369,Auto,Furtun Intercooler 2.0 TDI Model 91,122,11,236.25,375.34,0.067
5370,Auto,Baterie 12V 70Ah Model 73,40,6,14.31,21.45,0.031
5371,Electronice,[Electronice] Osciloscop Model 45,11,19,93.45,157.53,0.062
5372,Auto,Furtun Intercooler 2.0 TDI Model 2,84,15,228.56,370.64,0.457
5373,Auto,Furtun Intercooler 2.0 TDI Model 60,111,17,29.23,54.13,0.226
5374,Electronice,[Electronice] Modul Transmisie LoRa Model 99,3,10,129.78,318.35,0.159
5375,Hardware,Incarcator Gaz Model 74,122,17,176.58,400.89,0.482
5376,Electronice,[Electronice] Osciloscop Model 20,57,7,277.65,449.79,0.419
5377,Electronice,[Electronice] Multimetru Analogic Model 12,84,8,266.07,603.48,0.047
5378,Auto,Furtun Intercooler 2.0 TDI Model 25,84,14,238.56,407.18,0.11
5379,Hardware,Trusa Tubulare Model 65,0,18,83.89,190.24,0.334
5380,Auto,Senzor Debitmetru Model 2,28,15,100.42,188.57,0.451
5381,Hardware,Trusa Tubulare Model 86,93,7,166.84,387.48,0.362
5382,Hardware,Trusa Tubulare Model 20,114,19,247.45,555.5,0.172
5383,Hardware,Cheie Dinamometrica Model 49,32,18,95.46,228.12,0.458
5384,Hardware,Cheie Dinamometrica Model 37,33,11,101.84,181.72,0.235
5385,Electronice,[Electronice] Osciloscop Model 16,61,14,208.0,459.67,0.193
5386,Perisabile,[Perisabile] Spray Degripant Model 7,12,15,80.85,125.8,0.163
5387,Hardware,Set Imbusuri Model 34,147,15,38.22,50.52,0.31
5388,Perisabile,[Perisabile] Solutie Curatare Frane Model 84,38,13,43.16,71.28,0.228
5389,Electronice,[Electronice] Multimetru Analogic Model 62,59,5,13.9,28.1,0.065
5390,Electronice,[Electronice] Modul Transmisie LoRa Model 31,138,16,15.71,25.88,0.206
5391,Perisabile,[Perisabile] Solutie Curatare Frane Model 75,17,9,255.6,383.04,0.057
5392,Electronice,[Electronice] Modul Transmisie LoRa Model 14,23,17,68.38,153.46,0.288
5393,Auto,Set Placute Frana Model 4,49,18,99.03,182.34,0.367
5394,Auto,Senzor Debitmetru Model 53,0,15,292.14,592.95,0.327
5395,Auto,Senzor Debitmetru Model 37,84,7,204.28,316.96,0.353
5396,Electronice,[Electronice] Modul Transmisie LoRa Model 58,6,14,167.39,356.46,0.032
5397,Auto,Furtun Intercooler 2.0 TDI Model 52,33,15,25.19,57.45,0.496
5398,Perisabile,[Perisabile] Solutie Curatare Frane Model 64,94,13,105.95,239.08,0.449
5399,Perisabile,[Perisabile] Spray Degripant Model 89,46,17,220.03,355.31,0.327
5400,Auto,Furtun Intercooler 2.0 TDI Model 9,30,10,92.96,111.86,0.277
5401,Electronice,[Electronice] Sursa Laborator Model 10,149,12,38.54,84.97,0.442
5402,Perisabile,[Perisabile] Adeziv Industrial Model 44,27,12,86.05,110.63,0.284
5403,Hardware,Set Imbusuri Model 84,97,12,184.85,401.07,0.028
5404,Electronice,[Electronice] Sursa Laborator Model 88,124,7,260.21,576.15,0.173
5405,Auto,Set Placute Frana Model 3,36,17,236.57,467.31,0.126
5406,Electronice,[Electronice] Modul Transmisie LoRa Model 65,58,11,218.29,296.61,0.093
5407,Auto,Senzor Debitmetru Model 79,68,14,100.59,135.97,0.108
5408,Auto,Furtun Intercooler 2.0 TDI Model 23,82,12,83.17,153.73,0.082
5409,Perisabile,[Perisabile] Spray Degripant Model 74,71,18,256.95,325.31,0.262
5410,Electronice,[Electronice] Sursa Laborator Model 71,51,6,104.49,167.34,0.066
5411,Hardware,Incarcator Gaz Model 36,11,5,271.17,387.02,0.22
5412,Hardware,Trusa Tubulare Model 29,36,14,192.71,312.09,0.135
5413,Perisabile,[Perisabile] Spray Degripant Model 19,77,13,70.32,121.49,0.336
5414,Electronice,[Electronice] Modul Transmisie LoRa Model 83,147,16,104.42,256.81,0.24
5415,Hardware,Incarcator Gaz Model 2,115,7,21.32,43.46,0.425
5416,Perisabile,[Perisabile] Adeziv Industrial Model 75,96,14,243.66,451.04,0.427
5417,Electronice,[Electronice] Sursa Laborator Model 9,104,17,120.2,176.93,0.153
5418,Electronice,[Electronice] Sursa Laborator Model 42,138,17,261.63,644.35,0.036
5419,Hardware,Cheie Dinamometrica Model 22,20,20,296.93,438.23,0.158
5420,Perisabile,[Perisabile] Solutie Curatare Frane Model 29,35,8,81.44,198.05,0.449
5421,Hardware,Cheie Dinamometrica Model 41,5,19,76.51,153.33,0.482
5422,Electronice,[Electronice] Osciloscop Model 94,71,12,134.59,243.04,0.203
5423,Perisabile,[Perisabile] Solutie Curatare Frane Model 84,142,11,258.99,566.57,0.452
5424,Electronice,[Electronice] Multimetru Analogic Model 41,150,6,62.75,118.95,0.058
5425,Electronice,[Electronice] Osciloscop Model 67,108,14,160.88,302.13,0.423
5426,Hardware,Cheie Dinamometrica Model 21,73,13,94.28,192.14,0.464
5427,Hardware,Trusa Tubulare Model 88,93,14,231.72,345.2,0.15
5428,Auto,Rulment Roata Fata Model 65,22,16,156.88,330.73,0.012
5429,Perisabile,[Perisabile] Spray Degripant Model 79,4,12,82.93,159.68,0.38
5430,Auto,Baterie 12V 70Ah Model 29,120,16,64.19,114.74,0.114
5431,Perisabile,[Perisabile] Spray Degripant Model 62,66,15,37.53,50.46,0.019
5432,Auto,Rulment Roata Fata Model 14,81,6,292.45,649.25,0.229
5433,Hardware,Cheie Dinamometrica Model 99,18,11,25.9,54.12,0.074
5434,Hardware,Trusa Tubulare Model 63,75,20,160.24,268.8,0.034
5435,Perisabile,[Perisabile] Adeziv Industrial Model 98,52,8,56.28,117.1,0.119
5436,Perisabile,[Perisabile] Spray Degripant Model 18,17,12,222.05,267.9,0.145
5437,Perisabile,[Perisabile] Solutie Curatare Frane Model 39,132,10,10.74,21.76,0.107
5438,Perisabile,[Perisabile] Spray Degripant Model 51,39,20,171.45,288.0,0.437
5439,Perisabile,[Perisabile] Solutie Curatare Frane Model 80,33,18,192.22,333.91,0.256
5440,Perisabile,[Perisabile] Spray Degripant Model 94,9,18,241.86,584.9,0.346
5441,Hardware,Cheie Dinamometrica Model 47,138,16,249.86,524.65,0.463
5442,Auto,Rulment Roata Fata Model 66,111,5,244.65,482.65,0.463
5443,Electronice,[Electronice] Multimetru Analogic Model 31,134,18,68.25,123.7,0.341
5444,Perisabile,[Perisabile] Spray Degripant Model 70,4,6,53.94,79.19,0.284
5445,Electronice,[Electronice] Osciloscop Model 95,4,15,256.27,573.75,0.137
5446,Perisabile,[Perisabile] Solutie Curatare Frane Model 94,149,19,36.44,57.61,0.068
5447,Auto,Baterie 12V 70Ah Model 60,4,19,263.97,401.63,0.181
5448,Hardware,Cheie Dinamometrica Model 29,131,19,144.55,342.96,0.352
5449,Hardware,Trusa Tubulare Model 62,103,7,43.09,75.58,0.173
5450,Hardware,Trusa Tubulare Model 76,106,11,164.82,260.4,0.108
5451,Electronice,[Electronice] Osciloscop Model 12,49,11,135.52,273.04,0.499
5452,Electronice,[Electronice] Osciloscop Model 52,67,17,150.9,296.17,0.433
5453,Hardware,Trusa Tubulare Model 28,2,18,251.99,354.41,0.389
5454,Hardware,Trusa Tubulare Model 58,65,17,39.3,83.07,0.339
5455,Hardware,Trusa Tubulare Model 67,138,10,151.22,250.87,0.428
5456,Perisabile,[Perisabile] Solutie Curatare Frane Model 72,12,10,169.2,232.38,0.458
5457,Electronice,[Electronice] Modul Transmisie LoRa Model 63,36,5,241.66,308.65,0.152
5458,Perisabile,[Perisabile] Spray Degripant Model 93,33,5,240.57,545.78,0.461
5459,Perisabile,[Perisabile] Adeziv Industrial Model 75,65,14,297.76,562.14,0.081
5460,Perisabile,[Perisabile] Solutie Curatare Frane Model 74,120,17,49.48,86.9,0.465
5461,Hardware,Trusa Tubulare Model 22,78,9,80.05,158.13,0.208
5462,Perisabile,[Perisabile] Solutie Curatare Frane Model 13,48,14,86.62,145.9,0.126
5463,Perisabile,[Perisabile] Adeziv Industrial Model 81,7,16,174.86,305.9,0.16
5464,Hardware,Incarcator Gaz Model 2,20,19,263.13,350.67,0.204
5465,Electronice,[Electronice] Sursa Laborator Model 22,40,7,183.97,259.17,0.162
5466,Electronice,[Electronice] Modul Transmisie LoRa Model 91,82,10,254.55,414.87,0.489
5467,Hardware,Set Imbusuri Model 69,150,10,160.64,364.12,0.038
5468,Hardware,Set Imbusuri Model 62,67,14,92.07,119.26,0.21
5469,Electronice,[Electronice] Modul Transmisie LoRa Model 5,128,12,253.36,388.42,0.372
5470,Perisabile,[Perisabile] Adeziv Industrial Model 20,120,20,35.64,49.64,0.294
5471,Auto,Filtru Aer Model 79,24,13,90.11,123.67,0.486
5472,Hardware,Set Imbusuri Model 67,126,17,240.8,478.15,0.172
5473,Hardware,Set Imbusuri Model 90,55,5,228.87,503.4,0.313
5474,Hardware,Incarcator Gaz Model 51,70,10,91.42,122.24,0.458
5475,Perisabile,[Perisabile] Solutie Curatare Frane Model 61,48,9,76.99,173.45,0.154
5476,Perisabile,[Perisabile] Adeziv Industrial Model 98,39,8,49.33,67.94,0.168
5477,Perisabile,[Perisabile] Solutie Curatare Frane Model 40,75,16,12.92,26.25,0.175
5478,Auto,Baterie 12V 70Ah Model 98,69,8,23.59,30.99,0.105
5479,Hardware,Incarcator Gaz Model 16,87,16,291.99,527.13,0.342
5480,Electronice,[Electronice] Modul Transmisie LoRa Model 37,20,17,110.28,149.55,0.385
5481,Auto,Filtru Aer Model 50,54,6,22.3,36.55,0.366
5482,Perisabile,[Perisabile] Solutie Curatare Frane Model 11,44,20,223.69,398.59,0.132
5483,Electronice,[Electronice] Multimetru Analogic Model 90,33,9,109.22,236.22,0.24
5484,Hardware,Trusa Tubulare Model 72,145,16,40.38,94.03,0.261
5485,Electronice,[Electronice] Multimetru Analogic Model 79,90,16,116.99,265.08,0.113
5486,Auto,Rulment Roata Fata Model 93,106,8,44.68,101.66,0.024
5487,Perisabile,[Perisabile] Spray Degripant Model 93,87,18,22.47,36.66,0.355
5488,Auto,Baterie 12V 70Ah Model 2,28,9,221.27,482.27,0.354
5489,Perisabile,[Perisabile] Adeziv Industrial Model 39,44,6,164.64,223.47,0.434
5490,Hardware,Set Imbusuri Model 11,127,9,140.21,209.63,0.057
5491,Auto,Set Placute Frana Model 52,148,15,286.13,671.84,0.213
5492,Hardware,Cheie Dinamometrica Model 5,74,9,99.08,135.63,0.097
5493,Electronice,[Electronice] Sursa Laborator Model 29,62,7,238.83,508.61,0.48
5494,Electronice,[Electronice] Sursa Laborator Model 21,72,9,299.86,532.96,0.302
5495,Hardware,Trusa Tubulare Model 47,63,14,94.36,143.81,0.019
5496,Auto,Furtun Intercooler 2.0 TDI Model 87,65,20,191.46,275.95,0.137
5497,Electronice,[Electronice] Multimetru Analogic Model 5,145,14,146.53,366.0,0.418
5498,Perisabile,[Perisabile] Adeziv Industrial Model 80,20,5,23.26,45.08,0.328
5499,Hardware,Incarcator Gaz Model 24,101,13,239.38,565.9,0.143
5500,Perisabile,[Perisabile] Solutie Curatare Frane Model 7,0,13,294.94,654.57,0.143
5501,Auto,Senzor Debitmetru Model 77,118,20,182.93,354.92,0.349
5502,Auto,Baterie 12V 70Ah Model 16,123,5,245.6,360.44,0.279
5503,Hardware,Set Imbusuri Model 17,49,20,264.72,519.87,0.195
5504,Perisabile,[Perisabile] Solutie Curatare Frane Model 2,119,12,116.2,271.09,0.044
5505,Hardware,Trusa Tubulare Model 2,90,16,278.94,618.97,0.455
5506,Electronice,[Electronice] Multimetru Analogic Model 86,66,16,134.08,327.63,0.422
5507,Perisabile,[Perisabile] Spray Degripant Model 69,102,13,192.9,469.55,0.48
5508,Hardware,Incarcator Gaz Model 46,58,6,276.24,640.47,0.205
5509,Auto,Baterie 12V 70Ah Model 59,9,10,157.66,281.81,0.389
5510,Auto,Baterie 12V 70Ah Model 55,88,10,28.62,69.77,0.112
5511,Electronice,[Electronice] Multimetru Analogic Model 60,57,5,285.06,445.26,0.135
5512,Auto,Rulment Roata Fata Model 88,90,10,11.73,20.24,0.32
5513,Electronice,[Electronice] Osciloscop Model 37,51,18,278.55,500.77,0.283
5514,Perisabile,[Perisabile] Solutie Curatare Frane Model 53,87,13,55.73,135.05,0.213
5515,Hardware,Trusa Tubulare Model 26,70,16,281.21,483.93,0.47
5516,Electronice,[Electronice] Osciloscop Model 17,129,14,16.6,20.27,0.014
5517,Hardware,Incarcator Gaz Model 40,54,19,29.15,45.79,0.118
5518,Electronice,[Electronice] Multimetru Analogic Model 91,47,6,33.89,46.81,0.327
5519,Auto,Rulment Roata Fata Model 39,87,14,239.91,586.21,0.131
5520,Auto,Furtun Intercooler 2.0 TDI Model 61,15,15,93.12,195.06,0.272
5521,Hardware,Trusa Tubulare Model 69,114,9,47.41,106.38,0.36
5522,Electronice,[Electronice] Modul Transmisie LoRa Model 9,91,19,234.32,497.54,0.22
5523,Electronice,[Electronice] Multimetru Analogic Model 27,99,17,157.07,259.17,0.498
5524,Perisabile,[Perisabile] Spray Degripant Model 96,125,16,28.14,70.24,0.489
5525,Electronice,[Electronice] Osciloscop Model 46,82,12,115.98,187.12,0.11
5526,Auto,Furtun Intercooler 2.0 TDI Model 20,21,17,185.94,272.67,0.211
5527,Perisabile,[Perisabile] Spray Degripant Model 59,69,17,40.13,82.08,0.056
5528,Electronice,[Electronice] Modul Transmisie LoRa Model 90,39,20,135.28,202.96,0.473
5529,Hardware,Incarcator Gaz Model 3,104,5,225.84,320.3,0.437
5530,Hardware,Cheie Dinamometrica Model 45,127,15,30.5,61.68,0.096
5531,Auto,Set Placute Frana Model 63,22,14,41.01,70.26,0.406
5532,Electronice,[Electronice] Multimetru Analogic Model 78,65,13,90.65,139.92,0.204
5533,Auto,Senzor Debitmetru Model 96,42,9,149.74,237.82,0.232
5534,Electronice,[Electronice] Multimetru Analogic Model 72,95,15,272.94,476.08,0.479
5535,Electronice,[Electronice] Multimetru Analogic Model 64,17,5,299.5,639.25,0.188
5536,Hardware,Set Imbusuri Model 9,52,12,255.47,354.38,0.234
5537,Auto,Senzor Debitmetru Model 42,146,9,49.81,76.92,0.323
5538,Perisabile,[Perisabile] Spray Degripant Model 16,130,8,220.88,467.91,0.218
5539,Electronice,[Electronice] Sursa Laborator Model 67,48,14,252.98,445.28,0.36
5540,Perisabile,[Perisabile] Solutie Curatare Frane Model 49,9,13,176.03,405.64,0.112
5541,Electronice,[Electronice] Osciloscop Model 53,99,6,111.28,223.58,0.439
5542,Perisabile,[Perisabile] Adeziv Industrial Model 88,149,19,269.06,334.5,0.177
5543,Electronice,[Electronice] Modul Transmisie LoRa Model 90,133,12,294.97,369.83,0.034
5544,Perisabile,[Perisabile] Solutie Curatare Frane Model 92,136,5,190.89,321.11,0.444
5545,Hardware,Trusa Tubulare Model 7,75,12,55.32,82.97,0.386
5546,Hardware,Set Imbusuri Model 63,30,15,98.95,197.54,0.36
5547,Perisabile,[Perisabile] Solutie Curatare Frane Model 19,76,7,269.61,618.21,0.335
5548,Auto,Furtun Intercooler 2.0 TDI Model 19,128,12,192.64,481.05,0.064
5549,Electronice,[Electronice] Modul Transmisie LoRa Model 56,74,13,101.55,134.0,0.156
5550,Perisabile,[Perisabile] Solutie Curatare Frane Model 98,105,17,253.55,600.28,0.254
5551,Electronice,[Electronice] Osciloscop Model 14,142,12,64.25,97.46,0.212
5552,Hardware,Set Imbusuri Model 7,40,11,132.82,206.1,0.475
5553,Perisabile,[Perisabile] Solutie Curatare Frane Model 49,19,13,29.95,55.1,0.165
5554,Perisabile,[Perisabile] Spray Degripant Model 29,123,6,36.14,68.5,0.469
5555,Hardware,Incarcator Gaz Model 26,1,19,45.73,84.03,0.219
5556,Auto,Furtun Intercooler 2.0 TDI Model 3,8,6,150.91,327.71,0.4
5557,Perisabile,[Perisabile] Spray Degripant Model 91,58,17,144.63,230.65,0.329
5558,Auto,Filtru Aer Model 41,125,13,122.49,293.33,0.296
5559,Perisabile,[Perisabile] Spray Degripant Model 98,131,10,172.06,388.22,0.026
5560,Auto,Furtun Intercooler 2.0 TDI Model 69,9,15,53.44,79.36,0.344
5561,Hardware,Trusa Tubulare Model 92,98,9,296.09,730.03,0.264
5562,Electronice,[Electronice] Modul Transmisie LoRa Model 81,133,16,230.79,488.41,0.05
5563,Auto,Baterie 12V 70Ah Model 32,117,7,35.29,45.7,0.412
5564,Electronice,[Electronice] Modul Transmisie LoRa Model 68,33,11,202.96,426.31,0.201
5565,Perisabile,[Perisabile] Spray Degripant Model 82,148,19,70.14,153.72,0.424
5566,Perisabile,[Perisabile] Solutie Curatare Frane Model 42,86,13,158.35,378.77,0.368
5567,Electronice,[Electronice] Modul Transmisie LoRa Model 57,115,20,95.38,156.92,0.235
5568,Electronice,[Electronice] Osciloscop Model 52,40,7,112.04,160.54,0.38
5569,Perisabile,[Perisabile] Spray Degripant Model 59,116,17,239.51,551.45,0.221
5570,Hardware,Trusa Tubulare Model 53,65,15,246.36,343.41,0.459
5571,Perisabile,[Perisabile] Spray Degripant Model 95,67,16,276.77,539.37,0.05
5572,Electronice,[Electronice] Osciloscop Model 21,132,16,206.82,270.93,0.148
5573,Electronice,[Electronice] Sursa Laborator Model 94,143,19,125.2,280.36,0.362
5574,Electronice,[Electronice] Osciloscop Model 34,147,7,114.87,274.42,0.219
5575,Electronice,[Electronice] Modul Transmisie LoRa Model 40,11,18,93.94,209.02,0.44
5576,Auto,Furtun Intercooler 2.0 TDI Model 14,122,7,106.83,205.71,0.439
5577,Hardware,Set Imbusuri Model 76,108,16,73.08,169.21,0.371
5578,Hardware,Trusa Tubulare Model 50,88,14,272.71,457.32,0.262
5579,Electronice,[Electronice] Sursa Laborator Model 87,50,14,142.3,267.3,0.034
5580,Auto,Filtru Aer Model 91,9,5,182.52,417.06,0.18
5581,Hardware,Cheie Dinamometrica Model 88,99,5,69.42,96.32,0.278
5582,Hardware,Cheie Dinamometrica Model 18,90,14,72.06,111.03,0.149
5583,Hardware,Incarcator Gaz Model 68,75,14,248.13,488.4,0.343
5584,Perisabile,[Perisabile] Solutie Curatare Frane Model 14,46,6,73.95,106.35,0.466
5585,Hardware,Incarcator Gaz Model 19,12,11,256.8,404.72,0.184
5586,Perisabile,[Perisabile] Spray Degripant Model 8,113,13,281.56,482.87,0.438
5587,Hardware,Trusa Tubulare Model 84,51,7,148.37,316.58,0.35
5588,Auto,Senzor Debitmetru Model 42,24,20,265.91,520.66,0.222
5589,Perisabile,[Perisabile] Spray Degripant Model 23,24,20,136.57,198.58,0.394
5590,Electronice,[Electronice] Multimetru Analogic Model 2,67,12,106.51,189.64,0.24
5591,Perisabile,[Perisabile] Spray Degripant Model 68,150,18,48.06,99.76,0.285
5592,Auto,Furtun Intercooler 2.0 TDI Model 84,1,7,234.42,407.48,0.097
5593,Perisabile,[Perisabile] Spray Degripant Model 16,17,7,72.91,87.91,0.408
5594,Perisabile,[Perisabile] Solutie Curatare Frane Model 92,4,16,266.02,577.98,0.225
5595,Auto,Filtru Aer Model 28,44,5,103.85,212.17,0.244
5596,Perisabile,[Perisabile] Spray Degripant Model 93,40,19,179.55,348.4,0.34
5597,Auto,Furtun Intercooler 2.0 TDI Model 59,6,12,212.36,273.97,0.496
5598,Electronice,[Electronice] Osciloscop Model 41,148,8,299.69,372.67,0.068
5599,Hardware,Incarcator Gaz Model 73,14,15,288.82,505.32,0.036
5600,Auto,Set Placute Frana Model 53,63,5,80.05,162.96,0.464
5601,Hardware,Set Imbusuri Model 23,55,19,240.98,427.11,0.486
5602,Electronice,[Electronice] Osciloscop Model 54,76,17,264.04,452.88,0.421
5603,Perisabile,[Perisabile] Spray Degripant Model 49,35,9,119.51,187.69,0.131
5604,Perisabile,[Perisabile] Adeziv Industrial Model 28,122,11,202.71,477.23,0.354
5605,Hardware,Set Imbusuri Model 17,140,8,118.79,268.38,0.304
5606,Perisabile,[Perisabile] Solutie Curatare Frane Model 42,121,10,94.89,178.19,0.314
5607,Perisabile,[Perisabile] Adeziv Industrial Model 5,97,15,39.97,87.3,0.359
5608,Electronice,[Electronice] Modul Transmisie LoRa Model 96,62,7,243.66,386.06,0.131
5609,Perisabile,[Perisabile] Spray Degripant Model 41,133,7,123.97,245.93,0.145
5610,Auto,Baterie 12V 70Ah Model 73,100,18,95.54,172.06,0.192
5611,Auto,Rulment Roata Fata Model 99,116,10,48.24,72.61,0.166
5612,Perisabile,[Perisabile] Spray Degripant Model 49,45,15,123.46,253.12,0.165
5613,Perisabile,[Perisabile] Adeziv Industrial Model 65,125,8,135.6,196.85,0.397
5614,Auto,Senzor Debitmetru Model 71,76,12,18.56,44.38,0.049
5615,Perisabile,[Perisabile] Solutie Curatare Frane Model 86,90,20,39.1,66.59,0.262
5616,Hardware,Incarcator Gaz Model 57,26,14,197.21,356.82,0.306
5617,Auto,Filtru Aer Model 34,31,11,65.39,155.01,0.087
5618,Hardware,Incarcator Gaz Model 71,28,5,138.5,237.9,0.225
5619,Perisabile,[Perisabile] Spray Degripant Model 22,10,11,208.33,294.69,0.223
5620,Electronice,[Electronice] Sursa Laborator Model 80,92,14,151.89,322.81,0.44
5621,Auto,Rulment Roata Fata Model 71,21,14,178.2,386.79,0.361
5622,Perisabile,[Perisabile] Spray Degripant Model 34,64,12,88.59,162.67,0.458
5623,Auto,Baterie 12V 70Ah Model 41,74,10,209.98,352.71,0.018
5624,Electronice,[Electronice] Modul Transmisie LoRa Model 24,58,20,122.09,166.21,0.091
5625,Electronice,[Electronice] Osciloscop Model 91,23,8,232.71,557.02,0.247
5626,Auto,Baterie 12V 70Ah Model 54,86,20,191.78,398.33,0.058
5627,Hardware,Trusa Tubulare Model 21,25,20,199.72,364.0,0.475
5628,Perisabile,[Perisabile] Spray Degripant Model 89,24,6,16.2,19.69,0.479
5629,Electronice,[Electronice] Modul Transmisie LoRa Model 72,96,18,72.8,162.82,0.44
5630,Auto,Furtun Intercooler 2.0 TDI Model 97,35,17,76.4,96.76,0.467
5631,Auto,Baterie 12V 70Ah Model 84,85,20,202.09,356.76,0.067
5632,Electronice,[Electronice] Modul Transmisie LoRa Model 73,142,10,162.5,391.39,0.496
5633,Hardware,Set Imbusuri Model 94,20,5,111.86,198.32,0.09
5634,Perisabile,[Perisabile] Spray Degripant Model 71,15,15,275.01,621.44,0.181
5635,Electronice,[Electronice] Sursa Laborator Model 19,43,14,22.29,34.3,0.256
5636,Perisabile,[Perisabile] Solutie Curatare Frane Model 17,74,9,264.47,470.22,0.316
5637,Hardware,Trusa Tubulare Model 70,54,17,229.57,439.99,0.207
5638,Hardware,Incarcator Gaz Model 66,87,7,117.08,179.43,0.034
5639,Auto,Furtun Intercooler 2.0 TDI Model 50,109,6,201.08,279.72,0.176
5640,Perisabile,[Perisabile] Solutie Curatare Frane Model 90,36,14,298.74,518.3,0.058
5641,Electronice,[Electronice] Multimetru Analogic Model 9,138,15,229.79,528.55,0.366
5642,Hardware,Trusa Tubulare Model 43,71,15,84.04,105.35,0.326
5643,Perisabile,[Perisabile] Adeziv Industrial Model 51,96,6,184.65,399.17,0.487
5644,Hardware,Cheie Dinamometrica Model 83,126,18,276.15,446.58,0.214
5645,Perisabile,[Perisabile] Solutie Curatare Frane Model 6,67,8,30.34,66.19,0.37
5646,Hardware,Set Imbusuri Model 5,84,13,16.69,32.29,0.363
5647,Hardware,Cheie Dinamometrica Model 20,90,12,77.2,134.18,0.382
5648,Perisabile,[Perisabile] Spray Degripant Model 89,17,15,194.49,348.8,0.119
5649,Hardware,Incarcator Gaz Model 23,146,17,178.58,308.9,0.433
5650,Auto,Set Placute Frana Model 2,29,20,123.72,200.24,0.312
5651,Auto,Baterie 12V 70Ah Model 79,119,9,115.56,147.35,0.416
5652,Electronice,[Electronice] Sursa Laborator Model 53,56,6,276.8,595.46,0.292
5653,Auto,Senzor Debitmetru Model 28,58,13,69.84,112.81,0.348
5654,Auto,Senzor Debitmetru Model 15,121,14,191.78,268.6,0.175
5655,Hardware,Trusa Tubulare Model 60,68,20,294.04,385.71,0.293
5656,Electronice,[Electronice] Multimetru Analogic Model 57,65,18,21.08,33.99,0.263
5657,Hardware,Set Imbusuri Model 49,110,5,20.59,47.63,0.027
5658,Perisabile,[Perisabile] Solutie Curatare Frane Model 53,90,15,154.9,227.76,0.342
5659,Hardware,Trusa Tubulare Model 13,116,15,132.74,325.73,0.47
5660,Auto,Filtru Aer Model 27,76,9,149.42,220.77,0.216
5661,Hardware,Cheie Dinamometrica Model 94,40,17,128.97,273.66,0.108
5662,Electronice,[Electronice] Modul Transmisie LoRa Model 48,64,16,225.64,341.37,0.352
5663,Electronice,[Electronice] Modul Transmisie LoRa Model 90,51,9,207.6,485.13,0.236
5664,Auto,Rulment Roata Fata Model 43,108,7,182.07,248.1,0.361
5665,Auto,Filtru Aer Model 12,31,7,196.9,294.06,0.189
5666,Perisabile,[Perisabile] Spray Degripant Model 22,50,19,274.05,618.75,0.407
5667,Perisabile,[Perisabile] Solutie Curatare Frane Model 37,36,13,17.65,41.4,0.401
5668,Auto,Rulment Roata Fata Model 8,127,9,124.62,232.48,0.067
5669,Electronice,[Electronice] Multimetru Analogic Model 94,72,6,23.86,39.09,0.452
5670,Perisabile,[Perisabile] Solutie Curatare Frane Model 46,67,20,200.46,342.45,0.273
5671,Auto,Baterie 12V 70Ah Model 55,2,19,23.05,36.38,0.433
5672,Auto,Set Placute Frana Model 12,121,12,253.47,313.48,0.28
5673,Perisabile,[Perisabile] Spray Degripant Model 87,44,20,89.05,129.06,0.167
5674,Perisabile,[Perisabile] Spray Degripant Model 95,95,18,282.6,372.77,0.432
5675,Auto,Senzor Debitmetru Model 47,61,5,168.49,332.28,0.452
5676,Electronice,[Electronice] Modul Transmisie LoRa Model 84,95,19,122.39,251.76,0.299
5677,Auto,Senzor Debitmetru Model 63,121,13,114.7,141.28,0.311
5678,Hardware,Cheie Dinamometrica Model 67,31,19,104.89,233.62,0.498
5679,Electronice,[Electronice] Sursa Laborator Model 91,134,7,58.79,85.92,0.476
5680,Auto,Rulment Roata Fata Model 42,48,6,234.54,577.39,0.384
5681,Perisabile,[Perisabile] Spray Degripant Model 27,132,12,18.25,26.58,0.41
5682,Perisabile,[Perisabile] Adeziv Industrial Model 52,6,18,130.93,190.32,0.463
5683,Perisabile,[Perisabile] Solutie Curatare Frane Model 39,39,10,52.73,93.58,0.487
5684,Auto,Senzor Debitmetru Model 73,16,19,165.75,252.84,0.223
5685,Perisabile,[Perisabile] Adeziv Industrial Model 53,24,19,170.64,281.68,0.161
5686,Perisabile,[Perisabile] Solutie Curatare Frane Model 82,71,17,150.6,326.78,0.205
5687,Auto,Filtru Aer Model 83,135,19,157.53,263.65,0.232
5688,Perisabile,[Perisabile] Solutie Curatare Frane Model 47,8,18,30.87,64.28,0.36
5689,Hardware,Incarcator Gaz Model 21,131,12,293.35,643.03,0.081
5690,Hardware,Incarcator Gaz Model 67,46,15,114.43,156.99,0.037
5691,Auto,Rulment Roata Fata Model 74,17,14,172.04,381.3,0.184
5692,Hardware,Incarcator Gaz Model 22,149,5,85.32,122.87,0.384
5693,Perisabile,[Perisabile] Spray Degripant Model 86,6,16,85.48,148.89,0.431
5694,Hardware,Trusa Tubulare Model 21,47,12,139.67,193.07,0.352
5695,Hardware,Cheie Dinamometrica Model 85,101,8,258.49,389.45,0.262
5696,Hardware,Incarcator Gaz Model 13,134,15,166.1,396.14,0.473
5697,Electronice,[Electronice] Sursa Laborator Model 49,89,10,238.95,419.64,0.231
5698,Hardware,Incarcator Gaz Model 12,63,7,122.43,283.64,0.037
5699,Auto,Set Placute Frana Model 27,132,7,238.42,508.99,0.443
5700,Perisabile,[Perisabile] Solutie Curatare Frane Model 73,63,19,295.81,556.6,0.087
5701,Electronice,[Electronice] Modul Transmisie LoRa Model 55,90,20,252.22,366.22,0.11
5702,Hardware,Trusa Tubulare Model 12,104,6,109.88,172.61,0.165
5703,Auto,Baterie 12V 70Ah Model 40,141,10,36.24,60.23,0.093
5704,Auto,Rulment Roata Fata Model 55,85,18,65.18,104.27,0.154
5705,Hardware,Cheie Dinamometrica Model 75,48,14,127.32,169.89,0.064
5706,Perisabile,[Perisabile] Spray Degripant Model 54,146,17,218.68,502.28,0.282
5707,Electronice,[Electronice] Sursa Laborator Model 96,148,15,42.66,56.96,0.251
5708,Electronice,[Electronice] Modul Transmisie LoRa Model 40,20,9,167.07,289.02,0.281
5709,Hardware,Incarcator Gaz Model 35,82,9,116.07,286.32,0.265
5710,Electronice,[Electronice] Osciloscop Model 38,113,9,179.42,306.6,0.062
5711,Auto,Baterie 12V 70Ah Model 57,31,15,195.61,382.05,0.36
5712,Hardware,Set Imbusuri Model 69,0,9,59.79,110.04,0.358
5713,Electronice,[Electronice] Sursa Laborator Model 91,91,8,220.58,484.34,0.062
5714,Electronice,[Electronice] Sursa Laborator Model 88,3,11,60.34,144.32,0.265
5715,Auto,Set Placute Frana Model 26,101,10,155.11,244.92,0.286
5716,Hardware,Trusa Tubulare Model 29,144,19,210.84,334.54,0.225
5717,Perisabile,[Perisabile] Spray Degripant Model 84,44,11,145.64,194.65,0.416
5718,Perisabile,[Perisabile] Spray Degripant Model 61,79,19,27.58,43.73,0.363
5719,Perisabile,[Perisabile] Spray Degripant Model 59,13,17,88.83,204.22,0.179
5720,Perisabile,[Perisabile] Adeziv Industrial Model 18,130,13,118.35,272.28,0.327
5721,Auto,Filtru Aer Model 66,109,20,282.03,562.02,0.393
5722,Hardware,Incarcator Gaz Model 51,143,13,133.28,253.89,0.209
5723,Perisabile,[Perisabile] Adeziv Industrial Model 14,65,19,129.52,251.41,0.186
5724,Electronice,[Electronice] Osciloscop Model 1,33,14,178.82,271.19,0.12
5725,Auto,Furtun Intercooler 2.0 TDI Model 78,95,17,59.69,97.87,0.143
5726,Electronice,[Electronice] Modul Transmisie LoRa Model 81,145,18,229.69,438.07,0.396
5727,Hardware,Trusa Tubulare Model 28,119,12,146.67,196.54,0.204
5728,Electronice,[Electronice] Modul Transmisie LoRa Model 42,132,10,122.75,253.47,0.235
5729,Hardware,Incarcator Gaz Model 23,80,10,212.07,283.22,0.378
5730,Electronice,[Electronice] Multimetru Analogic Model 95,91,8,254.13,445.47,0.418
5731,Electronice,[Electronice] Modul Transmisie LoRa Model 49,47,18,18.66,35.25,0.092
5732,Electronice,[Electronice] Osciloscop Model 78,44,10,109.11,240.63,0.127
5733,Auto,Set Placute Frana Model 18,115,7,29.74,58.39,0.055
5734,Electronice,[Electronice] Multimetru Analogic Model 99,122,15,96.56,132.7,0.307
5735,Auto,Furtun Intercooler 2.0 TDI Model 6,88,18,136.26,242.9,0.488
5736,Perisabile,[Perisabile] Adeziv Industrial Model 6,145,17,120.42,211.78,0.077
5737,Hardware,Trusa Tubulare Model 46,73,5,14.79,20.45,0.164
5738,Electronice,[Electronice] Osciloscop Model 17,10,7,149.81,304.9,0.101
5739,Electronice,[Electronice] Osciloscop Model 39,121,12,193.36,273.91,0.276
5740,Electronice,[Electronice] Sursa Laborator Model 42,143,9,65.58,99.26,0.373
5741,Hardware,Trusa Tubulare Model 31,23,9,230.19,380.53,0.488
5742,Auto,Rulment Roata Fata Model 33,39,15,47.19,73.6,0.457
5743,Auto,Filtru Aer Model 98,32,12,255.27,487.38,0.433
5744,Hardware,Cheie Dinamometrica Model 10,117,18,158.89,298.6,0.207
5745,Auto,Baterie 12V 70Ah Model 10,56,13,200.34,492.7,0.358
5746,Auto,Furtun Intercooler 2.0 TDI Model 1,97,11,248.77,408.09,0.133
5747,Hardware,Set Imbusuri Model 87,64,5,103.28,174.26,0.278
5748,Auto,Baterie 12V 70Ah Model 49,11,14,82.73,181.28,0.186
5749,Auto,Furtun Intercooler 2.0 TDI Model 79,124,15,123.09,208.16,0.237
5750,Perisabile,[Perisabile] Spray Degripant Model 6,107,19,293.8,499.72,0.416
5751,Auto,Set Placute Frana Model 67,130,14,255.9,586.19,0.178
5752,Electronice,[Electronice] Multimetru Analogic Model 39,139,5,61.55,151.16,0.337
5753,Perisabile,[Perisabile] Adeziv Industrial Model 97,68,7,104.2,152.6,0.397
5754,Electronice,[Electronice] Modul Transmisie LoRa Model 2,123,8,213.72,286.54,0.143
5755,Auto,Filtru Aer Model 87,131,5,113.33,241.28,0.267
5756,Auto,Rulment Roata Fata Model 48,112,19,100.21,238.72,0.083
5757,Electronice,[Electronice] Osciloscop Model 11,80,19,36.36,48.96,0.17
5758,Auto,Filtru Aer Model 95,17,16,270.22,361.44,0.15
5759,Hardware,Set Imbusuri Model 89,128,18,195.89,314.4,0.211
5760,Hardware,Trusa Tubulare Model 3,4,13,74.51,142.8,0.279
5761,Electronice,[Electronice] Osciloscop Model 30,107,12,39.94,77.53,0.347
5762,Perisabile,[Perisabile] Adeziv Industrial Model 10,119,16,55.94,132.56,0.024
5763,Hardware,Trusa Tubulare Model 47,132,6,140.2,247.85,0.031
5764,Auto,Rulment Roata Fata Model 68,108,13,213.95,278.23,0.474
5765,Auto,Rulment Roata Fata Model 34,42,18,285.11,605.62,0.499
5766,Hardware,Set Imbusuri Model 76,45,14,107.81,192.32,0.473
5767,Perisabile,[Perisabile] Adeziv Industrial Model 13,31,19,139.23,226.6,0.222
5768,Perisabile,[Perisabile] Solutie Curatare Frane Model 69,63,14,14.53,21.08,0.463
5769,Auto,Senzor Debitmetru Model 43,70,18,79.79,160.44,0.202
5770,Hardware,Incarcator Gaz Model 22,73,16,160.61,347.72,0.124
5771,Auto,Baterie 12V 70Ah Model 47,41,15,162.15,377.67,0.378
5772,Hardware,Cheie Dinamometrica Model 43,56,19,240.35,472.11,0.295
5773,Perisabile,[Perisabile] Adeziv Industrial Model 85,62,12,101.63,177.1,0.458
5774,Electronice,[Electronice] Multimetru Analogic Model 55,85,13,147.5,327.88,0.086
5775,Hardware,Cheie Dinamometrica Model 7,38,17,164.09,332.22,0.294
5776,Hardware,Incarcator Gaz Model 19,86,10,164.73,314.83,0.345
5777,Hardware,Set Imbusuri Model 22,122,7,246.26,401.63,0.066
5778,Auto,Senzor Debitmetru Model 87,33,8,33.58,61.26,0.029
5779,Perisabile,[Perisabile] Spray Degripant Model 44,69,8,268.89,332.48,0.34
5780,Electronice,[Electronice] Osciloscop Model 33,69,18,229.16,554.33,0.037
5781,Perisabile,[Perisabile] Spray Degripant Model 28,28,15,15.0,27.37,0.312
5782,Perisabile,[Perisabile] Spray Degripant Model 64,16,8,103.77,154.71,0.212
5783,Auto,Baterie 12V 70Ah Model 19,68,19,32.52,59.34,0.246
5784,Hardware,Cheie Dinamometrica Model 1,95,17,24.82,57.08,0.211
5785,Perisabile,[Perisabile] Spray Degripant Model 69,42,11,93.49,217.57,0.239
5786,Auto,Rulment Roata Fata Model 18,70,14,46.72,87.45,0.124
5787,Perisabile,[Perisabile] Solutie Curatare Frane Model 19,83,8,207.34,432.43,0.354
5788,Hardware,Trusa Tubulare Model 80,142,15,174.88,395.25,0.483
5789,Perisabile,[Perisabile] Adeziv Industrial Model 78,46,11,103.13,144.82,0.091
5790,Auto,Set Placute Frana Model 51,122,5,165.72,240.45,0.183
5791,Perisabile,[Perisabile] Adeziv Industrial Model 36,132,9,68.37,106.41,0.193
5792,Auto,Rulment Roata Fata Model 1,146,10,241.24,300.61,0.319
5793,Electronice,[Electronice] Modul Transmisie LoRa Model 67,46,5,54.82,134.22,0.473
5794,Perisabile,[Perisabile] Adeziv Industrial Model 38,26,6,272.51,651.97,0.076
5795,Auto,Senzor Debitmetru Model 80,4,17,176.57,268.29,0.491
5796,Perisabile,[Perisabile] Solutie Curatare Frane Model 27,27,18,148.13,330.32,0.078
5797,Perisabile,[Perisabile] Spray Degripant Model 17,83,7,74.47,154.93,0.129
5798,Perisabile,[Perisabile] Spray Degripant Model 79,104,17,79.96,116.34,0.128
5799,Hardware,Cheie Dinamometrica Model 14,136,7,36.77,52.64,0.046
5800,Perisabile,[Perisabile] Solutie Curatare Frane Model 94,140,11,277.03,560.32,0.282
5801,Electronice,[Electronice] Modul Transmisie LoRa Model 76,103,20,216.71,528.19,0.094
5802,Hardware,Set Imbusuri Model 28,5,10,234.29,417.22,0.42
5803,Perisabile,[Perisabile] Adeziv Industrial Model 1,145,16,228.65,550.01,0.209
5804,Perisabile,[Perisabile] Spray Degripant Model 76,95,6,243.96,298.64,0.092
5805,Electronice,[Electronice] Modul Transmisie LoRa Model 90,26,17,205.49,372.86,0.146
5806,Hardware,Incarcator Gaz Model 29,105,15,149.12,208.8,0.129
5807,Perisabile,[Perisabile] Solutie Curatare Frane Model 90,53,15,225.96,535.69,0.071
5808,Auto,Rulment Roata Fata Model 26,103,18,292.66,480.43,0.429
5809,Perisabile,[Perisabile] Spray Degripant Model 76,45,6,281.91,490.98,0.243
5810,Perisabile,[Perisabile] Spray Degripant Model 88,107,5,225.52,480.47,0.38
5811,Hardware,Set Imbusuri Model 37,57,11,259.83,479.71,0.399
5812,Electronice,[Electronice] Sursa Laborator Model 20,37,17,239.89,398.17,0.117
5813,Auto,Filtru Aer Model 91,80,16,247.14,410.09,0.176
5814,Electronice,[Electronice] Sursa Laborator Model 2,87,17,288.3,492.7,0.464
5815,Perisabile,[Perisabile] Adeziv Industrial Model 46,138,16,238.38,383.91,0.226
5816,Perisabile,[Perisabile] Solutie Curatare Frane Model 32,3,7,128.57,190.16,0.223
5817,Auto,Set Placute Frana Model 20,126,9,85.3,115.09,0.097
5818,Hardware,Cheie Dinamometrica Model 45,9,15,88.48,130.59,0.231
5819,Perisabile,[Perisabile] Solutie Curatare Frane Model 75,37,9,237.27,530.91,0.234
5820,Perisabile,[Perisabile] Adeziv Industrial Model 75,93,5,278.96,352.0,0.484
5821,Hardware,Cheie Dinamometrica Model 36,103,10,104.38,198.65,0.286
5822,Auto,Senzor Debitmetru Model 41,98,20,120.91,259.12,0.473
5823,Hardware,Set Imbusuri Model 52,5,19,248.31,444.11,0.041
5824,Electronice,[Electronice] Multimetru Analogic Model 44,139,14,121.65,222.88,0.05
5825,Hardware,Cheie Dinamometrica Model 62,85,8,190.36,299.24,0.401
5826,Perisabile,[Perisabile] Spray Degripant Model 25,73,8,276.61,586.08,0.492
5827,Hardware,Trusa Tubulare Model 67,70,5,168.18,352.22,0.429
5828,Electronice,[Electronice] Multimetru Analogic Model 84,136,8,214.97,290.98,0.401
5829,Auto,Set Placute Frana Model 9,17,18,297.3,467.65,0.123
5830,Electronice,[Electronice] Multimetru Analogic Model 22,72,17,20.76,32.71,0.197
5831,Electronice,[Electronice] Modul Transmisie LoRa Model 13,23,6,293.06,650.7,0.198
5832,Perisabile,[Perisabile] Adeziv Industrial Model 67,45,6,288.7,517.77,0.264
5833,Electronice,[Electronice] Osciloscop Model 66,35,7,157.73,222.67,0.29
5834,Perisabile,[Perisabile] Adeziv Industrial Model 22,16,5,19.15,45.84,0.471
5835,Perisabile,[Perisabile] Adeziv Industrial Model 95,131,8,64.34,101.13,0.43
5836,Perisabile,[Perisabile] Adeziv Industrial Model 46,37,17,261.64,386.81,0.113
5837,Perisabile,[Perisabile] Solutie Curatare Frane Model 76,38,17,268.75,509.39,0.456
5838,Auto,Filtru Aer Model 3,46,16,255.41,547.79,0.301
5839,Auto,Furtun Intercooler 2.0 TDI Model 90,11,9,143.74,332.9,0.488
5840,Electronice,[Electronice] Modul Transmisie LoRa Model 11,94,18,267.08,607.41,0.06
5841,Perisabile,[Perisabile] Adeziv Industrial Model 50,122,15,38.48,53.83,0.461
5842,Perisabile,[Perisabile] Adeziv Industrial Model 18,58,5,61.81,112.87,0.468
5843,Electronice,[Electronice] Modul Transmisie LoRa Model 3,19,13,97.42,210.03,0.424
5844,Hardware,Trusa Tubulare Model 57,112,5,260.84,429.52,0.256
5845,Auto,Rulment Roata Fata Model 36,149,16,255.03,497.93,0.429
5846,Hardware,Set Imbusuri Model 50,53,18,54.87,68.6,0.056
5847,Auto,Furtun Intercooler 2.0 TDI Model 36,25,7,113.38,174.59,0.264
5848,Perisabile,[Perisabile] Solutie Curatare Frane Model 65,147,14,276.2,450.33,0.081
5849,Hardware,Cheie Dinamometrica Model 1,73,15,81.53,155.21,0.093
5850,Perisabile,[Perisabile] Spray Degripant Model 78,61,5,87.01,124.77,0.033
5851,Hardware,Cheie Dinamometrica Model 55,100,15,10.42,17.55,0.377
5852,Auto,Set Placute Frana Model 47,85,11,281.02,660.82,0.254
5853,Perisabile,[Perisabile] Spray Degripant Model 87,59,10,139.0,324.95,0.251
5854,Electronice,[Electronice] Sursa Laborator Model 95,10,7,133.74,249.4,0.015
5855,Perisabile,[Perisabile] Adeziv Industrial Model 50,128,10,25.89,32.8,0.374
5856,Electronice,[Electronice] Modul Transmisie LoRa Model 68,21,10,205.82,372.02,0.298
5857,Auto,Furtun Intercooler 2.0 TDI Model 30,1,8,22.01,46.85,0.491
5858,Auto,Furtun Intercooler 2.0 TDI Model 81,32,12,117.35,274.61,0.408
5859,Hardware,Incarcator Gaz Model 6,91,8,198.15,419.48,0.044
5860,Perisabile,[Perisabile] Solutie Curatare Frane Model 93,101,19,193.37,376.98,0.221
5861,Auto,Set Placute Frana Model 92,96,9,167.2,405.56,0.118
5862,Auto,Set Placute Frana Model 63,139,10,73.64,151.4,0.124
5863,Perisabile,[Perisabile] Adeziv Industrial Model 44,55,5,199.7,344.63,0.338
5864,Hardware,Cheie Dinamometrica Model 66,110,16,129.98,244.6,0.466
5865,Hardware,Cheie Dinamometrica Model 75,98,5,207.34,293.92,0.052
5866,Electronice,[Electronice] Osciloscop Model 15,14,16,254.61,489.57,0.192
5867,Electronice,[Electronice] Sursa Laborator Model 6,18,11,256.4,503.7,0.491
5868,Hardware,Trusa Tubulare Model 58,16,16,118.15,145.02,0.496
5869,Perisabile,[Perisabile] Adeziv Industrial Model 50,1,15,61.56,122.22,0.034
5870,Electronice,[Electronice] Modul Transmisie LoRa Model 94,138,11,274.61,378.14,0.161
5871,Electronice,[Electronice] Osciloscop Model 17,124,19,111.13,184.74,0.125
5872,Electronice,[Electronice] Osciloscop Model 89,25,8,83.45,140.88,0.336
5873,Auto,Furtun Intercooler 2.0 TDI Model 1,144,12,165.66,234.17,0.102
5874,Auto,Set Placute Frana Model 19,72,18,145.9,221.0,0.415
5875,Electronice,[Electronice] Sursa Laborator Model 30,105,9,31.4,38.94,0.37
5876,Auto,Set Placute Frana Model 19,116,16,283.44,594.56,0.364
5877,Hardware,Set Imbusuri Model 17,132,5,113.72,270.95,0.241
5878,Perisabile,[Perisabile] Spray Degripant Model 52,30,11,206.36,343.44,0.217
5879,Hardware,Set Imbusuri Model 48,48,16,11.27,27.99,0.105
5880,Perisabile,[Perisabile] Spray Degripant Model 39,98,14,186.13,451.4,0.469
5881,Hardware,Cheie Dinamometrica Model 49,134,6,214.44,484.54,0.327
5882,Auto,Furtun Intercooler 2.0 TDI Model 29,121,7,49.33,120.32,0.342
5883,Electronice,[Electronice] Sursa Laborator Model 29,7,20,55.38,121.68,0.46
5884,Perisabile,[Perisabile] Spray Degripant Model 37,117,16,70.78,143.98,0.045
5885,Hardware,Incarcator Gaz Model 71,14,10,160.43,295.16,0.301
5886,Hardware,Set Imbusuri Model 20,94,10,236.31,332.1,0.31
5887,Electronice,[Electronice] Osciloscop Model 64,99,14,38.23,61.67,0.424
5888,Electronice,[Electronice] Osciloscop Model 14,68,7,229.34,393.7,0.089
5889,Auto,Filtru Aer Model 94,101,16,217.68,465.02,0.25
5890,Electronice,[Electronice] Multimetru Analogic Model 53,23,14,158.52,326.81,0.328
5891,Hardware,Set Imbusuri Model 54,0,11,128.85,158.07,0.396
5892,Perisabile,[Perisabile] Adeziv Industrial Model 91,16,11,168.69,408.27,0.103
5893,Auto,Baterie 12V 70Ah Model 63,112,15,155.5,252.58,0.261
5894,Hardware,Trusa Tubulare Model 19,57,17,130.89,242.23,0.259
5895,Hardware,Trusa Tubulare Model 81,53,10,157.33,299.61,0.023
5896,Hardware,Cheie Dinamometrica Model 82,66,18,220.48,478.46,0.201
5897,Electronice,[Electronice] Multimetru Analogic Model 58,4,19,163.45,327.56,0.302
5898,Auto,Rulment Roata Fata Model 23,102,10,10.74,26.43,0.287
5899,Hardware,Cheie Dinamometrica Model 11,24,9,110.08,230.47,0.133
5900,Auto,Filtru Aer Model 94,108,8,77.92,133.02,0.064
5901,Electronice,[Electronice] Sursa Laborator Model 40,26,7,45.62,61.38,0.262
5902,Auto,Senzor Debitmetru Model 95,134,7,148.82,193.15,0.49
5903,Auto,Rulment Roata Fata Model 61,77,13,46.56,68.88,0.117
5904,Hardware,Cheie Dinamometrica Model 86,29,17,189.94,313.7,0.358
5905,Auto,Senzor Debitmetru Model 5,1,5,120.91,273.51,0.423
5906,Electronice,[Electronice] Multimetru Analogic Model 84,22,10,134.29,203.14,0.374
5907,Auto,Baterie 12V 70Ah Model 31,115,19,293.95,610.79,0.184
5908,Perisabile,[Perisabile] Solutie Curatare Frane Model 10,57,9,275.73,476.17,0.478
5909,Auto,Baterie 12V 70Ah Model 38,40,13,201.35,444.72,0.105
5910,Perisabile,[Perisabile] Adeziv Industrial Model 1,42,18,226.03,318.37,0.35
5911,Electronice,[Electronice] Osciloscop Model 71,20,7,244.71,433.71,0.185
5912,Hardware,Cheie Dinamometrica Model 19,123,18,53.4,78.31,0.04
5913,Hardware,Trusa Tubulare Model 85,34,13,242.42,506.57,0.454
5914,Perisabile,[Perisabile] Solutie Curatare Frane Model 81,128,13,94.96,218.66,0.082
5915,Electronice,[Electronice] Sursa Laborator Model 57,143,17,158.61,379.73,0.029
5916,Perisabile,[Perisabile] Adeziv Industrial Model 21,113,14,247.66,349.93,0.407
5917,Perisabile,[Perisabile] Adeziv Industrial Model 19,122,13,67.75,106.94,0.215
5918,Hardware,Set Imbusuri Model 15,66,7,127.78,189.14,0.434
5919,Perisabile,[Perisabile] Spray Degripant Model 39,2,9,154.72,249.22,0.207
5920,Perisabile,[Perisabile] Solutie Curatare Frane Model 85,142,19,259.98,391.36,0.154
5921,Hardware,Cheie Dinamometrica Model 74,3,5,148.25,236.57,0.069
5922,Auto,Senzor Debitmetru Model 50,13,18,291.65,616.99,0.356
5923,Hardware,Trusa Tubulare Model 32,53,20,67.13,119.37,0.191
5924,Electronice,[Electronice] Osciloscop Model 88,40,9,213.9,424.85,0.252
5925,Perisabile,[Perisabile] Spray Degripant Model 43,100,14,279.66,652.72,0.158
5926,Electronice,[Electronice] Multimetru Analogic Model 13,5,16,269.09,649.8,0.015
5927,Perisabile,[Perisabile] Solutie Curatare Frane Model 15,43,20,215.53,459.74,0.466
5928,Auto,Senzor Debitmetru Model 76,140,9,187.62,407.43,0.486
5929,Electronice,[Electronice] Osciloscop Model 99,148,5,31.43,78.51,0.139
5930,Hardware,Cheie Dinamometrica Model 96,76,18,144.47,236.37,0.269
5931,Electronice,[Electronice] Multimetru Analogic Model 85,134,20,192.73,402.12,0.257
5932,Perisabile,[Perisabile] Spray Degripant Model 69,18,7,210.4,281.15,0.452
5933,Hardware,Trusa Tubulare Model 84,55,6,130.86,203.35,0.277
5934,Perisabile,[Perisabile] Adeziv Industrial Model 72,86,18,87.61,183.04,0.137
5935,Hardware,Set Imbusuri Model 16,82,5,64.58,125.66,0.378
5936,Perisabile,[Perisabile] Solutie Curatare Frane Model 21,84,20,22.63,43.7,0.438
5937,Hardware,Trusa Tubulare Model 99,80,20,94.47,139.78,0.079
5938,Hardware,Cheie Dinamometrica Model 89,88,13,52.37,105.07,0.396
5939,Electronice,[Electronice] Osciloscop Model 57,19,15,35.85,70.18,0.328
5940,Perisabile,[Perisabile] Solutie Curatare Frane Model 90,84,7,212.08,373.37,0.276
5941,Perisabile,[Perisabile] Solutie Curatare Frane Model 92,41,7,258.03,518.39,0.362
5942,Hardware,Incarcator Gaz Model 63,68,9,139.07,180.48,0.076
5943,Perisabile,[Perisabile] Solutie Curatare Frane Model 24,145,12,25.31,45.79,0.479
5944,Hardware,Trusa Tubulare Model 92,35,6,95.54,220.18,0.354
5945,Auto,Rulment Roata Fata Model 96,17,14,153.65,251.4,0.203
5946,Perisabile,[Perisabile] Solutie Curatare Frane Model 46,103,5,109.23,252.7,0.465
5947,Perisabile,[Perisabile] Spray Degripant Model 35,31,8,146.05,187.77,0.287
5948,Hardware,Set Imbusuri Model 37,89,20,270.44,639.19,0.187
5949,Perisabile,[Perisabile] Adeziv Industrial Model 93,92,7,255.79,385.68,0.247
5950,Electronice,[Electronice] Sursa Laborator Model 90,12,13,62.39,77.86,0.016
5951,Auto,Senzor Debitmetru Model 36,25,6,106.46,229.96,0.466
5952,Perisabile,[Perisabile] Spray Degripant Model 65,115,19,259.35,529.0,0.347
5953,Auto,Senzor Debitmetru Model 32,5,12,15.51,36.09,0.035
5954,Hardware,Set Imbusuri Model 51,147,18,87.28,130.33,0.243
5955,Electronice,[Electronice] Sursa Laborator Model 4,2,6,54.57,104.28,0.179
5956,Electronice,[Electronice] Multimetru Analogic Model 22,43,17,49.62,94.73,0.054
5957,Hardware,Cheie Dinamometrica Model 8,107,8,184.21,349.76,0.266
5958,Hardware,Trusa Tubulare Model 30,140,13,239.44,584.12,0.047
5959,Auto,Rulment Roata Fata Model 27,47,10,88.14,145.31,0.164
5960,Auto,Senzor Debitmetru Model 8,38,18,43.71,55.85,0.132
5961,Perisabile,[Perisabile] Spray Degripant Model 22,21,11,220.66,468.6,0.434
5962,Hardware,Set Imbusuri Model 16,87,12,18.23,22.74,0.466
5963,Electronice,[Electronice] Multimetru Analogic Model 96,43,12,65.0,138.35,0.278
5964,Perisabile,[Perisabile] Adeziv Industrial Model 81,80,14,50.47,118.61,0.015
5965,Perisabile,[Perisabile] Solutie Curatare Frane Model 88,140,20,275.02,389.56,0.244
5966,Perisabile,[Perisabile] Solutie Curatare Frane Model 45,68,8,142.69,260.31,0.44
5967,Auto,Baterie 12V 70Ah Model 42,113,7,13.58,18.37,0.296
5968,Electronice,[Electronice] Modul Transmisie LoRa Model 94,39,17,189.81,383.63,0.483
5969,Perisabile,[Perisabile] Adeziv Industrial Model 33,64,10,117.72,154.38,0.037
5970,Electronice,[Electronice] Modul Transmisie LoRa Model 15,110,13,40.64,88.7,0.239
5971,Perisabile,[Perisabile] Adeziv Industrial Model 41,106,16,219.29,407.47,0.017
5972,Auto,Baterie 12V 70Ah Model 24,131,7,59.05,128.11,0.397
5973,Perisabile,[Perisabile] Adeziv Industrial Model 39,119,18,293.88,357.37,0.08
5974,Hardware,Cheie Dinamometrica Model 5,88,13,243.52,364.28,0.066
5975,Electronice,[Electronice] Sursa Laborator Model 74,54,17,40.34,58.3,0.262
5976,Electronice,[Electronice] Modul Transmisie LoRa Model 66,29,8,285.97,502.31,0.051
5977,Hardware,Set Imbusuri Model 71,127,5,18.23,35.89,0.486
5978,Hardware,Set Imbusuri Model 86,126,11,230.86,342.04,0.435
5979,Hardware,Cheie Dinamometrica Model 43,57,13,210.96,388.3,0.334
5980,Perisabile,[Perisabile] Solutie Curatare Frane Model 63,66,16,177.26,418.38,0.078
5981,Electronice,[Electronice] Multimetru Analogic Model 49,107,18,246.37,483.19,0.465
5982,Auto,Senzor Debitmetru Model 29,117,13,54.26,103.57,0.381
5983,Electronice,[Electronice] Osciloscop Model 19,98,7,84.33,194.42,0.05
5984,Electronice,[Electronice] Modul Transmisie LoRa Model 39,17,9,211.88,317.72,0.334
5985,Hardware,Cheie Dinamometrica Model 97,12,5,247.53,507.38,0.352
5986,Auto,Senzor Debitmetru Model 80,2,12,218.88,385.45,0.047
5987,Hardware,Incarcator Gaz Model 31,97,12,213.09,462.54,0.033
5988,Auto,Filtru Aer Model 13,17,5,101.47,251.7,0.423
5989,Hardware,Cheie Dinamometrica Model 32,66,5,171.25,285.4,0.406
5990,Hardware,Incarcator Gaz Model 32,130,9,297.28,617.49,0.298
5991,Hardware,Incarcator Gaz Model 50,33,6,253.33,410.69,0.134
5992,Hardware,Incarcator Gaz Model 54,9,18,224.95,454.83,0.163
5993,Electronice,[Electronice] Osciloscop Model 6,91,11,256.26,459.63,0.222
5994,Hardware,Set Imbusuri Model 38,112,12,116.98,157.19,0.145
5995,Perisabile,[Perisabile] Adeziv Industrial Model 65,110,7,202.68,369.96,0.125
5996,Auto,Senzor Debitmetru Model 1,115,17,34.61,43.31,0.202
5997,Electronice,[Electronice] Multimetru Analogic Model 22,70,13,113.83,273.26,0.489
5998,Hardware,Incarcator Gaz Model 74,58,17,273.51,469.47,0.49
5999,Electronice,[Electronice] Modul Transmisie LoRa Model 65,14,13,182.05,370.37,0.34
6000,Electronice,[Electronice] Modul Transmisie LoRa Model 5,75,11,257.32,441.19,0.109
6001,Hardware,Set Imbusuri Model 52,124,9,99.22,133.41,0.06
6002,Perisabile,[Perisabile] Solutie Curatare Frane Model 5,133,11,277.61,451.63,0.259
6003,Auto,Rulment Roata Fata Model 51,119,20,258.01,577.21,0.029
6004,Perisabile,[Perisabile] Solutie Curatare Frane Model 76,125,7,72.64,116.16,0.227
6005,Auto,Senzor Debitmetru Model 90,39,9,95.62,157.47,0.121
6006,Hardware,Trusa Tubulare Model 92,123,14,116.23,195.21,0.443
6007,Hardware,Set Imbusuri Model 79,32,6,195.47,293.63,0.209
6008,Perisabile,[Perisabile] Solutie Curatare Frane Model 17,85,8,152.76,356.86,0.118
6009,Electronice,[Electronice] Multimetru Analogic Model 18,118,5,23.06,39.8,0.406
6010,Auto,Furtun Intercooler 2.0 TDI Model 21,18,14,281.47,616.67,0.454
6011,Hardware,Trusa Tubulare Model 32,63,20,225.27,372.65,0.018
6012,Hardware,Incarcator Gaz Model 28,81,10,117.78,145.63,0.428
6013,Auto,Senzor Debitmetru Model 77,133,17,246.38,356.2,0.236
6014,Hardware,Incarcator Gaz Model 12,101,5,118.88,156.62,0.056
6015,Auto,Senzor Debitmetru Model 47,59,19,43.51,76.75,0.212
6016,Auto,Rulment Roata Fata Model 19,136,13,24.81,43.53,0.493
6017,Perisabile,[Perisabile] Spray Degripant Model 32,43,7,14.37,30.07,0.132
6018,Perisabile,[Perisabile] Solutie Curatare Frane Model 20,11,9,246.85,549.9,0.123
6019,Electronice,[Electronice] Modul Transmisie LoRa Model 55,67,7,127.5,183.61,0.014
6020,Hardware,Trusa Tubulare Model 88,115,7,179.41,219.28,0.024
6021,Electronice,[Electronice] Multimetru Analogic Model 47,94,19,77.12,106.38,0.218
6022,Auto,Baterie 12V 70Ah Model 67,88,6,264.94,353.64,0.249
6023,Perisabile,[Perisabile] Adeziv Industrial Model 73,76,11,236.23,323.34,0.09
6024,Perisabile,[Perisabile] Adeziv Industrial Model 42,109,19,296.16,413.93,0.478
6025,Hardware,Set Imbusuri Model 95,68,7,204.04,423.23,0.397
6026,Perisabile,[Perisabile] Spray Degripant Model 76,41,7,113.88,248.54,0.127
6027,Hardware,Set Imbusuri Model 83,146,15,248.32,473.22,0.386
6028,Hardware,Cheie Dinamometrica Model 15,128,8,117.58,223.77,0.011
6029,Auto,Baterie 12V 70Ah Model 97,58,16,10.42,16.81,0.473
6030,Hardware,Trusa Tubulare Model 83,43,5,87.23,128.52,0.275
6031,Electronice,[Electronice] Sursa Laborator Model 10,15,10,112.34,221.36,0.069
6032,Hardware,Cheie Dinamometrica Model 4,26,18,160.04,387.76,0.107
6033,Hardware,Trusa Tubulare Model 47,104,12,62.85,78.74,0.308
6034,Auto,Set Placute Frana Model 8,71,17,183.99,394.24,0.433
6035,Electronice,[Electronice] Osciloscop Model 30,86,15,82.64,153.81,0.335
6036,Electronice,[Electronice] Sursa Laborator Model 31,88,5,116.97,239.99,0.355
6037,Electronice,[Electronice] Modul Transmisie LoRa Model 55,28,16,100.84,214.46,0.43
6038,Perisabile,[Perisabile] Solutie Curatare Frane Model 91,14,6,152.81,222.14,0.066
6039,Hardware,Set Imbusuri Model 96,119,11,190.34,450.08,0.317
6040,Hardware,Trusa Tubulare Model 7,1,5,168.99,264.92,0.407
6041,Perisabile,[Perisabile] Adeziv Industrial Model 22,122,13,57.88,80.28,0.18
6042,Perisabile,[Perisabile] Adeziv Industrial Model 93,130,15,260.12,549.98,0.228
6043,Auto,Baterie 12V 70Ah Model 74,137,6,61.27,138.3,0.43
6044,Electronice,[Electronice] Modul Transmisie LoRa Model 39,44,8,118.47,259.64,0.409
6045,Auto,Filtru Aer Model 50,47,17,132.24,174.81,0.085
6046,Auto,Baterie 12V 70Ah Model 41,71,7,261.44,505.19,0.326
6047,Hardware,Trusa Tubulare Model 34,149,19,274.36,511.55,0.33
6048,Auto,Senzor Debitmetru Model 70,25,15,60.04,125.91,0.455
6049,Hardware,Cheie Dinamometrica Model 42,39,16,272.6,467.05,0.304
6050,Perisabile,[Perisabile] Adeziv Industrial Model 3,143,12,191.76,383.74,0.359
6051,Hardware,Trusa Tubulare Model 64,3,18,30.84,57.35,0.172
6052,Electronice,[Electronice] Modul Transmisie LoRa Model 34,95,10,238.66,313.92,0.108
6053,Perisabile,[Perisabile] Adeziv Industrial Model 16,26,8,125.05,307.29,0.399
6054,Perisabile,[Perisabile] Adeziv Industrial Model 41,4,6,113.6,180.23,0.383
6055,Perisabile,[Perisabile] Spray Degripant Model 69,126,11,19.39,31.8,0.454
6056,Hardware,Trusa Tubulare Model 10,80,15,175.62,336.17,0.035
6057,Hardware,Trusa Tubulare Model 25,114,15,10.95,18.53,0.43
6058,Hardware,Cheie Dinamometrica Model 44,64,8,249.25,504.1,0.231
6059,Auto,Rulment Roata Fata Model 79,3,7,40.71,53.81,0.265
6060,Perisabile,[Perisabile] Adeziv Industrial Model 78,149,10,71.24,92.55,0.242
6061,Perisabile,[Perisabile] Solutie Curatare Frane Model 45,144,14,52.04,64.96,0.239
6062,Hardware,Incarcator Gaz Model 55,76,14,183.65,311.42,0.293
6063,Electronice,[Electronice] Osciloscop Model 17,144,11,294.9,523.99,0.383
6064,Hardware,Cheie Dinamometrica Model 50,118,13,278.63,383.89,0.292
6065,Perisabile,[Perisabile] Spray Degripant Model 1,126,7,69.08,166.05,0.386
6066,Auto,Baterie 12V 70Ah Model 44,134,15,126.71,225.9,0.345
6067,Electronice,[Electronice] Modul Transmisie LoRa Model 90,86,5,132.3,276.44,0.021
6068,Electronice,[Electronice] Osciloscop Model 5,54,20,255.95,456.11,0.048
6069,Perisabile,[Perisabile] Spray Degripant Model 47,20,18,140.61,312.3,0.121
6070,Hardware,Cheie Dinamometrica Model 21,21,14,224.58,362.94,0.469
6071,Hardware,Trusa Tubulare Model 10,87,18,65.57,88.83,0.381
6072,Auto,Filtru Aer Model 89,103,18,105.82,160.8,0.429
6073,Hardware,Set Imbusuri Model 19,43,6,80.03,190.51,0.383
6074,Perisabile,[Perisabile] Spray Degripant Model 99,86,15,186.72,310.24,0.267
6075,Auto,Furtun Intercooler 2.0 TDI Model 93,62,9,57.63,135.13,0.103
6076,Perisabile,[Perisabile] Solutie Curatare Frane Model 48,128,5,110.54,192.53,0.33
6077,Electronice,[Electronice] Multimetru Analogic Model 86,57,14,73.39,95.18,0.094
6078,Perisabile,[Perisabile] Solutie Curatare Frane Model 67,5,5,281.8,516.18,0.362
6079,Electronice,[Electronice] Modul Transmisie LoRa Model 14,2,9,235.84,437.24,0.352
6080,Perisabile,[Perisabile] Adeziv Industrial Model 1,68,9,163.22,307.9,0.206
6081,Electronice,[Electronice] Modul Transmisie LoRa Model 13,93,18,175.44,273.43,0.266
6082,Hardware,Cheie Dinamometrica Model 38,138,10,229.23,440.16,0.044
6083,Perisabile,[Perisabile] Adeziv Industrial Model 82,27,11,206.4,413.59,0.169
6084,Electronice,[Electronice] Osciloscop Model 79,108,11,127.56,166.22,0.464
6085,Hardware,Set Imbusuri Model 21,113,6,268.37,517.2,0.36
6086,Perisabile,[Perisabile] Adeziv Industrial Model 64,86,10,105.26,218.95,0.362
6087,Electronice,[Electronice] Multimetru Analogic Model 43,6,7,265.48,323.65,0.414
6088,Auto,Furtun Intercooler 2.0 TDI Model 9,81,17,211.49,367.21,0.067
6089,Auto,Set Placute Frana Model 71,8,17,213.61,503.54,0.248
6090,Perisabile,[Perisabile] Adeziv Industrial Model 5,35,9,285.12,671.8,0.121
6091,Electronice,[Electronice] Osciloscop Model 93,73,13,201.96,315.8,0.202
6092,Hardware,Cheie Dinamometrica Model 69,116,13,238.65,492.89,0.15
6093,Electronice,[Electronice] Osciloscop Model 14,20,12,159.77,326.59,0.155
6094,Hardware,Trusa Tubulare Model 82,80,18,38.0,80.69,0.393
6095,Hardware,Trusa Tubulare Model 52,140,15,26.83,45.93,0.348
6096,Electronice,[Electronice] Multimetru Analogic Model 34,80,16,236.58,369.15,0.038
6097,Electronice,[Electronice] Osciloscop Model 27,5,11,51.2,94.99,0.268
6098,Electronice,[Electronice] Osciloscop Model 80,109,10,281.26,475.55,0.224
6099,Hardware,Set Imbusuri Model 50,72,6,261.08,354.55,0.171
6100,Perisabile,[Perisabile] Adeziv Industrial Model 90,84,12,256.88,396.54,0.401
6101,Auto,Senzor Debitmetru Model 29,96,10,211.09,323.97,0.198
6102,Perisabile,[Perisabile] Solutie Curatare Frane Model 97,28,14,141.78,175.66,0.478
6103,Electronice,[Electronice] Sursa Laborator Model 79,51,17,217.58,378.66,0.33
6104,Perisabile,[Perisabile] Adeziv Industrial Model 56,112,16,55.29,78.24,0.095
6105,Auto,Filtru Aer Model 34,12,14,140.84,300.77,0.273
6106,Auto,Furtun Intercooler 2.0 TDI Model 94,132,8,229.88,425.94,0.342
6107,Auto,Filtru Aer Model 9,140,14,44.07,105.97,0.117
6108,Hardware,Set Imbusuri Model 61,138,16,122.15,299.75,0.304
6109,Hardware,Set Imbusuri Model 35,51,14,11.51,19.97,0.415
6110,Electronice,[Electronice] Osciloscop Model 38,144,10,95.4,158.13,0.478
6111,Electronice,[Electronice] Osciloscop Model 38,84,11,234.33,511.51,0.484
6112,Perisabile,[Perisabile] Adeziv Industrial Model 61,1,15,87.22,158.48,0.402
6113,Auto,Rulment Roata Fata Model 24,41,10,243.97,523.57,0.2
6114,Perisabile,[Perisabile] Spray Degripant Model 85,131,19,227.74,304.16,0.216
6115,Auto,Filtru Aer Model 31,39,8,278.96,624.03,0.336
6116,Hardware,Set Imbusuri Model 29,56,10,96.28,188.31,0.49
6117,Electronice,[Electronice] Osciloscop Model 51,107,5,104.06,157.26,0.297
6118,Hardware,Set Imbusuri Model 82,97,8,160.05,285.64,0.172
6119,Hardware,Set Imbusuri Model 14,51,10,32.31,71.42,0.023
6120,Auto,Rulment Roata Fata Model 37,147,5,108.92,163.78,0.086
6121,Hardware,Trusa Tubulare Model 21,23,9,159.84,378.79,0.412
6122,Perisabile,[Perisabile] Spray Degripant Model 16,39,5,159.68,296.42,0.239
6123,Auto,Furtun Intercooler 2.0 TDI Model 29,115,5,148.96,268.48,0.074
6124,Electronice,[Electronice] Sursa Laborator Model 79,22,20,88.67,212.24,0.336
6125,Hardware,Set Imbusuri Model 71,50,19,266.68,493.73,0.18
6126,Auto,Baterie 12V 70Ah Model 66,63,18,132.18,296.9,0.459
6127,Auto,Set Placute Frana Model 38,68,17,32.2,68.3,0.42
6128,Auto,Rulment Roata Fata Model 59,61,16,262.83,456.22,0.197
6129,Perisabile,[Perisabile] Adeziv Industrial Model 20,80,14,68.28,112.51,0.027
6130,Hardware,Trusa Tubulare Model 44,65,14,266.29,641.98,0.077
6131,Electronice,[Electronice] Sursa Laborator Model 52,31,6,172.26,291.57,0.19
6132,Auto,Senzor Debitmetru Model 33,70,12,27.45,48.71,0.076
6133,Hardware,Incarcator Gaz Model 65,79,10,253.68,593.46,0.052
6134,Hardware,Incarcator Gaz Model 33,146,14,149.95,196.21,0.324
6135,Auto,Set Placute Frana Model 20,141,12,156.49,382.18,0.376
6136,Electronice,[Electronice] Sursa Laborator Model 74,44,9,23.19,31.16,0.071
6137,Electronice,[Electronice] Modul Transmisie LoRa Model 20,147,13,74.06,179.62,0.354
6138,Auto,Senzor Debitmetru Model 13,86,5,229.2,534.94,0.092
6139,Hardware,Cheie Dinamometrica Model 28,69,20,277.44,343.63,0.249
6140,Auto,Rulment Roata Fata Model 33,59,17,115.15,278.98,0.054
6141,Auto,Rulment Roata Fata Model 15,112,16,27.39,46.93,0.467
6142,Electronice,[Electronice] Sursa Laborator Model 59,86,10,164.82,398.14,0.17
6143,Perisabile,[Perisabile] Adeziv Industrial Model 29,20,9,121.2,286.37,0.443
6144,Auto,Baterie 12V 70Ah Model 68,99,6,256.47,349.2,0.22
6145,Auto,Baterie 12V 70Ah Model 46,16,8,179.32,235.53,0.34
6146,Perisabile,[Perisabile] Spray Degripant Model 45,15,9,148.05,307.67,0.173
6147,Auto,Rulment Roata Fata Model 65,76,13,274.47,384.78,0.128
6148,Perisabile,[Perisabile] Adeziv Industrial Model 69,100,18,159.65,348.72,0.101
6149,Hardware,Incarcator Gaz Model 65,31,6,72.24,117.88,0.074
6150,Perisabile,[Perisabile] Adeziv Industrial Model 59,48,10,95.6,167.06,0.455
6151,Hardware,Cheie Dinamometrica Model 72,27,15,232.45,292.83,0.403
6152,Auto,Filtru Aer Model 90,81,9,73.8,173.39,0.431
6153,Auto,Rulment Roata Fata Model 55,79,17,47.75,68.47,0.46
6154,Hardware,Cheie Dinamometrica Model 11,71,15,168.96,226.52,0.482
6155,Perisabile,[Perisabile] Spray Degripant Model 23,89,18,270.61,555.02,0.461
6156,Electronice,[Electronice] Multimetru Analogic Model 18,77,17,99.16,241.65,0.412
6157,Electronice,[Electronice] Modul Transmisie LoRa Model 67,86,9,297.87,358.64,0.276
6158,Perisabile,[Perisabile] Solutie Curatare Frane Model 38,19,12,130.58,177.86,0.129
6159,Perisabile,[Perisabile] Adeziv Industrial Model 68,149,14,257.64,436.42,0.279
6160,Auto,Set Placute Frana Model 44,67,20,280.74,680.09,0.26
6161,Hardware,Incarcator Gaz Model 90,23,13,101.12,202.81,0.257
6162,Electronice,[Electronice] Modul Transmisie LoRa Model 44,70,20,188.32,291.22,0.288
6163,Perisabile,[Perisabile] Adeziv Industrial Model 15,91,12,10.19,13.88,0.433
6164,Electronice,[Electronice] Modul Transmisie LoRa Model 96,48,5,212.86,422.96,0.346
6165,Auto,Set Placute Frana Model 53,87,15,137.4,195.12,0.078
6166,Perisabile,[Perisabile] Adeziv Industrial Model 3,147,9,50.95,85.24,0.479
6167,Electronice,[Electronice] Multimetru Analogic Model 19,11,16,15.56,28.96,0.222
6168,Electronice,[Electronice] Sursa Laborator Model 97,14,17,79.51,132.25,0.389
6169,Auto,Rulment Roata Fata Model 65,10,14,223.28,378.62,0.366
6170,Electronice,[Electronice] Modul Transmisie LoRa Model 3,12,10,69.39,172.79,0.457
6171,Perisabile,[Perisabile] Adeziv Industrial Model 99,89,10,121.38,202.73,0.044
6172,Auto,Baterie 12V 70Ah Model 33,117,13,116.41,184.01,0.459
6173,Electronice,[Electronice] Osciloscop Model 80,37,5,217.59,334.13,0.303
6174,Electronice,[Electronice] Sursa Laborator Model 26,45,11,231.18,413.31,0.38
6175,Auto,Senzor Debitmetru Model 5,64,5,159.07,295.2,0.411
6176,Auto,Filtru Aer Model 34,143,19,227.48,335.49,0.118
6177,Perisabile,[Perisabile] Solutie Curatare Frane Model 72,22,5,245.15,487.91,0.265
6178,Hardware,Incarcator Gaz Model 56,119,13,119.42,252.69,0.402
6179,Hardware,Set Imbusuri Model 98,87,14,268.74,596.56,0.21
6180,Electronice,[Electronice] Osciloscop Model 58,60,7,146.28,272.73,0.098
6181,Electronice,[Electronice] Multimetru Analogic Model 14,148,5,265.45,339.76,0.287
6182,Electronice,[Electronice] Multimetru Analogic Model 21,114,7,237.05,520.45,0.452
6183,Electronice,[Electronice] Sursa Laborator Model 47,42,8,84.35,162.22,0.121
6184,Electronice,[Electronice] Osciloscop Model 87,79,10,227.5,546.63,0.204
6185,Electronice,[Electronice] Multimetru Analogic Model 49,137,15,126.73,253.04,0.09
6186,Perisabile,[Perisabile] Spray Degripant Model 28,118,18,150.45,329.74,0.114
6187,Auto,Senzor Debitmetru Model 72,90,12,161.6,285.3,0.102
6188,Perisabile,[Perisabile] Solutie Curatare Frane Model 52,115,13,261.73,413.38,0.454
6189,Hardware,Set Imbusuri Model 1,84,20,142.65,342.07,0.311
6190,Auto,Baterie 12V 70Ah Model 91,82,16,210.06,473.87,0.019
6191,Perisabile,[Perisabile] Adeziv Industrial Model 38,67,19,226.5,561.66,0.208
6192,Electronice,[Electronice] Multimetru Analogic Model 75,135,6,184.52,425.53,0.064
6193,Electronice,[Electronice] Sursa Laborator Model 25,43,19,94.52,166.81,0.436
6194,Perisabile,[Perisabile] Solutie Curatare Frane Model 17,30,14,205.72,360.92,0.099
6195,Perisabile,[Perisabile] Spray Degripant Model 49,136,15,111.36,257.6,0.224
6196,Auto,Furtun Intercooler 2.0 TDI Model 5,28,13,248.38,600.62,0.193
6197,Electronice,[Electronice] Multimetru Analogic Model 55,7,18,296.97,588.4,0.456
6198,Auto,Filtru Aer Model 37,45,9,43.63,81.65,0.343
6199,Auto,Senzor Debitmetru Model 82,60,12,53.61,87.64,0.185
6200,Hardware,Trusa Tubulare Model 76,22,16,189.58,311.68,0.486
6201,Electronice,[Electronice] Sursa Laborator Model 23,26,17,32.13,66.22,0.193
6202,Perisabile,[Perisabile] Adeziv Industrial Model 13,134,7,272.92,594.38,0.388
6203,Hardware,Incarcator Gaz Model 21,5,6,194.58,332.95,0.13
6204,Hardware,Incarcator Gaz Model 75,25,13,63.76,130.26,0.496
6205,Auto,Filtru Aer Model 19,4,6,238.05,476.86,0.229
6206,Hardware,Trusa Tubulare Model 95,51,18,93.56,219.04,0.016
6207,Hardware,Trusa Tubulare Model 52,144,15,186.75,390.06,0.327
6208,Electronice,[Electronice] Multimetru Analogic Model 35,14,15,218.06,347.78,0.485
6209,Electronice,[Electronice] Osciloscop Model 62,80,6,253.44,548.54,0.112
6210,Hardware,Cheie Dinamometrica Model 66,28,14,176.19,258.81,0.126
6211,Perisabile,[Perisabile] Adeziv Industrial Model 37,74,5,68.08,107.5,0.34
6212,Auto,Senzor Debitmetru Model 48,85,5,63.27,157.48,0.217
6213,Perisabile,[Perisabile] Solutie Curatare Frane Model 37,81,20,241.86,495.14,0.17
6214,Auto,Senzor Debitmetru Model 13,16,17,285.18,576.31,0.069
6215,Perisabile,[Perisabile] Adeziv Industrial Model 87,66,20,294.89,732.0,0.019
6216,Electronice,[Electronice] Sursa Laborator Model 98,6,17,34.21,82.63,0.433
6217,Perisabile,[Perisabile] Adeziv Industrial Model 31,127,9,15.06,37.12,0.389
6218,Hardware,Cheie Dinamometrica Model 46,40,11,255.97,536.96,0.47
6219,Auto,Set Placute Frana Model 98,75,16,43.29,100.57,0.258
6220,Hardware,Incarcator Gaz Model 5,22,10,58.71,118.34,0.379
6221,Auto,Furtun Intercooler 2.0 TDI Model 46,113,5,28.77,56.97,0.142
6222,Electronice,[Electronice] Osciloscop Model 29,111,10,291.58,543.95,0.205
6223,Hardware,Trusa Tubulare Model 94,88,15,192.8,405.45,0.119
6224,Perisabile,[Perisabile] Solutie Curatare Frane Model 27,89,17,270.73,419.35,0.316
6225,Auto,Filtru Aer Model 78,67,18,100.37,233.53,0.492
6226,Hardware,Trusa Tubulare Model 77,10,18,72.37,116.53,0.267
6227,Perisabile,[Perisabile] Solutie Curatare Frane Model 17,69,11,267.73,435.54,0.178
6228,Electronice,[Electronice] Multimetru Analogic Model 87,92,5,224.76,466.34,0.24
6229,Electronice,[Electronice] Sursa Laborator Model 23,107,8,208.87,392.71,0.277
6230,Hardware,Set Imbusuri Model 16,74,6,224.17,465.87,0.239
6231,Perisabile,[Perisabile] Spray Degripant Model 18,123,10,53.74,131.47,0.131
6232,Perisabile,[Perisabile] Adeziv Industrial Model 20,15,19,23.62,50.87,0.014
6233,Perisabile,[Perisabile] Solutie Curatare Frane Model 49,142,6,146.29,181.76,0.055
6234,Auto,Baterie 12V 70Ah Model 80,34,18,136.54,251.87,0.097
6235,Hardware,Incarcator Gaz Model 9,146,13,178.83,412.36,0.433
6236,Electronice,[Electronice] Modul Transmisie LoRa Model 59,84,7,86.25,150.06,0.143
6237,Electronice,[Electronice] Modul Transmisie LoRa Model 36,124,6,237.26,498.89,0.254
6238,Electronice,[Electronice] Osciloscop Model 72,11,15,13.08,19.64,0.244
6239,Hardware,Set Imbusuri Model 98,69,19,157.75,374.08,0.124
6240,Electronice,[Electronice] Multimetru Analogic Model 42,4,9,199.92,309.69,0.199
6241,Auto,Rulment Roata Fata Model 56,145,6,73.2,94.61,0.195
6242,Electronice,[Electronice] Sursa Laborator Model 31,31,12,232.04,558.84,0.207
6243,Hardware,Cheie Dinamometrica Model 14,45,10,74.26,159.22,0.496
6244,Auto,Baterie 12V 70Ah Model 72,8,16,34.04,64.16,0.249
6245,Electronice,[Electronice] Multimetru Analogic Model 17,134,20,205.24,420.94,0.279
6246,Perisabile,[Perisabile] Solutie Curatare Frane Model 11,80,16,201.42,428.8,0.183
6247,Auto,Furtun Intercooler 2.0 TDI Model 14,31,11,204.26,297.02,0.309
6248,Electronice,[Electronice] Osciloscop Model 44,143,6,270.82,367.54,0.472
6249,Hardware,Trusa Tubulare Model 63,112,20,38.62,85.58,0.358
6250,Perisabile,[Perisabile] Adeziv Industrial Model 9,117,15,205.68,346.94,0.29
6251,Hardware,Incarcator Gaz Model 44,124,17,242.91,411.42,0.315
6252,Hardware,Cheie Dinamometrica Model 50,63,7,133.42,234.13,0.171
6253,Electronice,[Electronice] Sursa Laborator Model 76,142,18,190.28,309.1,0.129
6254,Auto,Rulment Roata Fata Model 36,45,10,286.83,492.21,0.257
6255,Hardware,Set Imbusuri Model 34,49,9,146.28,198.89,0.476
6256,Perisabile,[Perisabile] Solutie Curatare Frane Model 18,33,10,238.78,432.07,0.483
6257,Perisabile,[Perisabile] Spray Degripant Model 98,85,8,30.09,51.38,0.056
6258,Perisabile,[Perisabile] Adeziv Industrial Model 11,94,16,131.47,245.72,0.179
6259,Electronice,[Electronice] Multimetru Analogic Model 68,39,9,87.47,185.11,0.202
6260,Electronice,[Electronice] Modul Transmisie LoRa Model 58,68,13,54.55,108.11,0.011
6261,Hardware,Trusa Tubulare Model 22,69,6,11.54,19.76,0.152
6262,Hardware,Cheie Dinamometrica Model 11,130,11,19.82,32.44,0.141
6263,Auto,Set Placute Frana Model 18,83,7,274.49,353.09,0.374
6264,Perisabile,[Perisabile] Solutie Curatare Frane Model 99,59,20,291.6,439.39,0.436
6265,Auto,Senzor Debitmetru Model 13,72,20,249.28,576.75,0.043
6266,Hardware,Cheie Dinamometrica Model 67,40,16,201.93,392.97,0.247
6267,Perisabile,[Perisabile] Spray Degripant Model 66,111,14,199.13,308.65,0.08
6268,Auto,Rulment Roata Fata Model 34,86,5,237.39,514.48,0.424
6269,Auto,Furtun Intercooler 2.0 TDI Model 12,119,7,53.23,104.34,0.161
6270,Auto,Rulment Roata Fata Model 72,144,6,283.79,486.04,0.303
6271,Auto,Rulment Roata Fata Model 91,132,10,71.84,95.62,0.374
6272,Electronice,[Electronice] Sursa Laborator Model 18,131,10,178.49,343.11,0.247
6273,Perisabile,[Perisabile] Adeziv Industrial Model 44,78,18,247.4,519.42,0.259
6274,Hardware,Incarcator Gaz Model 82,57,13,75.47,159.23,0.476
6275,Perisabile,[Perisabile] Solutie Curatare Frane Model 20,0,6,215.59,529.92,0.145
6276,Auto,Rulment Roata Fata Model 31,42,16,132.98,268.26,0.324
6277,Perisabile,[Perisabile] Solutie Curatare Frane Model 35,39,6,127.53,297.26,0.35
6278,Auto,Senzor Debitmetru Model 89,135,20,62.49,103.55,0.457
6279,Electronice,[Electronice] Multimetru Analogic Model 42,75,5,179.85,354.61,0.045
6280,Auto,Senzor Debitmetru Model 37,112,14,133.96,296.28,0.218
6281,Auto,Filtru Aer Model 69,6,9,272.47,626.0,0.136
6282,Electronice,[Electronice] Modul Transmisie LoRa Model 40,26,12,235.17,297.47,0.263
6283,Electronice,[Electronice] Sursa Laborator Model 84,22,12,294.21,714.73,0.207
6284,Auto,Set Placute Frana Model 94,38,19,30.73,44.66,0.246
6285,Perisabile,[Perisabile] Solutie Curatare Frane Model 75,81,5,238.55,470.68,0.426
6286,Auto,Rulment Roata Fata Model 5,22,16,290.65,441.73,0.422
6287,Auto,Senzor Debitmetru Model 16,28,18,63.35,80.59,0.118
6288,Perisabile,[Perisabile] Adeziv Industrial Model 54,40,14,170.16,231.92,0.401
6289,Auto,Filtru Aer Model 28,146,11,209.4,497.79,0.331
6290,Perisabile,[Perisabile] Spray Degripant Model 9,139,13,52.5,98.3,0.271
6291,Electronice,[Electronice] Modul Transmisie LoRa Model 84,89,12,159.88,220.78,0.397
6292,Perisabile,[Perisabile] Solutie Curatare Frane Model 41,66,17,40.47,72.79,0.055
6293,Auto,Filtru Aer Model 56,47,19,237.96,487.14,0.111
6294,Perisabile,[Perisabile] Adeziv Industrial Model 56,60,15,107.94,232.49,0.171
6295,Auto,Furtun Intercooler 2.0 TDI Model 16,111,9,105.43,242.56,0.227
6296,Auto,Rulment Roata Fata Model 90,8,16,118.66,235.31,0.456
6297,Hardware,Trusa Tubulare Model 80,76,5,246.01,603.57,0.188
6298,Hardware,Set Imbusuri Model 47,128,19,261.57,348.5,0.419
6299,Perisabile,[Perisabile] Solutie Curatare Frane Model 24,137,17,16.94,22.7,0.407
6300,Perisabile,[Perisabile] Solutie Curatare Frane Model 24,108,8,63.54,116.3,0.462
6301,Perisabile,[Perisabile] Adeziv Industrial Model 4,150,20,220.54,374.26,0.149
6302,Electronice,[Electronice] Multimetru Analogic Model 91,132,16,112.66,140.17,0.176
6303,Hardware,Incarcator Gaz Model 78,127,13,253.45,492.99,0.028
6304,Hardware,Trusa Tubulare Model 57,148,13,250.8,330.32,0.105
6305,Auto,Set Placute Frana Model 21,84,5,148.18,234.97,0.31
6306,Auto,Baterie 12V 70Ah Model 96,96,16,218.31,346.77,0.086
6307,Electronice,[Electronice] Multimetru Analogic Model 68,126,18,196.08,429.37,0.261
6308,Perisabile,[Perisabile] Adeziv Industrial Model 6,140,11,292.51,623.6,0.337
6309,Hardware,Set Imbusuri Model 93,73,15,95.1,149.59,0.277
6310,Electronice,[Electronice] Osciloscop Model 47,119,16,91.59,180.1,0.046
6311,Electronice,[Electronice] Sursa Laborator Model 50,70,18,152.37,375.72,0.264
6312,Electronice,[Electronice] Modul Transmisie LoRa Model 98,143,9,71.16,128.49,0.052
6313,Hardware,Trusa Tubulare Model 68,18,15,259.47,600.55,0.132
6314,Perisabile,[Perisabile] Spray Degripant Model 3,66,7,275.14,486.82,0.45
6315,Perisabile,[Perisabile] Solutie Curatare Frane Model 17,108,7,276.08,445.97,0.483
6316,Auto,Rulment Roata Fata Model 98,51,6,30.84,42.83,0.417
6317,Perisabile,[Perisabile] Adeziv Industrial Model 48,39,9,168.35,381.85,0.458
6318,Electronice,[Electronice] Osciloscop Model 66,146,12,80.62,135.05,0.112
6319,Perisabile,[Perisabile] Solutie Curatare Frane Model 34,10,6,85.21,106.53,0.413
6320,Perisabile,[Perisabile] Solutie Curatare Frane Model 24,73,8,246.82,505.5,0.307
6321,Auto,Baterie 12V 70Ah Model 17,71,15,114.92,192.69,0.236
6322,Auto,Filtru Aer Model 90,101,8,296.15,425.76,0.447
6323,Electronice,[Electronice] Osciloscop Model 91,37,16,160.45,237.79,0.031
6324,Perisabile,[Perisabile] Adeziv Industrial Model 60,1,6,223.3,448.66,0.045
6325,Electronice,[Electronice] Modul Transmisie LoRa Model 95,67,9,120.3,230.47,0.29
6326,Auto,Baterie 12V 70Ah Model 28,102,12,74.95,103.01,0.035
6327,Hardware,Set Imbusuri Model 90,84,8,67.54,160.34,0.292
6328,Perisabile,[Perisabile] Solutie Curatare Frane Model 93,78,10,266.18,622.22,0.471
6329,Electronice,[Electronice] Modul Transmisie LoRa Model 93,76,9,228.91,438.6,0.055
6330,Hardware,Trusa Tubulare Model 81,42,5,172.44,377.67,0.461
6331,Perisabile,[Perisabile] Spray Degripant Model 12,96,7,243.61,443.35,0.087
6332,Hardware,Cheie Dinamometrica Model 7,34,10,109.27,136.18,0.403
6333,Auto,Baterie 12V 70Ah Model 62,24,6,190.62,414.53,0.463
6334,Hardware,Trusa Tubulare Model 3,17,13,240.25,436.28,0.068
6335,Perisabile,[Perisabile] Spray Degripant Model 48,94,10,25.85,64.01,0.01
6336,Hardware,Trusa Tubulare Model 44,26,15,201.59,446.42,0.419
6337,Auto,Baterie 12V 70Ah Model 2,89,12,11.11,15.0,0.049
6338,Perisabile,[Perisabile] Solutie Curatare Frane Model 29,71,6,266.88,381.76,0.304
6339,Hardware,Set Imbusuri Model 48,116,19,26.31,39.63,0.15
6340,Perisabile,[Perisabile] Solutie Curatare Frane Model 46,116,12,77.17,140.35,0.154
6341,Perisabile,[Perisabile] Solutie Curatare Frane Model 55,92,6,26.35,58.78,0.207
6342,Hardware,Cheie Dinamometrica Model 62,87,13,211.39,386.98,0.294
6343,Auto,Rulment Roata Fata Model 9,49,19,152.82,224.98,0.023
6344,Perisabile,[Perisabile] Adeziv Industrial Model 33,76,19,12.59,24.17,0.262
6345,Perisabile,[Perisabile] Adeziv Industrial Model 34,12,7,216.1,423.53,0.445
6346,Hardware,Cheie Dinamometrica Model 67,13,17,107.33,170.0,0.378
6347,Electronice,[Electronice] Modul Transmisie LoRa Model 10,66,8,39.4,83.68,0.051
6348,Electronice,[Electronice] Sursa Laborator Model 29,123,20,157.54,279.32,0.165
6349,Perisabile,[Perisabile] Adeziv Industrial Model 86,115,11,52.4,121.32,0.373
6350,Perisabile,[Perisabile] Adeziv Industrial Model 57,79,17,148.48,317.07,0.335
6351,Hardware,Incarcator Gaz Model 27,60,8,165.83,259.48,0.084
6352,Hardware,Trusa Tubulare Model 38,37,20,272.12,574.84,0.117
6353,Hardware,Cheie Dinamometrica Model 62,43,8,239.09,534.61,0.07
6354,Electronice,[Electronice] Sursa Laborator Model 67,141,7,99.82,154.41,0.383
6355,Hardware,Cheie Dinamometrica Model 41,86,17,282.82,346.22,0.054
6356,Electronice,[Electronice] Modul Transmisie LoRa Model 79,111,7,99.7,235.69,0.272
6357,Hardware,Set Imbusuri Model 80,50,14,291.17,364.44,0.347
6358,Perisabile,[Perisabile] Adeziv Industrial Model 78,104,11,31.17,40.05,0.373
6359,Hardware,Trusa Tubulare Model 22,58,19,17.52,43.34,0.108
6360,Perisabile,[Perisabile] Solutie Curatare Frane Model 57,54,18,210.99,315.61,0.035
6361,Electronice,[Electronice] Osciloscop Model 9,142,6,197.2,270.94,0.098
6362,Hardware,Cheie Dinamometrica Model 40,29,11,137.43,251.81,0.223
6363,Perisabile,[Perisabile] Solutie Curatare Frane Model 63,135,13,114.09,205.42,0.47
6364,Hardware,Cheie Dinamometrica Model 85,10,11,184.61,420.36,0.405
6365,Hardware,Trusa Tubulare Model 91,125,13,222.1,268.73,0.468
6366,Perisabile,[Perisabile] Adeziv Industrial Model 46,60,18,158.97,317.16,0.067
6367,Electronice,[Electronice] Sursa Laborator Model 95,145,17,158.72,201.83,0.338
6368,Electronice,[Electronice] Multimetru Analogic Model 52,30,11,272.63,676.55,0.254
6369,Perisabile,[Perisabile] Spray Degripant Model 1,64,18,111.14,241.08,0.271
6370,Hardware,Cheie Dinamometrica Model 42,42,5,125.27,152.45,0.308
6371,Hardware,Set Imbusuri Model 85,88,5,156.31,344.45,0.162
6372,Auto,Rulment Roata Fata Model 92,121,8,177.11,441.51,0.024
6373,Electronice,[Electronice] Multimetru Analogic Model 83,78,15,37.43,60.02,0.174
6374,Perisabile,[Perisabile] Spray Degripant Model 95,107,15,100.66,207.08,0.107
6375,Hardware,Incarcator Gaz Model 75,74,5,179.33,249.52,0.362
6376,Auto,Filtru Aer Model 32,0,9,132.14,190.71,0.164
6377,Hardware,Set Imbusuri Model 23,96,9,158.71,302.92,0.208
6378,Hardware,Cheie Dinamometrica Model 11,69,10,17.44,31.27,0.441
6379,Electronice,[Electronice] Modul Transmisie LoRa Model 75,112,8,204.76,440.39,0.418
6380,Perisabile,[Perisabile] Spray Degripant Model 25,17,14,72.76,121.95,0.052
6381,Perisabile,[Perisabile] Solutie Curatare Frane Model 60,5,10,215.57,474.07,0.283
6382,Electronice,[Electronice] Modul Transmisie LoRa Model 4,113,17,101.54,241.75,0.074
6383,Auto,Furtun Intercooler 2.0 TDI Model 44,31,9,198.06,372.47,0.426
6384,Auto,Baterie 12V 70Ah Model 12,59,8,215.02,393.84,0.435
6385,Electronice,[Electronice] Sursa Laborator Model 88,110,9,289.9,554.67,0.437
6386,Electronice,[Electronice] Multimetru Analogic Model 16,17,20,66.56,126.65,0.449
6387,Auto,Rulment Roata Fata Model 87,43,19,100.65,226.44,0.219
6388,Perisabile,[Perisabile] Solutie Curatare Frane Model 44,11,6,171.01,219.2,0.16
6389,Auto,Furtun Intercooler 2.0 TDI Model 97,5,16,211.41,280.55,0.069
6390,Auto,Rulment Roata Fata Model 37,98,16,33.88,74.08,0.406
6391,Electronice,[Electronice] Osciloscop Model 9,93,18,294.54,492.75,0.325
6392,Electronice,[Electronice] Modul Transmisie LoRa Model 32,42,8,144.15,213.61,0.063
6393,Electronice,[Electronice] Modul Transmisie LoRa Model 46,36,11,23.28,42.36,0.05
6394,Electronice,[Electronice] Sursa Laborator Model 53,116,16,230.15,408.89,0.272
6395,Hardware,Cheie Dinamometrica Model 95,90,9,192.98,373.8,0.39
6396,Auto,Baterie 12V 70Ah Model 69,55,10,54.68,77.89,0.239
6397,Perisabile,[Perisabile] Spray Degripant Model 53,85,10,259.83,524.85,0.248
6398,Hardware,Incarcator Gaz Model 1,143,19,121.24,216.98,0.051
6399,Electronice,[Electronice] Modul Transmisie LoRa Model 4,100,19,17.82,29.13,0.116
6400,Hardware,Incarcator Gaz Model 38,62,8,281.4,575.1,0.227
6401,Hardware,Trusa Tubulare Model 28,23,8,17.81,23.71,0.372
6402,Auto,Senzor Debitmetru Model 24,79,13,154.96,340.09,0.333
6403,Electronice,[Electronice] Multimetru Analogic Model 27,15,8,279.58,345.48,0.276
6404,Electronice,[Electronice] Osciloscop Model 73,132,8,209.14,437.14,0.486
6405,Electronice,[Electronice] Sursa Laborator Model 25,96,14,210.4,322.72,0.104
6406,Hardware,Set Imbusuri Model 69,112,20,110.08,248.06,0.249
6407,Perisabile,[Perisabile] Adeziv Industrial Model 78,9,11,207.66,315.13,0.071
6408,Hardware,Trusa Tubulare Model 46,43,14,153.86,235.45,0.097
6409,Electronice,[Electronice] Sursa Laborator Model 13,114,16,231.27,512.99,0.467
6410,Hardware,Cheie Dinamometrica Model 10,59,12,194.87,404.84,0.426
6411,Hardware,Trusa Tubulare Model 54,18,10,292.15,569.67,0.388
6412,Hardware,Trusa Tubulare Model 86,128,8,191.29,457.77,0.474
6413,Auto,Senzor Debitmetru Model 10,143,6,277.87,502.15,0.367
6414,Hardware,Set Imbusuri Model 21,14,15,80.27,98.42,0.112
6415,Perisabile,[Perisabile] Adeziv Industrial Model 58,71,18,252.36,614.48,0.018
6416,Electronice,[Electronice] Osciloscop Model 20,1,16,204.73,379.65,0.178
6417,Perisabile,[Perisabile] Spray Degripant Model 87,150,14,196.96,272.6,0.426
6418,Auto,Set Placute Frana Model 84,49,12,266.56,661.83,0.454
6419,Perisabile,[Perisabile] Spray Degripant Model 99,109,10,227.66,465.33,0.42
6420,Electronice,[Electronice] Multimetru Analogic Model 10,90,16,229.74,492.6,0.3
6421,Perisabile,[Perisabile] Spray Degripant Model 11,60,17,129.01,321.09,0.028
6422,Electronice,[Electronice] Sursa Laborator Model 31,88,15,286.89,348.03,0.156
6423,Perisabile,[Perisabile] Adeziv Industrial Model 67,29,10,292.29,655.63,0.461
6424,Auto,Filtru Aer Model 25,61,12,292.06,619.3,0.084
6425,Hardware,Set Imbusuri Model 99,8,6,146.17,267.9,0.161
6426,Electronice,[Electronice] Multimetru Analogic Model 80,4,17,209.65,316.29,0.272
6427,Electronice,[Electronice] Sursa Laborator Model 66,81,10,117.87,209.0,0.327
6428,Perisabile,[Perisabile] Adeziv Industrial Model 41,61,8,293.51,475.71,0.23
6429,Electronice,[Electronice] Osciloscop Model 40,148,15,209.8,267.35,0.073
6430,Auto,Baterie 12V 70Ah Model 15,59,16,25.15,50.14,0.042
6431,Electronice,[Electronice] Multimetru Analogic Model 62,34,5,246.82,384.04,0.189
6432,Perisabile,[Perisabile] Spray Degripant Model 84,122,15,199.21,362.62,0.012
6433,Perisabile,[Perisabile] Solutie Curatare Frane Model 73,31,14,50.61,93.34,0.101
6434,Hardware,Trusa Tubulare Model 83,50,11,229.36,361.57,0.255
6435,Hardware,Incarcator Gaz Model 61,63,19,92.73,205.38,0.39
6436,Hardware,Set Imbusuri Model 57,136,20,169.04,268.46,0.204
6437,Auto,Set Placute Frana Model 14,108,5,252.17,334.91,0.196
6438,Auto,Filtru Aer Model 99,21,11,120.46,214.29,0.302
6439,Perisabile,[Perisabile] Spray Degripant Model 27,1,11,69.76,167.01,0.371
6440,Auto,Rulment Roata Fata Model 7,35,16,121.97,156.22,0.028
6441,Auto,Rulment Roata Fata Model 17,84,10,155.8,231.09,0.346
6442,Electronice,[Electronice] Sursa Laborator Model 61,72,11,298.22,691.67,0.026
6443,Perisabile,[Perisabile] Adeziv Industrial Model 45,118,12,77.99,107.58,0.188
6444,Electronice,[Electronice] Sursa Laborator Model 39,72,5,264.26,481.78,0.077
6445,Perisabile,[Perisabile] Spray Degripant Model 72,3,20,18.19,33.86,0.343
6446,Hardware,Trusa Tubulare Model 28,30,10,229.67,510.44,0.074
6447,Electronice,[Electronice] Osciloscop Model 31,30,15,280.03,593.76,0.213
6448,Auto,Rulment Roata Fata Model 66,23,16,153.7,298.05,0.156
6449,Auto,Baterie 12V 70Ah Model 37,33,18,17.47,24.21,0.225
6450,Perisabile,[Perisabile] Spray Degripant Model 8,17,16,75.39,94.2,0.392
6451,Electronice,[Electronice] Multimetru Analogic Model 32,9,12,27.64,54.26,0.342
6452,Auto,Baterie 12V 70Ah Model 21,88,6,99.71,205.03,0.218
6453,Perisabile,[Perisabile] Solutie Curatare Frane Model 95,9,20,46.37,95.27,0.162
6454,Electronice,[Electronice] Sursa Laborator Model 62,110,13,94.64,136.62,0.136
6455,Electronice,[Electronice] Multimetru Analogic Model 30,112,19,213.18,425.51,0.129
6456,Hardware,Trusa Tubulare Model 14,86,5,233.02,564.25,0.338
6457,Perisabile,[Perisabile] Solutie Curatare Frane Model 28,147,20,202.82,413.15,0.41
6458,Electronice,[Electronice] Osciloscop Model 37,109,6,91.75,212.75,0.323
6459,Hardware,Set Imbusuri Model 71,84,18,190.93,461.44,0.258
6460,Perisabile,[Perisabile] Solutie Curatare Frane Model 65,19,19,275.7,560.32,0.42
6461,Auto,Filtru Aer Model 73,30,18,96.82,210.38,0.098
6462,Perisabile,[Perisabile] Spray Degripant Model 24,57,17,32.66,73.53,0.307
6463,Perisabile,[Perisabile] Solutie Curatare Frane Model 72,86,9,120.99,208.55,0.399
6464,Auto,Baterie 12V 70Ah Model 71,45,14,222.68,336.76,0.222
6465,Hardware,Cheie Dinamometrica Model 70,135,12,189.99,309.26,0.069
6466,Hardware,Incarcator Gaz Model 99,134,9,210.24,264.36,0.116
6467,Auto,Set Placute Frana Model 70,149,10,59.0,92.54,0.254
6468,Auto,Furtun Intercooler 2.0 TDI Model 98,6,8,234.61,514.73,0.458
6469,Perisabile,[Perisabile] Adeziv Industrial Model 82,123,5,103.6,164.37,0.15
6470,Hardware,Set Imbusuri Model 2,16,18,63.13,128.69,0.277
6471,Hardware,Set Imbusuri Model 1,124,5,99.35,155.81,0.448
6472,Electronice,[Electronice] Multimetru Analogic Model 97,52,17,98.22,132.85,0.348
6473,Perisabile,[Perisabile] Spray Degripant Model 22,34,10,155.87,330.62,0.441
6474,Hardware,Set Imbusuri Model 47,4,20,24.56,33.51,0.474
6475,Hardware,Trusa Tubulare Model 21,127,5,267.97,664.43,0.143
6476,Auto,Furtun Intercooler 2.0 TDI Model 76,103,20,55.47,76.38,0.032
6477,Perisabile,[Perisabile] Adeziv Industrial Model 38,61,20,22.46,51.15,0.171
6478,Hardware,Cheie Dinamometrica Model 74,28,17,29.92,61.17,0.081
6479,Electronice,[Electronice] Multimetru Analogic Model 15,7,16,153.76,328.28,0.105
6480,Perisabile,[Perisabile] Spray Degripant Model 97,148,14,43.55,54.63,0.142
6481,Auto,Filtru Aer Model 6,95,5,223.49,301.85,0.143
6482,Hardware,Trusa Tubulare Model 75,118,16,102.89,136.48,0.382
6483,Electronice,[Electronice] Sursa Laborator Model 35,143,10,241.07,453.35,0.365
6484,Auto,Furtun Intercooler 2.0 TDI Model 17,53,10,98.74,181.34,0.188
6485,Auto,Rulment Roata Fata Model 63,70,15,128.17,220.73,0.047
6486,Electronice,[Electronice] Sursa Laborator Model 54,62,19,22.76,52.22,0.407
6487,Auto,Senzor Debitmetru Model 6,45,19,171.34,391.36,0.288
6488,Auto,Filtru Aer Model 97,50,20,299.79,431.27,0.112
6489,Perisabile,[Perisabile] Solutie Curatare Frane Model 85,107,7,146.59,304.3,0.152
6490,Hardware,Trusa Tubulare Model 56,79,6,250.34,350.87,0.44
6491,Auto,Rulment Roata Fata Model 38,120,15,263.87,454.84,0.487
6492,Auto,Set Placute Frana Model 81,86,8,286.58,631.97,0.051
6493,Hardware,Set Imbusuri Model 41,123,10,36.24,59.79,0.405
6494,Electronice,[Electronice] Sursa Laborator Model 12,1,20,147.91,213.45,0.313
6495,Electronice,[Electronice] Osciloscop Model 72,33,9,272.98,612.49,0.367
6496,Auto,Set Placute Frana Model 87,10,20,233.71,439.12,0.43
6497,Electronice,[Electronice] Multimetru Analogic Model 36,148,10,151.86,372.25,0.369
6498,Auto,Rulment Roata Fata Model 65,94,5,188.74,309.3,0.464
6499,Hardware,Cheie Dinamometrica Model 62,146,6,55.79,115.01,0.172
6500,Electronice,[Electronice] Multimetru Analogic Model 47,30,20,216.26,461.56,0.337
6501,Hardware,Cheie Dinamometrica Model 39,83,18,277.78,464.75,0.211
6502,Hardware,Trusa Tubulare Model 59,74,17,84.27,210.04,0.15
6503,Hardware,Trusa Tubulare Model 78,130,13,74.88,147.23,0.482
6504,Electronice,[Electronice] Modul Transmisie LoRa Model 91,63,11,82.06,153.29,0.099
6505,Auto,Rulment Roata Fata Model 51,23,14,284.16,698.72,0.041
6506,Electronice,[Electronice] Modul Transmisie LoRa Model 60,14,17,154.3,363.96,0.35
6507,Hardware,Incarcator Gaz Model 17,147,9,36.91,54.07,0.232
6508,Electronice,[Electronice] Osciloscop Model 85,142,8,118.67,203.87,0.263
6509,Auto,Filtru Aer Model 87,46,7,233.6,451.82,0.281
6510,Auto,Rulment Roata Fata Model 66,84,16,271.73,673.93,0.261
6511,Electronice,[Electronice] Multimetru Analogic Model 20,99,17,92.29,198.36,0.418
6512,Perisabile,[Perisabile] Adeziv Industrial Model 23,129,18,86.05,153.25,0.107
6513,Hardware,Cheie Dinamometrica Model 89,71,18,56.93,128.28,0.206
6514,Perisabile,[Perisabile] Solutie Curatare Frane Model 68,142,16,91.68,194.37,0.454
6515,Auto,Rulment Roata Fata Model 6,8,11,272.2,612.38,0.143
6516,Auto,Set Placute Frana Model 70,26,20,184.99,291.89,0.156
6517,Electronice,[Electronice] Modul Transmisie LoRa Model 52,108,7,32.87,61.42,0.282
6518,Electronice,[Electronice] Sursa Laborator Model 26,47,9,211.41,373.85,0.204
6519,Auto,Rulment Roata Fata Model 16,50,6,78.5,162.2,0.191
6520,Auto,Senzor Debitmetru Model 69,59,13,195.39,268.03,0.087
6521,Electronice,[Electronice] Sursa Laborator Model 21,121,12,78.7,99.49,0.026
6522,Hardware,Trusa Tubulare Model 28,110,18,170.42,297.95,0.379
6523,Electronice,[Electronice] Modul Transmisie LoRa Model 78,115,14,268.84,632.51,0.119
6524,Auto,Furtun Intercooler 2.0 TDI Model 56,26,18,174.3,354.45,0.453
6525,Hardware,Cheie Dinamometrica Model 1,119,17,102.51,174.16,0.289
6526,Perisabile,[Perisabile] Solutie Curatare Frane Model 27,119,11,132.46,330.48,0.441
6527,Electronice,[Electronice] Modul Transmisie LoRa Model 73,13,15,76.96,149.92,0.117
6528,Auto,Furtun Intercooler 2.0 TDI Model 15,146,8,20.36,48.96,0.224
6529,Hardware,Cheie Dinamometrica Model 93,75,11,219.63,502.64,0.286
6530,Auto,Baterie 12V 70Ah Model 57,27,17,227.24,287.67,0.351
6531,Hardware,Incarcator Gaz Model 14,75,13,136.03,174.8,0.202
6532,Auto,Rulment Roata Fata Model 55,47,19,90.71,212.85,0.356
6533,Electronice,[Electronice] Modul Transmisie LoRa Model 40,120,14,96.32,208.38,0.373
6534,Auto,Baterie 12V 70Ah Model 86,137,20,56.53,127.67,0.326
6535,Electronice,[Electronice] Sursa Laborator Model 75,89,15,95.89,149.76,0.18
6536,Auto,Rulment Roata Fata Model 26,54,5,219.21,404.82,0.435
6537,Auto,Set Placute Frana Model 34,36,8,219.08,538.96,0.293
6538,Hardware,Trusa Tubulare Model 53,13,17,180.73,289.34,0.37
6539,Auto,Senzor Debitmetru Model 81,117,20,45.45,93.05,0.207
6540,Hardware,Cheie Dinamometrica Model 63,146,12,164.99,201.93,0.321
6541,Perisabile,[Perisabile] Solutie Curatare Frane Model 21,139,20,234.09,459.11,0.034
6542,Auto,Senzor Debitmetru Model 48,18,20,192.16,268.1,0.466
6543,Electronice,[Electronice] Osciloscop Model 51,96,6,123.11,173.86,0.026
6544,Perisabile,[Perisabile] Adeziv Industrial Model 97,141,14,90.25,177.5,0.114
6545,Perisabile,[Perisabile] Solutie Curatare Frane Model 13,145,15,46.3,86.43,0.259
6546,Perisabile,[Perisabile] Solutie Curatare Frane Model 82,13,14,13.65,24.72,0.042
6547,Perisabile,[Perisabile] Spray Degripant Model 96,134,13,54.06,114.92,0.336
6548,Perisabile,[Perisabile] Adeziv Industrial Model 14,74,9,159.05,333.64,0.239
6549,Auto,Filtru Aer Model 26,57,16,223.13,501.17,0.035
6550,Auto,Furtun Intercooler 2.0 TDI Model 2,116,9,102.69,171.44,0.327
6551,Auto,Filtru Aer Model 86,146,9,135.52,232.01,0.379
6552,Electronice,[Electronice] Osciloscop Model 25,39,6,114.18,142.81,0.362
6553,Electronice,[Electronice] Sursa Laborator Model 7,35,6,184.64,426.43,0.012
6554,Electronice,[Electronice] Multimetru Analogic Model 90,9,16,181.41,293.99,0.049
6555,Electronice,[Electronice] Sursa Laborator Model 94,99,17,259.33,378.18,0.445
6556,Hardware,Trusa Tubulare Model 51,111,15,70.07,124.65,0.462
6557,Auto,Baterie 12V 70Ah Model 67,136,17,134.87,185.24,0.03
6558,Auto,Set Placute Frana Model 1,46,20,233.85,287.64,0.129
6559,Hardware,Set Imbusuri Model 77,131,12,167.0,275.41,0.418
6560,Electronice,[Electronice] Osciloscop Model 25,1,8,180.77,329.67,0.077
6561,Auto,Set Placute Frana Model 77,58,15,286.49,685.48,0.341
6562,Perisabile,[Perisabile] Spray Degripant Model 88,12,10,175.99,231.34,0.426
6563,Auto,Furtun Intercooler 2.0 TDI Model 16,77,6,117.09,261.27,0.234
6564,Auto,Furtun Intercooler 2.0 TDI Model 65,123,15,212.76,374.66,0.291
6565,Auto,Furtun Intercooler 2.0 TDI Model 78,38,10,145.87,209.31,0.076
6566,Auto,Set Placute Frana Model 96,107,16,234.58,311.39,0.056
6567,Auto,Rulment Roata Fata Model 98,129,16,146.4,258.16,0.024
6568,Auto,Senzor Debitmetru Model 63,111,17,95.08,192.98,0.348
6569,Perisabile,[Perisabile] Solutie Curatare Frane Model 42,140,11,234.06,460.71,0.193
6570,Auto,Filtru Aer Model 16,43,15,108.7,135.22,0.15
6571,Auto,Filtru Aer Model 78,6,15,286.72,633.15,0.107
6572,Hardware,Trusa Tubulare Model 7,27,20,253.95,505.0,0.096
6573,Electronice,[Electronice] Osciloscop Model 34,13,14,158.48,364.56,0.019
6574,Auto,Rulment Roata Fata Model 79,13,12,47.59,57.47,0.096
6575,Perisabile,[Perisabile] Solutie Curatare Frane Model 9,134,8,288.17,545.34,0.107
6576,Perisabile,[Perisabile] Spray Degripant Model 52,46,15,164.57,406.21,0.136
6577,Perisabile,[Perisabile] Solutie Curatare Frane Model 71,0,11,132.27,201.75,0.011
6578,Perisabile,[Perisabile] Spray Degripant Model 20,56,18,111.56,191.49,0.282
6579,Auto,Furtun Intercooler 2.0 TDI Model 24,63,14,268.0,391.9,0.487
6580,Perisabile,[Perisabile] Adeziv Industrial Model 94,150,10,113.98,263.27,0.484
6581,Hardware,Incarcator Gaz Model 24,27,14,150.2,362.54,0.494
6582,Perisabile,[Perisabile] Solutie Curatare Frane Model 28,67,10,140.8,324.07,0.479
6583,Auto,Set Placute Frana Model 43,114,9,46.01,84.44,0.03
6584,Perisabile,[Perisabile] Spray Degripant Model 69,70,19,76.53,113.02,0.146
6585,Hardware,Trusa Tubulare Model 15,75,13,204.62,497.72,0.301
6586,Hardware,Set Imbusuri Model 34,34,15,25.82,56.36,0.011
6587,Auto,Rulment Roata Fata Model 21,149,8,97.72,143.23,0.356
6588,Auto,Set Placute Frana Model 52,84,10,88.75,202.94,0.398
6589,Electronice,[Electronice] Multimetru Analogic Model 7,79,12,280.37,577.56,0.404
6590,Auto,Set Placute Frana Model 30,82,13,171.93,331.44,0.212
6591,Perisabile,[Perisabile] Adeziv Industrial Model 40,109,19,275.44,364.64,0.366
6592,Hardware,Set Imbusuri Model 7,107,16,192.94,451.28,0.181
6593,Perisabile,[Perisabile] Spray Degripant Model 32,92,7,247.26,385.7,0.363
6594,Electronice,[Electronice] Modul Transmisie LoRa Model 2,39,10,23.5,48.53,0.23
6595,Perisabile,[Perisabile] Spray Degripant Model 30,131,17,231.72,295.96,0.273
6596,Electronice,[Electronice] Osciloscop Model 21,112,16,120.54,205.34,0.41
6597,Perisabile,[Perisabile] Adeziv Industrial Model 55,133,9,57.02,74.8,0.339
6598,Perisabile,[Perisabile] Adeziv Industrial Model 65,36,14,12.97,19.53,0.179
6599,Auto,Filtru Aer Model 2,9,18,95.95,204.19,0.331
6600,Hardware,Cheie Dinamometrica Model 72,28,6,285.39,583.08,0.311
6601,Electronice,[Electronice] Osciloscop Model 1,90,13,34.11,73.2,0.372
6602,Hardware,Cheie Dinamometrica Model 47,61,16,241.6,362.64,0.287
6603,Electronice,[Electronice] Osciloscop Model 23,146,8,170.54,294.36,0.211
6604,Electronice,[Electronice] Osciloscop Model 27,120,8,66.93,131.27,0.322
6605,Perisabile,[Perisabile] Spray Degripant Model 7,15,5,217.43,281.12,0.389
6606,Hardware,Cheie Dinamometrica Model 82,145,11,99.33,227.62,0.059
6607,Electronice,[Electronice] Modul Transmisie LoRa Model 50,105,10,269.52,388.09,0.115
6608,Auto,Set Placute Frana Model 1,32,12,139.45,335.93,0.242
6609,Auto,Senzor Debitmetru Model 69,118,18,46.75,109.34,0.2
6610,Electronice,[Electronice] Multimetru Analogic Model 84,60,20,181.81,257.54,0.137
6611,Auto,Furtun Intercooler 2.0 TDI Model 50,132,14,245.21,333.45,0.459
6612,Electronice,[Electronice] Modul Transmisie LoRa Model 33,126,19,131.17,318.63,0.181
6613,Hardware,Trusa Tubulare Model 91,90,15,267.14,337.85,0.192
6614,Auto,Rulment Roata Fata Model 25,32,10,50.91,118.42,0.255
6615,Perisabile,[Perisabile] Solutie Curatare Frane Model 85,96,10,67.77,151.87,0.452
6616,Auto,Furtun Intercooler 2.0 TDI Model 57,64,9,249.45,347.27,0.099
6617,Perisabile,[Perisabile] Solutie Curatare Frane Model 23,97,19,149.69,275.8,0.071
6618,Hardware,Incarcator Gaz Model 73,125,9,233.74,380.37,0.017
6619,Auto,Rulment Roata Fata Model 76,118,17,32.81,69.54,0.474
6620,Auto,Set Placute Frana Model 39,116,9,75.16,152.03,0.35
6621,Hardware,Cheie Dinamometrica Model 38,96,18,46.66,71.26,0.373
6622,Electronice,[Electronice] Osciloscop Model 34,54,14,175.13,415.86,0.242
6623,Perisabile,[Perisabile] Adeziv Industrial Model 21,132,13,13.63,20.2,0.05
6624,Auto,Set Placute Frana Model 48,70,18,112.99,245.15,0.316
6625,Auto,Rulment Roata Fata Model 4,39,13,293.11,459.05,0.27
6626,Auto,Baterie 12V 70Ah Model 61,19,5,260.76,369.79,0.071
6627,Electronice,[Electronice] Sursa Laborator Model 76,123,12,268.21,344.67,0.219
6628,Perisabile,[Perisabile] Spray Degripant Model 58,118,17,82.63,136.17,0.449
6629,Electronice,[Electronice] Multimetru Analogic Model 10,69,15,117.85,169.32,0.354
6630,Hardware,Trusa Tubulare Model 87,8,7,182.83,345.15,0.235
6631,Electronice,[Electronice] Osciloscop Model 37,11,5,197.27,479.05,0.102
6632,Perisabile,[Perisabile] Solutie Curatare Frane Model 20,32,8,122.54,287.31,0.057
6633,Perisabile,[Perisabile] Adeziv Industrial Model 18,98,20,120.96,189.82,0.015
6634,Perisabile,[Perisabile] Solutie Curatare Frane Model 98,69,12,233.58,329.67,0.346
6635,Hardware,Cheie Dinamometrica Model 9,145,14,92.27,160.73,0.326
6636,Auto,Senzor Debitmetru Model 16,147,12,259.68,421.34,0.12
6637,Electronice,[Electronice] Osciloscop Model 46,126,11,165.36,221.21,0.375
6638,Perisabile,[Perisabile] Spray Degripant Model 77,141,18,105.8,254.37,0.246
6639,Auto,Filtru Aer Model 16,46,5,175.02,421.86,0.419
6640,Hardware,Trusa Tubulare Model 23,144,5,136.95,216.4,0.381
6641,Auto,Furtun Intercooler 2.0 TDI Model 50,101,15,65.77,95.7,0.091
6642,Electronice,[Electronice] Multimetru Analogic Model 61,50,18,286.82,432.79,0.359
6643,Auto,Senzor Debitmetru Model 11,109,5,51.09,102.89,0.375
6644,Perisabile,[Perisabile] Spray Degripant Model 13,120,10,271.19,431.18,0.036
6645,Perisabile,[Perisabile] Solutie Curatare Frane Model 99,99,10,288.48,564.77,0.103
6646,Perisabile,[Perisabile] Adeziv Industrial Model 90,57,6,129.61,163.42,0.318
6647,Hardware,Incarcator Gaz Model 71,10,7,223.15,312.34,0.029
6648,Perisabile,[Perisabile] Spray Degripant Model 57,127,6,192.74,298.38,0.439
6649,Hardware,Set Imbusuri Model 37,115,17,181.98,392.37,0.166
6650,Auto,Rulment Roata Fata Model 53,9,20,286.82,646.32,0.375
6651,Auto,Furtun Intercooler 2.0 TDI Model 86,13,7,239.04,298.88,0.106
6652,Hardware,Cheie Dinamometrica Model 75,5,6,30.65,65.09,0.077
6653,Hardware,Incarcator Gaz Model 5,92,7,254.5,566.64,0.208
6654,Auto,Furtun Intercooler 2.0 TDI Model 13,83,18,44.17,60.71,0.23
6655,Auto,Rulment Roata Fata Model 20,137,12,264.47,510.84,0.289
6656,Perisabile,[Perisabile] Solutie Curatare Frane Model 69,60,20,259.68,610.13,0.317
6657,Electronice,[Electronice] Osciloscop Model 88,100,13,39.87,91.32,0.305
6658,Hardware,Set Imbusuri Model 11,123,10,188.42,437.66,0.199
6659,Hardware,Incarcator Gaz Model 50,4,19,32.41,57.86,0.078
6660,Electronice,[Electronice] Modul Transmisie LoRa Model 64,148,7,238.05,524.43,0.113
6661,Perisabile,[Perisabile] Solutie Curatare Frane Model 14,127,6,269.41,465.7,0.129
6662,Electronice,[Electronice] Modul Transmisie LoRa Model 38,137,16,117.91,149.18,0.329
6663,Perisabile,[Perisabile] Adeziv Industrial Model 27,26,9,146.52,248.4,0.046
6664,Hardware,Set Imbusuri Model 6,64,20,30.64,53.74,0.396
6665,Electronice,[Electronice] Osciloscop Model 68,106,11,195.09,445.79,0.42
6666,Hardware,Cheie Dinamometrica Model 76,2,8,71.18,151.36,0.376
6667,Electronice,[Electronice] Osciloscop Model 97,129,10,118.76,148.2,0.349
6668,Electronice,[Electronice] Multimetru Analogic Model 80,125,6,239.13,571.83,0.159
6669,Electronice,[Electronice] Sursa Laborator Model 79,110,5,279.16,666.4,0.373
6670,Perisabile,[Perisabile] Spray Degripant Model 85,140,20,191.14,470.12,0.119
6671,Auto,Baterie 12V 70Ah Model 29,126,5,62.1,91.8,0.223
6672,Electronice,[Electronice] Osciloscop Model 49,85,6,54.17,135.06,0.115
6673,Hardware,Cheie Dinamometrica Model 56,75,13,289.46,420.42,0.249
6674,Hardware,Incarcator Gaz Model 74,142,9,243.99,385.08,0.159
6675,Hardware,Trusa Tubulare Model 5,0,7,29.14,45.83,0.364
6676,Perisabile,[Perisabile] Adeziv Industrial Model 69,118,8,184.48,372.61,0.286
6677,Auto,Filtru Aer Model 98,112,7,228.14,564.72,0.374
6678,Hardware,Trusa Tubulare Model 90,91,9,288.16,553.38,0.282
6679,Hardware,Incarcator Gaz Model 37,38,14,226.52,482.77,0.131
6680,Auto,Set Placute Frana Model 4,3,10,191.7,415.41,0.282
6681,Perisabile,[Perisabile] Adeziv Industrial Model 92,54,15,234.09,582.66,0.195
6682,Auto,Filtru Aer Model 12,9,8,131.54,271.45,0.139
6683,Auto,Set Placute Frana Model 10,146,14,189.95,427.9,0.474
6684,Perisabile,[Perisabile] Spray Degripant Model 24,132,18,119.74,224.4,0.154
6685,Perisabile,[Perisabile] Solutie Curatare Frane Model 78,94,18,162.61,218.86,0.084
6686,Auto,Baterie 12V 70Ah Model 27,118,18,124.87,233.01,0.088
6687,Electronice,[Electronice] Multimetru Analogic Model 35,118,16,138.6,263.28,0.106
6688,Perisabile,[Perisabile] Spray Degripant Model 91,43,6,108.05,215.13,0.065
6689,Perisabile,[Perisabile] Solutie Curatare Frane Model 12,48,19,265.2,519.21,0.066
6690,Hardware,Trusa Tubulare Model 65,113,19,36.57,56.44,0.024
6691,Hardware,Trusa Tubulare Model 97,51,13,57.6,95.26,0.151
6692,Hardware,Cheie Dinamometrica Model 35,126,19,204.69,503.85,0.328
6693,Hardware,Trusa Tubulare Model 63,30,17,284.14,355.15,0.062
6694,Hardware,Trusa Tubulare Model 74,61,14,39.41,51.51,0.188
6695,Auto,Filtru Aer Model 46,32,13,11.74,22.28,0.402
6696,Hardware,Incarcator Gaz Model 80,11,16,79.53,164.02,0.286
6697,Auto,Rulment Roata Fata Model 80,82,17,80.57,194.38,0.082
6698,Electronice,[Electronice] Modul Transmisie LoRa Model 28,144,5,267.7,360.99,0.261
6699,Perisabile,[Perisabile] Spray Degripant Model 62,8,7,122.43,178.06,0.42
6700,Hardware,Trusa Tubulare Model 72,45,8,73.01,172.34,0.163
6701,Hardware,Incarcator Gaz Model 71,101,20,248.25,442.27,0.345
6702,Perisabile,[Perisabile] Adeziv Industrial Model 90,88,9,238.97,374.6,0.327
6703,Auto,Senzor Debitmetru Model 92,66,20,224.63,332.42,0.483
6704,Hardware,Cheie Dinamometrica Model 67,56,15,256.86,325.54,0.357
6705,Electronice,[Electronice] Sursa Laborator Model 92,18,7,101.39,186.55,0.27
6706,Hardware,Cheie Dinamometrica Model 14,147,18,291.54,527.26,0.206
6707,Hardware,Cheie Dinamometrica Model 2,48,9,67.03,129.26,0.016
6708,Hardware,Incarcator Gaz Model 49,0,6,45.86,109.67,0.099
6709,Auto,Baterie 12V 70Ah Model 8,37,19,180.32,400.23,0.26
6710,Perisabile,[Perisabile] Solutie Curatare Frane Model 44,51,11,242.82,436.37,0.093
6711,Perisabile,[Perisabile] Solutie Curatare Frane Model 98,113,7,178.49,327.35,0.495
6712,Electronice,[Electronice] Sursa Laborator Model 18,18,19,137.29,193.09,0.335
6713,Hardware,Set Imbusuri Model 94,115,10,244.65,364.26,0.104
6714,Hardware,Trusa Tubulare Model 31,27,15,168.47,359.98,0.32
6715,Electronice,[Electronice] Multimetru Analogic Model 80,40,15,101.18,146.51,0.442
6716,Electronice,[Electronice] Modul Transmisie LoRa Model 15,93,6,32.18,75.0,0.375
6717,Auto,Set Placute Frana Model 80,73,13,13.46,30.88,0.238
6718,Hardware,Set Imbusuri Model 55,61,18,175.77,385.56,0.163
6719,Perisabile,[Perisabile] Spray Degripant Model 65,11,15,41.73,52.6,0.22
6720,Auto,Filtru Aer Model 63,81,11,247.87,298.34,0.415
6721,Hardware,Set Imbusuri Model 7,90,12,240.67,429.69,0.04
6722,Auto,Senzor Debitmetru Model 40,109,17,209.14,425.41,0.153
6723,Electronice,[Electronice] Multimetru Analogic Model 20,60,7,14.79,25.93,0.226
6724,Auto,Rulment Roata Fata Model 6,149,9,70.95,117.05,0.381
6725,Hardware,Trusa Tubulare Model 73,11,19,20.01,49.66,0.374
6726,Perisabile,[Perisabile] Adeziv Industrial Model 84,115,19,159.02,251.71,0.147
6727,Auto,Rulment Roata Fata Model 72,111,7,190.15,428.97,0.151
6728,Electronice,[Electronice] Osciloscop Model 79,16,7,97.22,158.65,0.277
6729,Perisabile,[Perisabile] Adeziv Industrial Model 57,57,7,103.14,223.32,0.058
6730,Perisabile,[Perisabile] Adeziv Industrial Model 94,84,15,24.36,53.13,0.475
6731,Electronice,[Electronice] Modul Transmisie LoRa Model 21,68,16,277.94,421.89,0.247
6732,Perisabile,[Perisabile] Spray Degripant Model 51,149,8,126.52,265.69,0.254
6733,Auto,Baterie 12V 70Ah Model 23,116,14,46.83,89.17,0.281
6734,Perisabile,[Perisabile] Adeziv Industrial Model 25,145,15,86.35,177.51,0.158
6735,Perisabile,[Perisabile] Adeziv Industrial Model 69,79,18,69.33,138.85,0.095
6736,Hardware,Set Imbusuri Model 39,119,7,56.34,105.61,0.15
6737,Hardware,Set Imbusuri Model 14,4,8,236.8,551.06,0.395
6738,Electronice,[Electronice] Osciloscop Model 58,134,20,250.67,428.91,0.093
6739,Auto,Set Placute Frana Model 4,45,19,216.47,353.17,0.095
6740,Auto,Furtun Intercooler 2.0 TDI Model 81,34,12,25.24,44.08,0.179
6741,Hardware,Incarcator Gaz Model 11,37,13,71.3,109.53,0.41
6742,Hardware,Cheie Dinamometrica Model 43,43,16,261.83,428.5,0.152
6743,Electronice,[Electronice] Multimetru Analogic Model 24,27,11,272.38,550.3,0.341
6744,Electronice,[Electronice] Multimetru Analogic Model 74,84,8,81.05,118.97,0.338
6745,Electronice,[Electronice] Modul Transmisie LoRa Model 13,103,11,78.01,109.97,0.209
6746,Hardware,Trusa Tubulare Model 66,58,12,223.96,285.6,0.488
6747,Auto,Baterie 12V 70Ah Model 13,105,12,180.61,353.49,0.438
6748,Hardware,Trusa Tubulare Model 21,63,5,251.14,373.76,0.086
6749,Auto,Filtru Aer Model 93,75,9,18.26,27.08,0.493
6750,Auto,Filtru Aer Model 14,129,15,124.68,287.91,0.086
6751,Auto,Rulment Roata Fata Model 8,18,17,165.05,396.84,0.353
6752,Electronice,[Electronice] Osciloscop Model 89,95,6,73.64,135.93,0.399
6753,Electronice,[Electronice] Modul Transmisie LoRa Model 28,74,18,51.17,111.23,0.22
6754,Auto,Baterie 12V 70Ah Model 10,133,18,63.53,103.33,0.386
6755,Perisabile,[Perisabile] Solutie Curatare Frane Model 27,93,20,122.67,249.18,0.469
6756,Hardware,Incarcator Gaz Model 55,59,13,30.43,68.82,0.298
6757,Hardware,Set Imbusuri Model 65,86,12,133.57,221.73,0.193
6758,Electronice,[Electronice] Osciloscop Model 31,28,14,155.76,257.96,0.154
6759,Auto,Set Placute Frana Model 6,0,9,275.51,450.54,0.446
6760,Hardware,Incarcator Gaz Model 38,117,11,84.05,209.89,0.272
6761,Perisabile,[Perisabile] Solutie Curatare Frane Model 43,87,18,189.24,260.71,0.389
6762,Electronice,[Electronice] Modul Transmisie LoRa Model 61,92,5,278.99,448.28,0.272
6763,Electronice,[Electronice] Modul Transmisie LoRa Model 58,63,8,171.17,254.37,0.084
6764,Auto,Furtun Intercooler 2.0 TDI Model 83,1,9,285.75,466.94,0.114
6765,Hardware,Set Imbusuri Model 20,74,13,60.55,105.8,0.117
6766,Hardware,Trusa Tubulare Model 48,36,13,85.53,193.19,0.282
6767,Auto,Senzor Debitmetru Model 56,3,18,133.22,269.02,0.448
6768,Electronice,[Electronice] Multimetru Analogic Model 24,44,14,34.66,80.24,0.363
6769,Auto,Baterie 12V 70Ah Model 23,98,19,289.5,522.03,0.321
6770,Auto,Furtun Intercooler 2.0 TDI Model 93,142,13,215.42,296.07,0.089
6771,Auto,Baterie 12V 70Ah Model 2,134,11,243.84,455.18,0.25
6772,Auto,Set Placute Frana Model 77,47,11,24.51,37.23,0.391
6773,Perisabile,[Perisabile] Adeziv Industrial Model 1,107,17,194.77,392.11,0.178
6774,Perisabile,[Perisabile] Spray Degripant Model 63,139,5,236.49,559.16,0.33
6775,Auto,Senzor Debitmetru Model 92,100,19,279.37,625.2,0.024
6776,Electronice,[Electronice] Multimetru Analogic Model 2,18,7,232.03,355.17,0.382
6777,Hardware,Cheie Dinamometrica Model 35,100,18,281.21,624.99,0.164
6778,Auto,Rulment Roata Fata Model 99,77,12,32.47,70.16,0.454
6779,Auto,Senzor Debitmetru Model 88,90,10,28.41,38.61,0.434
6780,Hardware,Cheie Dinamometrica Model 29,75,18,195.84,429.7,0.264
6781,Auto,Senzor Debitmetru Model 82,73,10,106.91,131.27,0.146
6782,Hardware,Incarcator Gaz Model 50,101,13,284.47,548.57,0.069
6783,Auto,Filtru Aer Model 37,46,14,103.27,213.29,0.112
6784,Electronice,[Electronice] Modul Transmisie LoRa Model 62,23,13,176.83,274.44,0.155
6785,Electronice,[Electronice] Multimetru Analogic Model 69,94,9,95.89,165.7,0.024
6786,Auto,Set Placute Frana Model 97,58,17,83.56,101.47,0.273
6787,Perisabile,[Perisabile] Solutie Curatare Frane Model 19,79,16,293.4,414.18,0.48
6788,Electronice,[Electronice] Multimetru Analogic Model 23,44,17,38.06,64.64,0.202
6789,Auto,Senzor Debitmetru Model 13,32,19,190.65,435.73,0.19
6790,Perisabile,[Perisabile] Spray Degripant Model 39,52,7,293.11,661.19,0.367
6791,Auto,Set Placute Frana Model 85,67,16,131.42,271.48,0.456
6792,Hardware,Cheie Dinamometrica Model 86,44,19,163.48,300.94,0.455
6793,Electronice,[Electronice] Osciloscop Model 53,137,8,110.31,141.8,0.19
6794,Hardware,Set Imbusuri Model 46,36,5,30.38,48.25,0.185
6795,Electronice,[Electronice] Osciloscop Model 72,74,13,12.55,30.25,0.166
6796,Perisabile,[Perisabile] Solutie Curatare Frane Model 7,64,12,149.49,236.82,0.496
6797,Electronice,[Electronice] Sursa Laborator Model 34,32,20,150.7,304.21,0.348
6798,Perisabile,[Perisabile] Adeziv Industrial Model 52,104,20,13.87,19.58,0.22
6799,Auto,Set Placute Frana Model 8,24,6,159.53,208.34,0.436
6800,Auto,Senzor Debitmetru Model 74,22,5,21.32,30.03,0.282
6801,Auto,Furtun Intercooler 2.0 TDI Model 76,105,19,258.05,460.53,0.047
6802,Hardware,Incarcator Gaz Model 21,11,17,264.28,536.2,0.055
6803,Auto,Filtru Aer Model 80,92,18,291.48,680.18,0.065
6804,Electronice,[Electronice] Sursa Laborator Model 69,65,15,44.1,101.61,0.044
6805,Electronice,[Electronice] Sursa Laborator Model 13,105,19,298.88,737.85,0.213
6806,Hardware,Cheie Dinamometrica Model 43,48,8,188.62,342.34,0.341
6807,Auto,Rulment Roata Fata Model 41,101,12,261.6,571.91,0.098
6808,Hardware,Trusa Tubulare Model 92,102,13,46.42,112.02,0.192
6809,Electronice,[Electronice] Modul Transmisie LoRa Model 51,126,12,20.42,31.06,0.301
6810,Perisabile,[Perisabile] Adeziv Industrial Model 73,59,13,97.37,243.07,0.42
6811,Hardware,Incarcator Gaz Model 63,127,12,80.63,152.51,0.289
6812,Hardware,Trusa Tubulare Model 93,98,10,163.84,283.51,0.262
6813,Auto,Rulment Roata Fata Model 99,132,16,173.92,284.43,0.349
6814,Perisabile,[Perisabile] Spray Degripant Model 88,43,9,107.82,176.5,0.448
6815,Auto,Senzor Debitmetru Model 4,127,6,268.81,487.35,0.148
6816,Auto,Baterie 12V 70Ah Model 61,115,17,25.25,35.43,0.181
6817,Perisabile,[Perisabile] Spray Degripant Model 54,115,18,25.75,32.28,0.415
6818,Auto,Senzor Debitmetru Model 19,109,17,210.83,324.26,0.034
6819,Hardware,Trusa Tubulare Model 57,105,8,293.58,507.01,0.226
6820,Electronice,[Electronice] Modul Transmisie LoRa Model 16,2,12,68.1,165.55,0.019
6821,Hardware,Cheie Dinamometrica Model 8,12,5,255.03,622.27,0.307
6822,Auto,Senzor Debitmetru Model 68,143,8,77.77,145.45,0.249
6823,Hardware,Cheie Dinamometrica Model 87,56,19,111.85,230.09,0.156
6824,Auto,Filtru Aer Model 60,135,11,126.78,230.13,0.091
6825,Hardware,Trusa Tubulare Model 39,140,19,73.0,124.28,0.301
6826,Electronice,[Electronice] Osciloscop Model 60,89,20,105.97,238.29,0.311
6827,Hardware,Incarcator Gaz Model 34,93,6,225.61,299.32,0.304
6828,Hardware,Set Imbusuri Model 35,85,10,143.08,274.17,0.364
6829,Hardware,Set Imbusuri Model 90,90,9,31.82,41.68,0.436
6830,Perisabile,[Perisabile] Adeziv Industrial Model 8,43,9,238.53,530.79,0.081
6831,Electronice,[Electronice] Modul Transmisie LoRa Model 29,21,17,224.05,372.69,0.414
6832,Electronice,[Electronice] Modul Transmisie LoRa Model 13,116,8,243.49,486.21,0.408
6833,Perisabile,[Perisabile] Spray Degripant Model 65,58,18,293.62,404.0,0.391
6834,Auto,Baterie 12V 70Ah Model 72,12,20,271.65,603.13,0.147
6835,Hardware,Set Imbusuri Model 62,122,7,84.29,150.9,0.119
6836,Hardware,Incarcator Gaz Model 38,18,18,210.95,393.92,0.061
6837,Electronice,[Electronice] Modul Transmisie LoRa Model 77,85,8,192.38,293.29,0.424
6838,Auto,Senzor Debitmetru Model 42,135,19,46.0,101.57,0.211
6839,Hardware,Trusa Tubulare Model 43,22,12,206.53,458.4,0.039
6840,Electronice,[Electronice] Osciloscop Model 27,68,5,134.97,240.36,0.413
6841,Perisabile,[Perisabile] Solutie Curatare Frane Model 95,94,16,265.69,643.19,0.194
6842,Electronice,[Electronice] Sursa Laborator Model 57,37,18,142.72,177.19,0.135
6843,Hardware,Trusa Tubulare Model 54,120,5,226.69,391.37,0.021
6844,Hardware,Trusa Tubulare Model 82,73,13,148.95,197.63,0.443
6845,Electronice,[Electronice] Sursa Laborator Model 92,141,12,135.65,246.3,0.062
6846,Hardware,Trusa Tubulare Model 93,9,5,79.76,132.2,0.284
6847,Auto,Rulment Roata Fata Model 24,88,15,50.3,108.57,0.275
6848,Perisabile,[Perisabile] Solutie Curatare Frane Model 11,58,5,20.34,32.68,0.152
6849,Perisabile,[Perisabile] Spray Degripant Model 98,123,20,253.96,321.32,0.403
6850,Hardware,Incarcator Gaz Model 50,25,20,283.44,372.07,0.212
6851,Auto,Baterie 12V 70Ah Model 9,144,14,224.64,279.21,0.433
6852,Auto,Set Placute Frana Model 46,69,13,93.17,193.79,0.102
6853,Hardware,Trusa Tubulare Model 33,62,15,213.13,274.82,0.059
6854,Electronice,[Electronice] Multimetru Analogic Model 50,13,8,36.29,52.43,0.241
6855,Perisabile,[Perisabile] Spray Degripant Model 13,131,7,62.49,141.86,0.441
6856,Auto,Filtru Aer Model 96,43,10,210.65,362.48,0.099
6857,Auto,Furtun Intercooler 2.0 TDI Model 97,57,14,53.39,67.97,0.211
6858,Hardware,Incarcator Gaz Model 10,13,9,143.39,248.71,0.185
6859,Perisabile,[Perisabile] Adeziv Industrial Model 21,79,10,153.29,218.44,0.121
6860,Perisabile,[Perisabile] Spray Degripant Model 74,115,17,161.22,395.49,0.212
6861,Hardware,Set Imbusuri Model 60,7,10,198.87,450.78,0.217
6862,Electronice,[Electronice] Sursa Laborator Model 82,88,9,112.3,262.42,0.288
6863,Perisabile,[Perisabile] Solutie Curatare Frane Model 49,114,18,279.68,370.77,0.057
6864,Hardware,Trusa Tubulare Model 66,131,18,233.25,527.12,0.442
6865,Hardware,Trusa Tubulare Model 38,118,8,190.02,314.83,0.173
6866,Perisabile,[Perisabile] Adeziv Industrial Model 18,70,10,134.02,219.13,0.031
6867,Auto,Filtru Aer Model 80,42,11,127.58,205.71,0.13
6868,Auto,Rulment Roata Fata Model 8,105,15,294.14,711.67,0.488
6869,Electronice,[Electronice] Sursa Laborator Model 43,40,17,283.51,429.29,0.42
6870,Hardware,Incarcator Gaz Model 63,35,6,289.83,691.51,0.486
6871,Perisabile,[Perisabile] Adeziv Industrial Model 23,26,8,156.42,290.92,0.439
6872,Electronice,[Electronice] Multimetru Analogic Model 95,150,17,134.63,210.58,0.011
6873,Electronice,[Electronice] Osciloscop Model 79,98,14,229.04,393.42,0.256
6874,Auto,Filtru Aer Model 68,116,7,298.23,584.29,0.039
6875,Electronice,[Electronice] Modul Transmisie LoRa Model 69,122,6,97.91,210.16,0.224
6876,Hardware,Trusa Tubulare Model 54,131,9,230.48,317.0,0.343
6877,Electronice,[Electronice] Multimetru Analogic Model 20,129,16,275.49,669.76,0.24
6878,Hardware,Incarcator Gaz Model 38,15,9,88.83,162.42,0.434
6879,Perisabile,[Perisabile] Solutie Curatare Frane Model 74,124,12,243.57,571.03,0.367
6880,Electronice,[Electronice] Osciloscop Model 32,4,10,146.25,246.51,0.115
6881,Electronice,[Electronice] Multimetru Analogic Model 27,118,7,143.18,194.95,0.129
6882,Electronice,[Electronice] Multimetru Analogic Model 43,140,13,113.14,230.05,0.056
6883,Auto,Furtun Intercooler 2.0 TDI Model 78,134,10,14.87,18.73,0.308
6884,Electronice,[Electronice] Osciloscop Model 54,2,7,147.94,279.52,0.459
6885,Electronice,[Electronice] Sursa Laborator Model 78,72,18,60.32,106.75,0.23
6886,Electronice,[Electronice] Osciloscop Model 50,56,9,145.96,216.76,0.422
6887,Auto,Set Placute Frana Model 59,105,5,94.6,230.45,0.297
6888,Perisabile,[Perisabile] Spray Degripant Model 24,61,11,16.79,36.3,0.387
6889,Electronice,[Electronice] Multimetru Analogic Model 37,146,7,19.38,47.89,0.259
6890,Perisabile,[Perisabile] Solutie Curatare Frane Model 61,108,14,225.65,429.29,0.06
6891,Electronice,[Electronice] Multimetru Analogic Model 59,102,16,228.63,382.34,0.457
6892,Hardware,Incarcator Gaz Model 57,1,18,235.33,587.73,0.196
6893,Hardware,Trusa Tubulare Model 74,42,16,93.52,131.19,0.339
6894,Auto,Filtru Aer Model 58,134,10,82.81,194.08,0.334
6895,Perisabile,[Perisabile] Adeziv Industrial Model 79,80,10,57.42,126.3,0.381
6896,Electronice,[Electronice] Osciloscop Model 41,149,15,255.74,570.11,0.302
6897,Hardware,Cheie Dinamometrica Model 19,13,5,84.04,122.6,0.433
6898,Electronice,[Electronice] Osciloscop Model 2,94,16,193.71,477.41,0.467
6899,Auto,Baterie 12V 70Ah Model 98,32,12,180.98,296.95,0.129
6900,Electronice,[Electronice] Modul Transmisie LoRa Model 74,109,19,106.96,162.37,0.469
6901,Auto,Senzor Debitmetru Model 60,96,18,224.84,291.15,0.218
6902,Auto,Rulment Roata Fata Model 83,6,20,210.03,501.07,0.083
6903,Perisabile,[Perisabile] Solutie Curatare Frane Model 65,132,6,247.49,402.1,0.211
6904,Perisabile,[Perisabile] Spray Degripant Model 29,68,13,191.06,270.92,0.489
6905,Hardware,Incarcator Gaz Model 31,128,6,221.05,271.61,0.044
6906,Hardware,Set Imbusuri Model 76,143,13,141.6,224.62,0.415
6907,Electronice,[Electronice] Sursa Laborator Model 50,86,11,160.34,330.48,0.125
6908,Auto,Filtru Aer Model 69,19,20,18.07,38.33,0.094
6909,Electronice,[Electronice] Osciloscop Model 61,141,9,218.7,356.33,0.307
6910,Electronice,[Electronice] Multimetru Analogic Model 83,139,18,231.85,386.91,0.124
6911,Auto,Filtru Aer Model 1,47,7,40.84,58.58,0.32
6912,Electronice,[Electronice] Multimetru Analogic Model 17,78,16,236.62,466.41,0.467
6913,Perisabile,[Perisabile] Solutie Curatare Frane Model 78,114,13,117.57,267.6,0.413
6914,Hardware,Trusa Tubulare Model 15,82,14,252.72,500.41,0.085
6915,Auto,Furtun Intercooler 2.0 TDI Model 54,76,7,59.85,141.28,0.473
6916,Perisabile,[Perisabile] Spray Degripant Model 44,51,14,98.08,168.27,0.368
6917,Hardware,Cheie Dinamometrica Model 9,132,13,48.21,74.82,0.141
6918,Hardware,Trusa Tubulare Model 77,80,7,176.91,217.96,0.247
6919,Auto,Filtru Aer Model 91,95,6,128.95,225.59,0.304
6920,Auto,Senzor Debitmetru Model 73,76,19,130.28,257.32,0.155
6921,Auto,Furtun Intercooler 2.0 TDI Model 8,37,12,157.53,279.98,0.2
6922,Hardware,Set Imbusuri Model 80,134,17,48.48,99.43,0.413
6923,Electronice,[Electronice] Osciloscop Model 77,133,6,123.3,205.85,0.147
6924,Hardware,Cheie Dinamometrica Model 14,43,18,178.38,245.43,0.049
6925,Auto,Baterie 12V 70Ah Model 67,140,7,111.53,172.02,0.364
6926,Electronice,[Electronice] Multimetru Analogic Model 74,10,7,282.95,485.55,0.168
6927,Auto,Filtru Aer Model 36,24,11,20.71,45.41,0.105
6928,Electronice,[Electronice] Multimetru Analogic Model 14,142,14,175.47,418.1,0.351
6929,Perisabile,[Perisabile] Spray Degripant Model 75,102,11,221.58,282.84,0.322
6930,Perisabile,[Perisabile] Spray Degripant Model 33,57,17,133.42,246.82,0.153
6931,Perisabile,[Perisabile] Adeziv Industrial Model 74,46,9,193.78,348.01,0.256
6932,Electronice,[Electronice] Multimetru Analogic Model 91,123,6,220.8,528.88,0.014
6933,Hardware,Cheie Dinamometrica Model 3,66,6,164.58,310.19,0.318
6934,Electronice,[Electronice] Multimetru Analogic Model 16,113,13,209.18,471.36,0.302
6935,Perisabile,[Perisabile] Spray Degripant Model 10,143,11,210.43,310.53,0.231
6936,Hardware,Set Imbusuri Model 49,23,19,32.01,55.95,0.244
6937,Auto,Baterie 12V 70Ah Model 81,106,13,92.63,166.39,0.491
6938,Auto,Filtru Aer Model 93,26,15,177.87,415.73,0.347
6939,Electronice,[Electronice] Osciloscop Model 46,35,15,114.82,172.27,0.242
6940,Perisabile,[Perisabile] Solutie Curatare Frane Model 34,130,20,215.01,483.6,0.01
6941,Electronice,[Electronice] Osciloscop Model 9,54,19,177.84,223.27,0.305
6942,Hardware,Cheie Dinamometrica Model 13,50,13,95.77,149.06,0.279
6943,Hardware,Incarcator Gaz Model 89,128,7,218.62,474.13,0.077
6944,Electronice,[Electronice] Sursa Laborator Model 69,143,11,99.43,224.8,0.14
6945,Electronice,[Electronice] Modul Transmisie LoRa Model 58,130,16,166.48,303.25,0.259
6946,Electronice,[Electronice] Sursa Laborator Model 11,5,20,182.17,252.63,0.174
6947,Perisabile,[Perisabile] Solutie Curatare Frane Model 90,99,12,148.15,271.12,0.234
6948,Electronice,[Electronice] Osciloscop Model 87,47,5,97.89,216.57,0.389
6949,Electronice,[Electronice] Multimetru Analogic Model 63,108,20,196.98,467.87,0.17
6950,Hardware,Cheie Dinamometrica Model 29,11,20,242.02,577.62,0.109
6951,Electronice,[Electronice] Modul Transmisie LoRa Model 97,133,16,185.6,453.65,0.094
6952,Perisabile,[Perisabile] Spray Degripant Model 9,66,17,66.72,112.73,0.035
6953,Hardware,Incarcator Gaz Model 44,10,5,265.6,372.81,0.438
6954,Electronice,[Electronice] Osciloscop Model 25,96,13,179.41,308.63,0.343
6955,Hardware,Set Imbusuri Model 75,89,16,215.41,419.83,0.141
6956,Hardware,Set Imbusuri Model 37,51,14,182.49,370.93,0.076
6957,Electronice,[Electronice] Osciloscop Model 26,8,9,282.74,558.81,0.347
6958,Electronice,[Electronice] Modul Transmisie LoRa Model 96,110,12,182.88,260.48,0.234
6959,Auto,Senzor Debitmetru Model 1,25,18,165.77,293.11,0.085
6960,Hardware,Trusa Tubulare Model 83,42,17,264.41,413.1,0.377
6961,Hardware,Trusa Tubulare Model 69,141,12,60.36,132.0,0.412
6962,Electronice,[Electronice] Osciloscop Model 17,93,11,149.8,202.98,0.281
6963,Electronice,[Electronice] Sursa Laborator Model 36,19,12,162.81,392.58,0.257
6964,Electronice,[Electronice] Modul Transmisie LoRa Model 42,0,9,120.85,246.28,0.233
6965,Hardware,Set Imbusuri Model 17,13,9,29.31,38.55,0.119
6966,Electronice,[Electronice] Osciloscop Model 40,8,8,172.84,224.32,0.18
6967,Perisabile,[Perisabile] Adeziv Industrial Model 52,122,15,166.01,244.82,0.489
6968,Hardware,Set Imbusuri Model 43,98,7,54.72,126.32,0.042
6969,Hardware,Set Imbusuri Model 23,145,11,293.56,642.03,0.385
6970,Auto,Baterie 12V 70Ah Model 95,21,11,234.85,424.15,0.204
6971,Hardware,Incarcator Gaz Model 32,33,15,257.46,472.4,0.096
6972,Auto,Senzor Debitmetru Model 17,60,19,138.1,328.44,0.25
6973,Auto,Furtun Intercooler 2.0 TDI Model 25,78,20,18.64,43.95,0.453
6974,Auto,Filtru Aer Model 62,98,5,195.3,324.14,0.311
6975,Auto,Filtru Aer Model 33,94,15,281.31,363.94,0.468
6976,Hardware,Incarcator Gaz Model 83,5,13,251.61,578.7,0.086
6977,Auto,Set Placute Frana Model 96,133,13,22.78,49.45,0.213
6978,Perisabile,[Perisabile] Spray Degripant Model 57,78,14,291.96,591.67,0.363
6979,Hardware,Incarcator Gaz Model 57,69,5,206.93,330.6,0.303
6980,Hardware,Trusa Tubulare Model 56,86,20,266.65,437.83,0.032
6981,Auto,Rulment Roata Fata Model 13,87,20,280.59,377.07,0.18
6982,Perisabile,[Perisabile] Solutie Curatare Frane Model 63,36,10,155.83,386.09,0.361
6983,Perisabile,[Perisabile] Adeziv Industrial Model 80,21,16,286.67,345.07,0.061
6984,Electronice,[Electronice] Osciloscop Model 95,83,9,14.65,22.86,0.299
6985,Auto,Baterie 12V 70Ah Model 51,37,19,128.89,302.37,0.02
6986,Auto,Senzor Debitmetru Model 34,83,8,115.01,204.02,0.361
6987,Perisabile,[Perisabile] Adeziv Industrial Model 38,147,17,125.97,214.2,0.289
6988,Electronice,[Electronice] Modul Transmisie LoRa Model 71,128,19,67.67,151.57,0.186
6989,Perisabile,[Perisabile] Solutie Curatare Frane Model 88,105,19,62.05,134.99,0.076
6990,Hardware,Set Imbusuri Model 56,16,15,102.65,124.57,0.406
6991,Electronice,[Electronice] Multimetru Analogic Model 20,91,15,78.17,152.72,0.346
6992,Perisabile,[Perisabile] Solutie Curatare Frane Model 10,112,15,224.97,547.59,0.287
6993,Hardware,Trusa Tubulare Model 53,62,10,144.27,200.81,0.239
6994,Auto,Filtru Aer Model 44,44,20,111.77,225.48,0.425
6995,Auto,Senzor Debitmetru Model 41,3,15,57.32,93.26,0.387
6996,Electronice,[Electronice] Multimetru Analogic Model 41,1,16,288.68,371.29,0.046
6997,Electronice,[Electronice] Sursa Laborator Model 93,103,20,197.62,487.98,0.208
6998,Electronice,[Electronice] Multimetru Analogic Model 97,39,15,20.2,33.95,0.378
6999,Auto,Senzor Debitmetru Model 97,135,15,116.31,147.55,0.213
7000,Hardware,Set Imbusuri Model 55,77,10,248.01,352.52,0.089
7001,Auto,Senzor Debitmetru Model 52,79,15,31.3,54.37,0.405
7002,Hardware,Set Imbusuri Model 70,76,19,106.26,241.31,0.064
7003,Auto,Set Placute Frana Model 84,124,16,259.2,376.37,0.227
7004,Hardware,Cheie Dinamometrica Model 41,32,14,72.16,111.08,0.31
7005,Perisabile,[Perisabile] Solutie Curatare Frane Model 42,75,11,217.4,270.97,0.239
7006,Electronice,[Electronice] Modul Transmisie LoRa Model 43,87,13,31.8,54.15,0.152
7007,Hardware,Cheie Dinamometrica Model 66,69,19,65.28,144.29,0.048
7008,Perisabile,[Perisabile] Solutie Curatare Frane Model 85,19,9,281.52,676.21,0.229
7009,Auto,Set Placute Frana Model 4,7,17,10.94,21.89,0.282
7010,Auto,Furtun Intercooler 2.0 TDI Model 90,52,13,37.53,62.69,0.136
7011,Perisabile,[Perisabile] Spray Degripant Model 24,104,9,96.47,153.42,0.476
7012,Hardware,Cheie Dinamometrica Model 78,120,18,154.99,238.83,0.295
7013,Auto,Set Placute Frana Model 53,91,17,10.23,13.51,0.202
7014,Electronice,[Electronice] Multimetru Analogic Model 52,141,11,180.46,330.33,0.143
7015,Auto,Baterie 12V 70Ah Model 84,95,16,39.4,77.97,0.061
7016,Auto,Filtru Aer Model 40,116,5,84.6,177.56,0.046
7017,Hardware,Trusa Tubulare Model 90,11,7,72.75,107.3,0.485
7018,Hardware,Incarcator Gaz Model 18,112,10,250.43,409.74,0.224
7019,Auto,Furtun Intercooler 2.0 TDI Model 18,78,15,66.47,108.49,0.372
7020,Perisabile,[Perisabile] Adeziv Industrial Model 54,49,20,297.15,635.36,0.1
7021,Auto,Senzor Debitmetru Model 25,23,18,250.64,583.07,0.492
7022,Auto,Set Placute Frana Model 39,6,10,250.94,382.4,0.107
7023,Electronice,[Electronice] Sursa Laborator Model 14,52,14,232.17,317.45,0.076
7024,Perisabile,[Perisabile] Adeziv Industrial Model 23,39,10,238.82,299.18,0.351
7025,Electronice,[Electronice] Modul Transmisie LoRa Model 66,29,20,239.0,555.53,0.337
7026,Electronice,[Electronice] Multimetru Analogic Model 12,28,20,282.5,406.26,0.078
7027,Electronice,[Electronice] Modul Transmisie LoRa Model 54,46,5,20.99,46.69,0.19
7028,Auto,Filtru Aer Model 63,82,5,181.51,448.29,0.443
7029,Electronice,[Electronice] Sursa Laborator Model 94,127,8,20.23,28.93,0.222
7030,Hardware,Incarcator Gaz Model 87,117,9,31.37,59.89,0.209
7031,Perisabile,[Perisabile] Spray Degripant Model 18,129,8,295.55,494.91,0.125
7032,Perisabile,[Perisabile] Solutie Curatare Frane Model 77,69,15,242.5,424.12,0.414
7033,Hardware,Trusa Tubulare Model 53,147,11,290.32,365.95,0.29
7034,Hardware,Cheie Dinamometrica Model 81,149,9,191.04,257.54,0.276
7035,Electronice,[Electronice] Osciloscop Model 44,85,6,221.3,456.11,0.296
7036,Perisabile,[Perisabile] Solutie Curatare Frane Model 84,24,13,164.3,400.04,0.443
7037,Electronice,[Electronice] Osciloscop Model 33,6,8,71.86,92.05,0.021
7038,Auto,Rulment Roata Fata Model 77,103,18,54.9,69.8,0.153
7039,Electronice,[Electronice] Modul Transmisie LoRa Model 91,116,18,88.35,130.07,0.161
7040,Auto,Furtun Intercooler 2.0 TDI Model 16,21,17,254.58,599.41,0.024
7041,Electronice,[Electronice] Osciloscop Model 46,2,14,228.96,568.46,0.124
7042,Perisabile,[Perisabile] Adeziv Industrial Model 46,150,15,251.31,584.01,0.328
7043,Hardware,Trusa Tubulare Model 30,69,13,209.39,388.32,0.076
7044,Auto,Set Placute Frana Model 69,0,8,187.67,296.56,0.449
7045,Electronice,[Electronice] Modul Transmisie LoRa Model 43,103,17,78.88,187.87,0.458
7046,Electronice,[Electronice] Multimetru Analogic Model 63,128,16,86.65,151.99,0.373
7047,Electronice,[Electronice] Modul Transmisie LoRa Model 86,83,15,61.82,112.9,0.394
7048,Auto,Senzor Debitmetru Model 52,129,19,193.7,279.18,0.079
7049,Electronice,[Electronice] Modul Transmisie LoRa Model 65,94,10,291.01,699.15,0.246
7050,Auto,Set Placute Frana Model 46,100,7,52.48,72.93,0.128
7051,Auto,Set Placute Frana Model 76,21,6,228.05,531.25,0.138
7052,Perisabile,[Perisabile] Adeziv Industrial Model 47,18,12,292.97,474.28,0.192
7053,Auto,Baterie 12V 70Ah Model 94,88,16,110.69,268.88,0.366
7054,Auto,Baterie 12V 70Ah Model 83,37,18,139.24,254.16,0.062
7055,Hardware,Trusa Tubulare Model 99,91,12,131.41,326.44,0.498
7056,Electronice,[Electronice] Osciloscop Model 66,56,16,105.25,242.37,0.075
7057,Auto,Senzor Debitmetru Model 35,91,12,98.26,211.55,0.441
7058,Perisabile,[Perisabile] Spray Degripant Model 36,97,19,73.41,100.9,0.279
7059,Perisabile,[Perisabile] Spray Degripant Model 44,27,18,49.55,68.73,0.053
7060,Electronice,[Electronice] Osciloscop Model 72,145,15,133.38,319.44,0.464
7061,Auto,Furtun Intercooler 2.0 TDI Model 95,8,12,33.59,43.34,0.335
7062,Perisabile,[Perisabile] Spray Degripant Model 49,33,6,190.65,322.94,0.312
7063,Auto,Furtun Intercooler 2.0 TDI Model 67,11,6,246.9,608.73,0.438
7064,Perisabile,[Perisabile] Spray Degripant Model 96,138,12,127.91,194.92,0.178
7065,Hardware,Cheie Dinamometrica Model 44,49,20,196.77,291.73,0.374
7066,Hardware,Incarcator Gaz Model 54,29,16,217.72,328.15,0.323
7067,Electronice,[Electronice] Modul Transmisie LoRa Model 96,119,16,37.37,45.92,0.324
7068,Electronice,[Electronice] Osciloscop Model 81,109,20,202.57,259.46,0.202
7069,Perisabile,[Perisabile] Adeziv Industrial Model 21,69,9,172.42,213.41,0.284
7070,Hardware,Trusa Tubulare Model 71,61,12,183.38,457.4,0.33
7071,Electronice,[Electronice] Multimetru Analogic Model 99,107,10,245.01,457.44,0.381
7072,Perisabile,[Perisabile] Spray Degripant Model 30,63,15,274.02,369.34,0.295
7073,Auto,Baterie 12V 70Ah Model 28,9,6,170.8,396.18,0.233
7074,Electronice,[Electronice] Osciloscop Model 15,132,9,196.27,477.55,0.345
7075,Perisabile,[Perisabile] Solutie Curatare Frane Model 42,108,5,121.23,172.45,0.487
7076,Perisabile,[Perisabile] Solutie Curatare Frane Model 60,126,13,65.5,91.46,0.141
7077,Perisabile,[Perisabile] Solutie Curatare Frane Model 43,9,10,190.62,393.03,0.118
7078,Auto,Filtru Aer Model 78,73,7,167.08,204.75,0.417
7079,Auto,Senzor Debitmetru Model 52,68,19,53.67,79.27,0.348
7080,Electronice,[Electronice] Sursa Laborator Model 88,49,12,250.4,495.42,0.136
7081,Hardware,Incarcator Gaz Model 78,78,9,65.96,132.96,0.253
7082,Electronice,[Electronice] Osciloscop Model 14,76,16,68.91,105.85,0.108
7083,Hardware,Set Imbusuri Model 32,74,7,275.29,529.86,0.045
7084,Auto,Rulment Roata Fata Model 69,42,18,109.21,247.63,0.448
7085,Electronice,[Electronice] Osciloscop Model 53,75,16,171.57,375.06,0.433
7086,Hardware,Incarcator Gaz Model 78,147,11,86.97,160.69,0.062
7087,Perisabile,[Perisabile] Adeziv Industrial Model 96,41,6,267.02,645.33,0.28
7088,Auto,Senzor Debitmetru Model 24,6,10,106.67,163.9,0.094
7089,Hardware,Set Imbusuri Model 2,64,20,63.25,152.92,0.216
7090,Auto,Set Placute Frana Model 47,93,5,169.23,223.82,0.098
7091,Electronice,[Electronice] Multimetru Analogic Model 81,48,14,144.77,188.74,0.42
7092,Electronice,[Electronice] Modul Transmisie LoRa Model 92,139,9,103.34,237.54,0.402
7093,Hardware,Set Imbusuri Model 28,33,13,209.72,375.27,0.387
7094,Electronice,[Electronice] Osciloscop Model 7,87,9,224.57,543.65,0.018
7095,Hardware,Cheie Dinamometrica Model 21,60,8,116.73,278.97,0.396
7096,Perisabile,[Perisabile] Solutie Curatare Frane Model 99,145,17,128.12,313.19,0.316
7097,Electronice,[Electronice] Modul Transmisie LoRa Model 24,95,15,64.65,117.47,0.28
7098,Electronice,[Electronice] Multimetru Analogic Model 49,75,6,298.69,483.93,0.166
7099,Electronice,[Electronice] Osciloscop Model 98,46,12,145.21,276.52,0.34
7100,Hardware,Incarcator Gaz Model 73,119,19,97.53,186.49,0.248
7101,Auto,Filtru Aer Model 5,142,15,41.26,58.08,0.039
7102,Perisabile,[Perisabile] Solutie Curatare Frane Model 96,59,16,69.22,89.15,0.292
7103,Auto,Set Placute Frana Model 64,126,16,74.67,106.8,0.331
7104,Perisabile,[Perisabile] Spray Degripant Model 21,1,20,23.58,54.58,0.224
7105,Auto,Senzor Debitmetru Model 3,144,7,211.63,505.2,0.335
7106,Electronice,[Electronice] Modul Transmisie LoRa Model 41,86,20,57.99,110.0,0.349
7107,Hardware,Cheie Dinamometrica Model 57,69,14,286.76,545.6,0.055
7108,Hardware,Set Imbusuri Model 67,99,10,268.72,468.52,0.047
7109,Auto,Senzor Debitmetru Model 95,116,18,144.67,204.63,0.025
7110,Electronice,[Electronice] Sursa Laborator Model 95,35,12,38.22,88.84,0.176
7111,Electronice,[Electronice] Osciloscop Model 70,50,14,288.64,540.33,0.426
7112,Electronice,[Electronice] Multimetru Analogic Model 51,8,9,164.32,364.8,0.382
7113,Perisabile,[Perisabile] Solutie Curatare Frane Model 37,50,5,234.62,494.53,0.164
7114,Electronice,[Electronice] Osciloscop Model 74,88,16,62.9,149.9,0.383
7115,Auto,Set Placute Frana Model 63,49,20,193.4,319.64,0.377
7116,Hardware,Trusa Tubulare Model 66,90,10,130.38,162.56,0.257
7117,Electronice,[Electronice] Osciloscop Model 35,47,16,13.57,20.56,0.265
7118,Perisabile,[Perisabile] Adeziv Industrial Model 13,89,7,193.95,441.79,0.056
7119,Hardware,Incarcator Gaz Model 47,67,19,215.84,476.92,0.386
7120,Perisabile,[Perisabile] Spray Degripant Model 93,42,15,230.76,542.03,0.433
7121,Perisabile,[Perisabile] Spray Degripant Model 50,102,16,194.66,378.79,0.061
7122,Hardware,Trusa Tubulare Model 54,95,9,153.91,207.58,0.457
7123,Electronice,[Electronice] Sursa Laborator Model 40,64,18,124.99,274.45,0.184
7124,Hardware,Cheie Dinamometrica Model 93,37,8,213.36,335.38,0.397
7125,Hardware,Cheie Dinamometrica Model 4,9,20,169.52,420.38,0.427
7126,Perisabile,[Perisabile] Spray Degripant Model 38,52,13,164.77,300.64,0.147
7127,Perisabile,[Perisabile] Adeziv Industrial Model 64,118,20,248.08,398.81,0.216
7128,Electronice,[Electronice] Modul Transmisie LoRa Model 72,108,14,81.29,105.46,0.396
7129,Auto,Furtun Intercooler 2.0 TDI Model 62,78,18,229.43,347.15,0.477
7130,Perisabile,[Perisabile] Solutie Curatare Frane Model 96,72,15,69.72,144.8,0.443
7131,Perisabile,[Perisabile] Solutie Curatare Frane Model 13,130,9,28.26,59.0,0.226
7132,Perisabile,[Perisabile] Spray Degripant Model 38,28,15,283.12,699.07,0.312
7133,Hardware,Incarcator Gaz Model 18,85,5,230.4,548.41,0.316
7134,Perisabile,[Perisabile] Solutie Curatare Frane Model 80,56,6,163.57,280.34,0.275
7135,Perisabile,[Perisabile] Solutie Curatare Frane Model 11,5,13,215.43,439.57,0.02
7136,Hardware,Trusa Tubulare Model 83,83,19,90.36,156.07,0.389
7137,Electronice,[Electronice] Osciloscop Model 81,51,18,60.28,149.26,0.158
7138,Hardware,Incarcator Gaz Model 67,7,12,227.34,428.07,0.422
7139,Electronice,[Electronice] Sursa Laborator Model 74,61,14,265.92,461.51,0.086
7140,Hardware,Cheie Dinamometrica Model 38,12,9,96.52,164.89,0.101
7141,Perisabile,[Perisabile] Solutie Curatare Frane Model 13,62,17,74.54,184.6,0.305
7142,Auto,Senzor Debitmetru Model 16,18,6,12.46,16.64,0.447
7143,Hardware,Trusa Tubulare Model 28,13,17,142.51,332.52,0.383
7144,Electronice,[Electronice] Multimetru Analogic Model 59,144,5,11.82,20.14,0.455
7145,Perisabile,[Perisabile] Solutie Curatare Frane Model 33,91,17,288.98,659.14,0.122
7146,Perisabile,[Perisabile] Spray Degripant Model 72,65,7,114.23,240.66,0.301
7147,Hardware,Trusa Tubulare Model 88,68,15,277.86,598.49,0.415
7148,Perisabile,[Perisabile] Spray Degripant Model 21,46,18,255.02,485.99,0.418
7149,Auto,Rulment Roata Fata Model 66,88,18,277.82,465.51,0.029
7150,Auto,Baterie 12V 70Ah Model 33,107,6,232.2,444.63,0.39
7151,Electronice,[Electronice] Osciloscop Model 27,144,14,110.79,172.64,0.172
7152,Electronice,[Electronice] Multimetru Analogic Model 13,138,18,257.74,337.88,0.235
7153,Electronice,[Electronice] Sursa Laborator Model 62,52,11,166.38,366.01,0.032
7154,Hardware,Trusa Tubulare Model 25,137,9,90.99,180.27,0.366
7155,Electronice,[Electronice] Modul Transmisie LoRa Model 62,116,17,277.24,423.78,0.049
7156,Auto,Senzor Debitmetru Model 29,58,11,116.91,263.64,0.012
7157,Perisabile,[Perisabile] Adeziv Industrial Model 26,6,14,293.3,477.24,0.012
7158,Hardware,Trusa Tubulare Model 65,1,6,164.33,320.94,0.426
7159,Auto,Furtun Intercooler 2.0 TDI Model 20,54,7,26.04,38.07,0.437
7160,Hardware,Trusa Tubulare Model 43,141,11,279.85,539.93,0.086
7161,Electronice,[Electronice] Sursa Laborator Model 83,19,7,30.42,55.67,0.399
7162,Auto,Baterie 12V 70Ah Model 67,16,20,159.62,390.45,0.419
7163,Electronice,[Electronice] Osciloscop Model 77,79,19,291.41,710.87,0.402
7164,Electronice,[Electronice] Sursa Laborator Model 42,131,17,172.32,309.13,0.049
7165,Hardware,Cheie Dinamometrica Model 91,139,10,193.17,382.28,0.333
7166,Electronice,[Electronice] Osciloscop Model 25,74,11,90.14,118.73,0.058
7167,Hardware,Trusa Tubulare Model 75,44,14,79.79,143.4,0.244
7168,Electronice,[Electronice] Multimetru Analogic Model 70,81,19,65.4,117.82,0.47
7169,Perisabile,[Perisabile] Solutie Curatare Frane Model 52,89,6,199.79,471.67,0.066
7170,Perisabile,[Perisabile] Adeziv Industrial Model 58,33,19,146.21,197.72,0.082
7171,Hardware,Trusa Tubulare Model 36,26,17,289.29,528.84,0.375
7172,Hardware,Incarcator Gaz Model 72,47,10,173.88,357.05,0.083
7173,Electronice,[Electronice] Sursa Laborator Model 99,124,12,253.25,331.1,0.204
7174,Hardware,Set Imbusuri Model 15,35,11,19.98,45.43,0.348
7175,Perisabile,[Perisabile] Adeziv Industrial Model 92,110,7,26.45,52.1,0.069
7176,Electronice,[Electronice] Multimetru Analogic Model 1,68,7,217.21,353.6,0.376
7177,Hardware,Incarcator Gaz Model 97,13,18,259.43,408.23,0.194
7178,Auto,Filtru Aer Model 98,79,9,293.73,545.05,0.096
7179,Perisabile,[Perisabile] Solutie Curatare Frane Model 2,28,12,138.31,220.54,0.283
7180,Electronice,[Electronice] Multimetru Analogic Model 13,138,17,148.64,222.88,0.233
7181,Hardware,Trusa Tubulare Model 44,62,9,10.13,13.86,0.467
7182,Electronice,[Electronice] Multimetru Analogic Model 30,30,19,45.37,86.44,0.258
7183,Hardware,Incarcator Gaz Model 69,109,16,241.65,546.9,0.406
7184,Auto,Rulment Roata Fata Model 13,123,10,47.7,103.67,0.208
7185,Auto,Filtru Aer Model 49,128,15,68.23,119.33,0.411
7186,Electronice,[Electronice] Osciloscop Model 44,91,13,213.26,284.19,0.409
7187,Hardware,Incarcator Gaz Model 31,80,6,27.95,56.85,0.15
7188,Hardware,Trusa Tubulare Model 23,89,8,214.02,331.2,0.381
7189,Hardware,Cheie Dinamometrica Model 57,128,5,182.13,248.5,0.369
7190,Hardware,Trusa Tubulare Model 97,139,14,154.33,285.39,0.204
7191,Electronice,[Electronice] Sursa Laborator Model 2,70,16,169.05,205.07,0.135
7192,Auto,Set Placute Frana Model 80,18,14,194.83,356.66,0.064
7193,Hardware,Trusa Tubulare Model 34,58,18,42.95,94.36,0.283
7194,Perisabile,[Perisabile] Adeziv Industrial Model 97,22,5,140.73,316.65,0.178
7195,Electronice,[Electronice] Modul Transmisie LoRa Model 23,0,15,298.06,445.7,0.144
7196,Hardware,Trusa Tubulare Model 93,65,9,226.66,417.41,0.193
7197,Perisabile,[Perisabile] Adeziv Industrial Model 26,39,14,210.74,297.94,0.45
7198,Perisabile,[Perisabile] Solutie Curatare Frane Model 87,117,17,67.13,119.54,0.189
7199,Electronice,[Electronice] Osciloscop Model 47,2,6,274.93,460.56,0.186
7200,Hardware,Cheie Dinamometrica Model 42,39,14,129.83,265.96,0.076
7201,Hardware,Incarcator Gaz Model 46,41,18,26.19,37.26,0.327
7202,Hardware,Cheie Dinamometrica Model 80,26,19,11.4,20.5,0.448
7203,Electronice,[Electronice] Multimetru Analogic Model 80,137,6,82.49,191.96,0.05
7204,Perisabile,[Perisabile] Spray Degripant Model 26,18,13,149.75,316.02,0.369
7205,Perisabile,[Perisabile] Solutie Curatare Frane Model 11,109,6,136.45,190.1,0.243
7206,Auto,Filtru Aer Model 45,99,16,223.94,332.22,0.457
7207,Auto,Baterie 12V 70Ah Model 21,59,11,290.05,585.56,0.217
7208,Perisabile,[Perisabile] Spray Degripant Model 63,131,15,182.92,294.08,0.155
7209,Perisabile,[Perisabile] Adeziv Industrial Model 86,51,16,84.16,131.06,0.062
7210,Auto,Senzor Debitmetru Model 78,49,10,274.18,373.22,0.303
7211,Auto,Set Placute Frana Model 80,41,20,179.7,307.01,0.283
7212,Auto,Rulment Roata Fata Model 41,132,8,282.79,526.74,0.182
7213,Auto,Baterie 12V 70Ah Model 39,135,16,31.48,66.17,0.022
7214,Perisabile,[Perisabile] Spray Degripant Model 74,22,8,182.19,321.02,0.059
7215,Auto,Baterie 12V 70Ah Model 95,25,18,148.44,252.25,0.285
7216,Hardware,Cheie Dinamometrica Model 77,24,16,256.09,432.73,0.032
7217,Auto,Set Placute Frana Model 39,91,18,148.58,242.56,0.08
7218,Electronice,[Electronice] Sursa Laborator Model 62,142,20,113.25,140.94,0.372
7219,Hardware,Trusa Tubulare Model 82,132,19,26.32,44.62,0.23
7220,Perisabile,[Perisabile] Adeziv Industrial Model 45,130,9,99.48,129.93,0.04
7221,Auto,Set Placute Frana Model 25,109,9,187.83,322.48,0.415
7222,Perisabile,[Perisabile] Adeziv Industrial Model 6,86,14,60.2,106.28,0.467
7223,Hardware,Cheie Dinamometrica Model 20,51,13,212.32,294.68,0.137
7224,Perisabile,[Perisabile] Solutie Curatare Frane Model 96,38,12,73.8,154.49,0.161
7225,Auto,Rulment Roata Fata Model 58,109,5,249.39,603.29,0.286
7226,Hardware,Trusa Tubulare Model 53,56,18,271.45,606.21,0.08
7227,Perisabile,[Perisabile] Spray Degripant Model 66,52,11,188.88,445.01,0.108
7228,Perisabile,[Perisabile] Spray Degripant Model 47,97,17,164.82,216.49,0.164
7229,Hardware,Set Imbusuri Model 54,42,12,183.35,449.82,0.226
7230,Auto,Rulment Roata Fata Model 87,144,20,126.34,257.05,0.018
7231,Electronice,[Electronice] Sursa Laborator Model 59,79,16,299.08,729.08,0.306
7232,Perisabile,[Perisabile] Solutie Curatare Frane Model 53,89,12,126.01,313.73,0.195
7233,Auto,Set Placute Frana Model 33,84,5,158.14,220.35,0.145
7234,Hardware,Trusa Tubulare Model 14,86,17,229.95,404.81,0.185
7235,Electronice,[Electronice] Sursa Laborator Model 47,46,18,100.08,235.0,0.474
7236,Perisabile,[Perisabile] Adeziv Industrial Model 97,108,8,171.71,281.97,0.34
7237,Perisabile,[Perisabile] Spray Degripant Model 77,42,16,63.09,153.01,0.178
7238,Electronice,[Electronice] Modul Transmisie LoRa Model 34,135,9,92.85,192.97,0.439
7239,Electronice,[Electronice] Sursa Laborator Model 24,27,13,139.75,218.03,0.333
7240,Electronice,[Electronice] Sursa Laborator Model 85,34,17,43.96,60.73,0.024
7241,Perisabile,[Perisabile] Solutie Curatare Frane Model 97,82,16,52.45,89.52,0.155
7242,Perisabile,[Perisabile] Solutie Curatare Frane Model 64,90,15,242.63,467.05,0.472
7243,Auto,Set Placute Frana Model 70,133,18,157.1,281.74,0.318
7244,Electronice,[Electronice] Osciloscop Model 25,88,6,224.8,448.86,0.193
7245,Auto,Rulment Roata Fata Model 47,56,15,145.96,287.68,0.458
7246,Electronice,[Electronice] Sursa Laborator Model 30,49,20,57.83,85.7,0.012
7247,Hardware,Trusa Tubulare Model 82,125,18,19.43,38.71,0.475
7248,Electronice,[Electronice] Osciloscop Model 53,7,15,117.72,195.53,0.314
7249,Hardware,Trusa Tubulare Model 47,30,12,203.37,298.62,0.021
7250,Auto,Set Placute Frana Model 55,66,8,44.43,81.29,0.318
7251,Hardware,Set Imbusuri Model 72,72,9,103.6,154.85,0.106
7252,Hardware,Cheie Dinamometrica Model 16,90,16,196.63,277.1,0.139
7253,Electronice,[Electronice] Modul Transmisie LoRa Model 85,35,15,241.98,529.07,0.328
7254,Electronice,[Electronice] Sursa Laborator Model 49,86,9,241.86,508.05,0.344
7255,Electronice,[Electronice] Sursa Laborator Model 4,72,13,236.14,550.87,0.412
7256,Electronice,[Electronice] Modul Transmisie LoRa Model 29,4,13,221.85,355.86,0.29
7257,Electronice,[Electronice] Osciloscop Model 68,108,14,92.49,228.99,0.272
7258,Electronice,[Electronice] Multimetru Analogic Model 53,15,6,162.97,264.18,0.489
7259,Electronice,[Electronice] Sursa Laborator Model 86,63,13,257.44,622.74,0.294
7260,Perisabile,[Perisabile] Adeziv Industrial Model 55,10,19,237.65,285.26,0.059
7261,Hardware,Set Imbusuri Model 6,108,20,149.32,202.39,0.377
7262,Auto,Rulment Roata Fata Model 45,139,5,231.28,363.7,0.368
7263,Perisabile,[Perisabile] Spray Degripant Model 66,102,18,242.77,479.16,0.218
7264,Electronice,[Electronice] Osciloscop Model 73,148,18,87.14,167.74,0.109
7265,Electronice,[Electronice] Modul Transmisie LoRa Model 96,124,12,261.24,574.82,0.465
7266,Perisabile,[Perisabile] Adeziv Industrial Model 42,32,14,207.54,288.89,0.047
7267,Auto,Rulment Roata Fata Model 15,122,13,75.53,144.35,0.219
7268,Auto,Filtru Aer Model 50,29,8,283.19,477.84,0.203
7269,Electronice,[Electronice] Multimetru Analogic Model 32,106,5,249.69,408.29,0.421
7270,Auto,Furtun Intercooler 2.0 TDI Model 10,114,13,211.81,308.06,0.046
7271,Electronice,[Electronice] Sursa Laborator Model 80,113,17,243.51,321.92,0.314
7272,Perisabile,[Perisabile] Solutie Curatare Frane Model 4,64,8,208.46,374.76,0.084
7273,Auto,Senzor Debitmetru Model 25,112,12,61.33,131.27,0.037
7274,Perisabile,[Perisabile] Solutie Curatare Frane Model 60,33,5,124.58,203.34,0.118
7275,Perisabile,[Perisabile] Adeziv Industrial Model 69,116,16,60.96,98.24,0.201
7276,Perisabile,[Perisabile] Adeziv Industrial Model 74,112,15,10.82,18.15,0.467
7277,Electronice,[Electronice] Multimetru Analogic Model 78,49,20,105.59,129.26,0.239
7278,Electronice,[Electronice] Osciloscop Model 42,100,18,275.59,432.76,0.039
7279,Electronice,[Electronice] Multimetru Analogic Model 63,13,10,137.12,320.87,0.052
7280,Auto,Filtru Aer Model 32,50,11,69.26,143.16,0.117
7281,Electronice,[Electronice] Modul Transmisie LoRa Model 39,60,19,111.4,197.39,0.218
7282,Electronice,[Electronice] Modul Transmisie LoRa Model 89,76,7,19.59,37.88,0.458
7283,Auto,Furtun Intercooler 2.0 TDI Model 29,48,14,28.73,49.89,0.485
7284,Electronice,[Electronice] Modul Transmisie LoRa Model 50,115,19,173.45,231.27,0.102
7285,Electronice,[Electronice] Sursa Laborator Model 9,120,7,242.22,399.02,0.496
7286,Hardware,Cheie Dinamometrica Model 67,125,10,199.95,431.26,0.426
7287,Electronice,[Electronice] Multimetru Analogic Model 55,39,12,179.77,237.2,0.403
7288,Perisabile,[Perisabile] Spray Degripant Model 43,102,11,191.77,390.06,0.382
7289,Electronice,[Electronice] Sursa Laborator Model 95,52,9,17.22,22.99,0.033
7290,Electronice,[Electronice] Osciloscop Model 80,72,11,112.11,251.6,0.048
7291,Electronice,[Electronice] Osciloscop Model 94,112,20,115.24,263.96,0.14
7292,Hardware,Incarcator Gaz Model 71,99,14,192.98,265.11,0.394
7293,Electronice,[Electronice] Sursa Laborator Model 23,101,16,62.8,126.08,0.396
7294,Auto,Filtru Aer Model 96,10,7,181.37,446.74,0.254
7295,Perisabile,[Perisabile] Solutie Curatare Frane Model 59,96,12,176.27,391.37,0.454
7296,Hardware,Set Imbusuri Model 1,2,12,143.66,337.27,0.256
7297,Perisabile,[Perisabile] Solutie Curatare Frane Model 83,67,8,89.29,135.07,0.326
7298,Auto,Rulment Roata Fata Model 16,29,14,256.79,567.95,0.217
7299,Hardware,Incarcator Gaz Model 50,33,11,256.35,637.57,0.28
7300,Electronice,[Electronice] Multimetru Analogic Model 9,95,14,72.73,117.32,0.305
7301,Perisabile,[Perisabile] Spray Degripant Model 66,120,11,89.17,219.73,0.171
7302,Auto,Baterie 12V 70Ah Model 52,107,15,178.66,404.68,0.462
7303,Electronice,[Electronice] Modul Transmisie LoRa Model 20,83,11,123.27,193.96,0.074
7304,Auto,Rulment Roata Fata Model 29,138,6,242.67,562.35,0.108
7305,Auto,Set Placute Frana Model 38,97,12,155.52,247.78,0.078
7306,Electronice,[Electronice] Sursa Laborator Model 24,49,14,121.39,284.66,0.215
7307,Perisabile,[Perisabile] Solutie Curatare Frane Model 19,63,16,56.8,86.77,0.134
7308,Perisabile,[Perisabile] Spray Degripant Model 59,122,11,66.39,147.39,0.29
7309,Perisabile,[Perisabile] Spray Degripant Model 87,6,15,265.58,584.15,0.108
7310,Hardware,Incarcator Gaz Model 16,87,17,100.43,199.94,0.36
7311,Perisabile,[Perisabile] Spray Degripant Model 56,26,15,265.29,471.41,0.207
7312,Auto,Senzor Debitmetru Model 76,62,19,272.6,484.0,0.18
7313,Hardware,Set Imbusuri Model 76,55,17,22.81,39.89,0.267
7314,Perisabile,[Perisabile] Spray Degripant Model 8,53,5,256.29,524.92,0.143
7315,Hardware,Incarcator Gaz Model 79,56,5,67.69,136.13,0.33
7316,Auto,Set Placute Frana Model 11,95,14,280.45,624.89,0.218
7317,Hardware,Incarcator Gaz Model 60,54,9,156.0,377.18,0.064
7318,Hardware,Cheie Dinamometrica Model 18,124,10,293.73,728.57,0.202
7319,Hardware,Cheie Dinamometrica Model 27,1,8,60.62,92.07,0.046
7320,Hardware,Set Imbusuri Model 30,139,9,164.14,285.5,0.372
7321,Auto,Furtun Intercooler 2.0 TDI Model 75,119,9,76.05,189.07,0.154
7322,Perisabile,[Perisabile] Adeziv Industrial Model 84,89,10,38.72,95.33,0.363
7323,Auto,Rulment Roata Fata Model 75,73,17,97.6,221.73,0.416
7324,Perisabile,[Perisabile] Solutie Curatare Frane Model 9,123,10,60.56,108.58,0.165
7325,Perisabile,[Perisabile] Spray Degripant Model 74,141,8,242.06,466.4,0.24
7326,Auto,Furtun Intercooler 2.0 TDI Model 5,112,18,250.33,475.72,0.092
7327,Auto,Rulment Roata Fata Model 25,81,18,284.36,494.77,0.023
7328,Hardware,Incarcator Gaz Model 15,45,11,42.89,70.95,0.164
7329,Electronice,[Electronice] Osciloscop Model 82,34,15,24.63,57.93,0.285
7330,Hardware,Trusa Tubulare Model 48,47,10,230.16,417.51,0.272
7331,Perisabile,[Perisabile] Adeziv Industrial Model 97,116,11,82.37,139.62,0.299
7332,Hardware,Set Imbusuri Model 86,98,8,30.49,44.2,0.233
7333,Hardware,Set Imbusuri Model 22,22,10,238.94,548.3,0.128
7334,Hardware,Set Imbusuri Model 64,39,12,253.02,477.35,0.163
7335,Hardware,Trusa Tubulare Model 94,65,5,55.25,84.38,0.372
7336,Electronice,[Electronice] Modul Transmisie LoRa Model 9,79,6,234.97,343.45,0.484
7337,Electronice,[Electronice] Sursa Laborator Model 62,106,16,96.36,222.65,0.118
7338,Hardware,Trusa Tubulare Model 64,104,7,283.9,642.81,0.144
7339,Hardware,Set Imbusuri Model 34,67,20,42.16,61.11,0.229
7340,Perisabile,[Perisabile] Solutie Curatare Frane Model 67,60,11,245.3,520.92,0.017
7341,Hardware,Incarcator Gaz Model 43,94,7,213.73,526.72,0.161
7342,Auto,Senzor Debitmetru Model 27,3,9,210.01,289.63,0.415
7343,Electronice,[Electronice] Osciloscop Model 64,4,17,294.61,478.12,0.144
7344,Electronice,[Electronice] Osciloscop Model 23,62,13,263.54,559.34,0.027
7345,Hardware,Cheie Dinamometrica Model 29,135,18,209.39,389.15,0.051
7346,Electronice,[Electronice] Sursa Laborator Model 37,33,14,168.04,405.27,0.19
7347,Hardware,Set Imbusuri Model 37,129,16,142.12,346.71,0.374
7348,Hardware,Cheie Dinamometrica Model 74,141,15,235.83,474.82,0.475
7349,Electronice,[Electronice] Multimetru Analogic Model 8,143,16,56.76,120.14,0.404
7350,Auto,Filtru Aer Model 34,103,5,169.38,310.47,0.361
7351,Electronice,[Electronice] Sursa Laborator Model 65,89,14,211.16,287.34,0.095
7352,Perisabile,[Perisabile] Spray Degripant Model 44,22,18,113.36,138.3,0.163
7353,Hardware,Set Imbusuri Model 41,124,13,18.51,35.77,0.034
7354,Perisabile,[Perisabile] Solutie Curatare Frane Model 62,71,15,199.29,315.04,0.444
7355,Auto,Rulment Roata Fata Model 26,1,11,154.48,193.79,0.312
7356,Hardware,Trusa Tubulare Model 36,133,15,35.24,68.96,0.296
7357,Hardware,Set Imbusuri Model 17,55,7,265.46,602.98,0.205
7358,Hardware,Cheie Dinamometrica Model 99,31,14,124.43,217.62,0.175
7359,Perisabile,[Perisabile] Solutie Curatare Frane Model 37,41,14,122.88,176.18,0.412
7360,Hardware,Set Imbusuri Model 62,105,8,134.6,186.89,0.017
7361,Auto,Furtun Intercooler 2.0 TDI Model 2,93,13,230.9,370.83,0.333
7362,Auto,Filtru Aer Model 77,97,13,125.0,188.68,0.375
7363,Electronice,[Electronice] Multimetru Analogic Model 19,91,9,222.35,472.77,0.273
7364,Auto,Set Placute Frana Model 96,51,19,264.07,470.98,0.026
7365,Perisabile,[Perisabile] Spray Degripant Model 47,43,5,137.7,303.72,0.013
7366,Hardware,Cheie Dinamometrica Model 48,120,13,17.47,35.49,0.261
7367,Hardware,Incarcator Gaz Model 62,67,12,131.64,204.08,0.491
7368,Auto,Baterie 12V 70Ah Model 46,139,5,236.02,550.41,0.49
7369,Electronice,[Electronice] Sursa Laborator Model 34,10,7,58.87,95.09,0.089
7370,Electronice,[Electronice] Sursa Laborator Model 48,124,12,240.3,508.98,0.317
7371,Auto,Furtun Intercooler 2.0 TDI Model 5,49,14,169.0,317.91,0.42
7372,Electronice,[Electronice] Modul Transmisie LoRa Model 97,18,16,277.87,360.86,0.465
7373,Perisabile,[Perisabile] Spray Degripant Model 96,132,6,166.01,287.76,0.304
7374,Perisabile,[Perisabile] Solutie Curatare Frane Model 36,84,14,274.8,662.1,0.23
7375,Hardware,Incarcator Gaz Model 99,98,11,136.11,319.02,0.327
7376,Hardware,Set Imbusuri Model 78,141,14,146.63,362.7,0.127
7377,Hardware,Incarcator Gaz Model 87,59,19,192.74,472.09,0.326
7378,Perisabile,[Perisabile] Adeziv Industrial Model 30,39,15,171.21,256.1,0.285
7379,Perisabile,[Perisabile] Spray Degripant Model 49,29,14,228.86,569.45,0.103
7380,Hardware,Cheie Dinamometrica Model 69,123,6,85.78,109.46,0.152
7381,Perisabile,[Perisabile] Spray Degripant Model 74,129,17,268.19,361.83,0.148
7382,Hardware,Trusa Tubulare Model 44,2,18,228.97,432.11,0.31
7383,Auto,Furtun Intercooler 2.0 TDI Model 34,88,19,23.87,35.61,0.214
7384,Perisabile,[Perisabile] Solutie Curatare Frane Model 93,19,14,296.32,433.46,0.327
7385,Electronice,[Electronice] Osciloscop Model 36,69,7,19.37,47.6,0.394
7386,Auto,Set Placute Frana Model 57,92,7,17.66,22.81,0.034
7387,Electronice,[Electronice] Modul Transmisie LoRa Model 88,113,14,225.36,378.33,0.236
7388,Auto,Rulment Roata Fata Model 58,130,15,50.64,95.33,0.131
7389,Hardware,Incarcator Gaz Model 25,44,7,100.49,194.32,0.05
7390,Perisabile,[Perisabile] Spray Degripant Model 58,18,17,290.92,390.41,0.17
7391,Auto,Baterie 12V 70Ah Model 21,138,16,269.14,434.0,0.413
7392,Auto,Senzor Debitmetru Model 50,52,18,166.15,301.92,0.183
7393,Electronice,[Electronice] Osciloscop Model 95,141,12,136.19,304.3,0.113
7394,Perisabile,[Perisabile] Adeziv Industrial Model 93,39,16,28.78,53.34,0.191
7395,Hardware,Set Imbusuri Model 50,4,18,213.52,270.79,0.476
7396,Auto,Set Placute Frana Model 31,74,14,237.16,317.25,0.058
7397,Electronice,[Electronice] Osciloscop Model 60,130,16,29.15,67.68,0.259
7398,Auto,Baterie 12V 70Ah Model 28,23,5,233.13,310.38,0.456
7399,Auto,Baterie 12V 70Ah Model 75,11,14,293.42,591.09,0.432
7400,Perisabile,[Perisabile] Adeziv Industrial Model 3,108,16,154.02,304.95,0.376
7401,Hardware,Trusa Tubulare Model 40,83,10,256.74,326.66,0.104
7402,Perisabile,[Perisabile] Solutie Curatare Frane Model 26,65,6,261.08,357.46,0.408
7403,Electronice,[Electronice] Multimetru Analogic Model 86,51,8,216.44,528.84,0.195
7404,Perisabile,[Perisabile] Spray Degripant Model 60,43,7,99.18,215.57,0.023
7405,Electronice,[Electronice] Modul Transmisie LoRa Model 41,93,7,121.68,193.24,0.145
7406,Auto,Baterie 12V 70Ah Model 11,116,19,285.12,623.63,0.19
7407,Perisabile,[Perisabile] Solutie Curatare Frane Model 33,138,19,43.25,65.7,0.21
7408,Electronice,[Electronice] Osciloscop Model 7,123,19,181.48,219.13,0.266
7409,Electronice,[Electronice] Modul Transmisie LoRa Model 38,2,11,282.82,360.13,0.188
7410,Perisabile,[Perisabile] Adeziv Industrial Model 60,16,5,89.72,109.72,0.085
7411,Auto,Rulment Roata Fata Model 88,146,5,211.67,419.33,0.488
7412,Auto,Rulment Roata Fata Model 55,124,7,119.07,244.44,0.275
7413,Hardware,Cheie Dinamometrica Model 90,123,5,195.96,470.47,0.259
7414,Auto,Baterie 12V 70Ah Model 7,24,17,131.88,193.77,0.303
7415,Auto,Filtru Aer Model 28,145,12,185.12,410.06,0.247
7416,Electronice,[Electronice] Sursa Laborator Model 86,56,15,155.23,275.02,0.13
7417,Perisabile,[Perisabile] Adeziv Industrial Model 5,122,20,192.81,446.55,0.414
7418,Perisabile,[Perisabile] Solutie Curatare Frane Model 39,55,11,205.23,468.7,0.384
7419,Hardware,Set Imbusuri Model 7,137,18,188.0,331.44,0.129
7420,Hardware,Incarcator Gaz Model 67,94,15,14.18,19.05,0.498
7421,Hardware,Set Imbusuri Model 64,19,18,168.93,321.64,0.068
7422,Auto,Baterie 12V 70Ah Model 91,14,13,292.51,675.81,0.182
7423,Auto,Filtru Aer Model 56,30,15,131.74,299.23,0.493
7424,Electronice,[Electronice] Sursa Laborator Model 22,16,13,140.95,196.51,0.03
7425,Hardware,Set Imbusuri Model 34,67,17,157.79,247.84,0.315
7426,Perisabile,[Perisabile] Solutie Curatare Frane Model 97,120,13,31.27,77.43,0.078
7427,Auto,Furtun Intercooler 2.0 TDI Model 52,33,15,134.76,237.72,0.389
7428,Electronice,[Electronice] Multimetru Analogic Model 82,112,8,101.85,204.2,0.2
7429,Perisabile,[Perisabile] Solutie Curatare Frane Model 74,149,12,77.48,160.95,0.163
7430,Electronice,[Electronice] Modul Transmisie LoRa Model 28,29,9,241.46,551.21,0.411
7431,Perisabile,[Perisabile] Solutie Curatare Frane Model 68,17,19,73.0,177.02,0.107
7432,Electronice,[Electronice] Modul Transmisie LoRa Model 34,104,16,30.37,68.65,0.143
7433,Electronice,[Electronice] Osciloscop Model 75,70,8,166.44,273.86,0.086
7434,Perisabile,[Perisabile] Adeziv Industrial Model 38,11,14,294.5,550.58,0.265
7435,Hardware,Incarcator Gaz Model 49,82,14,40.35,52.16,0.061
7436,Auto,Filtru Aer Model 60,45,8,15.78,23.08,0.112
7437,Hardware,Set Imbusuri Model 35,69,6,42.66,88.78,0.2
7438,Hardware,Trusa Tubulare Model 75,80,19,80.72,140.28,0.185
7439,Hardware,Cheie Dinamometrica Model 15,101,6,110.86,179.12,0.238
7440,Hardware,Trusa Tubulare Model 45,134,5,27.49,35.07,0.039
7441,Hardware,Set Imbusuri Model 83,137,6,123.3,307.52,0.179
7442,Hardware,Cheie Dinamometrica Model 80,15,18,172.55,401.71,0.4
7443,Hardware,Set Imbusuri Model 95,95,16,249.44,569.94,0.298
7444,Hardware,Cheie Dinamometrica Model 30,22,20,89.78,148.33,0.382
7445,Auto,Rulment Roata Fata Model 35,118,10,171.37,404.16,0.449
7446,Auto,Furtun Intercooler 2.0 TDI Model 75,68,12,175.67,218.36,0.067
7447,Hardware,Set Imbusuri Model 6,16,8,121.12,280.69,0.47
7448,Perisabile,[Perisabile] Spray Degripant Model 38,101,8,73.87,116.68,0.318
7449,Auto,Rulment Roata Fata Model 77,70,5,218.07,525.66,0.389
7450,Electronice,[Electronice] Modul Transmisie LoRa Model 34,106,9,291.69,498.22,0.351
7451,Hardware,Incarcator Gaz Model 93,67,10,163.5,308.44,0.412
7452,Electronice,[Electronice] Osciloscop Model 43,91,6,67.33,120.21,0.201
7453,Perisabile,[Perisabile] Spray Degripant Model 81,137,7,86.01,169.88,0.305
7454,Hardware,Incarcator Gaz Model 11,47,19,52.78,80.05,0.152
7455,Auto,Furtun Intercooler 2.0 TDI Model 95,135,18,54.48,81.81,0.495
7456,Perisabile,[Perisabile] Adeziv Industrial Model 89,56,18,160.35,200.79,0.489
7457,Electronice,[Electronice] Sursa Laborator Model 6,121,16,180.56,318.11,0.456
7458,Hardware,Trusa Tubulare Model 25,20,15,285.63,462.4,0.192
7459,Perisabile,[Perisabile] Solutie Curatare Frane Model 36,38,18,17.99,44.01,0.275
7460,Auto,Baterie 12V 70Ah Model 12,71,20,87.56,212.54,0.31
7461,Perisabile,[Perisabile] Solutie Curatare Frane Model 42,116,5,172.16,223.54,0.075
7462,Perisabile,[Perisabile] Solutie Curatare Frane Model 58,116,8,45.09,75.06,0.025
7463,Auto,Filtru Aer Model 71,91,9,202.93,324.98,0.483
7464,Auto,Filtru Aer Model 15,103,9,70.39,125.62,0.376
7465,Auto,Senzor Debitmetru Model 12,33,8,287.85,699.86,0.067
7466,Electronice,[Electronice] Sursa Laborator Model 69,122,12,299.95,516.44,0.277
7467,Electronice,[Electronice] Modul Transmisie LoRa Model 68,114,5,205.06,298.18,0.196
7468,Electronice,[Electronice] Osciloscop Model 95,86,12,35.49,51.5,0.109
7469,Auto,Set Placute Frana Model 78,116,5,177.52,283.23,0.197
7470,Perisabile,[Perisabile] Spray Degripant Model 77,125,11,187.33,453.24,0.333
7471,Perisabile,[Perisabile] Spray Degripant Model 47,116,16,126.68,310.97,0.374
7472,Electronice,[Electronice] Modul Transmisie LoRa Model 73,138,17,80.38,161.27,0.468
7473,Auto,Rulment Roata Fata Model 96,34,15,171.72,305.14,0.31
7474,Hardware,Set Imbusuri Model 5,51,14,145.49,358.64,0.445
7475,Auto,Rulment Roata Fata Model 16,104,20,81.64,98.59,0.379
7476,Hardware,Set Imbusuri Model 67,62,6,209.97,356.44,0.172
7477,Perisabile,[Perisabile] Adeziv Industrial Model 15,148,14,255.66,381.57,0.371
7478,Perisabile,[Perisabile] Solutie Curatare Frane Model 40,85,7,86.01,117.95,0.402
7479,Electronice,[Electronice] Osciloscop Model 99,9,7,201.65,483.95,0.011
7480,Hardware,Set Imbusuri Model 46,116,15,158.34,240.57,0.312
7481,Auto,Senzor Debitmetru Model 92,109,13,80.51,191.94,0.134
7482,Auto,Senzor Debitmetru Model 2,135,15,111.87,267.25,0.416
7483,Hardware,Set Imbusuri Model 45,150,12,188.1,407.15,0.206
7484,Hardware,Cheie Dinamometrica Model 52,146,11,146.3,274.05,0.173
7485,Electronice,[Electronice] Modul Transmisie LoRa Model 67,131,6,86.95,145.68,0.434
7486,Auto,Furtun Intercooler 2.0 TDI Model 39,118,20,136.93,276.45,0.219
7487,Hardware,Incarcator Gaz Model 77,128,7,171.1,387.97,0.451
7488,Hardware,Incarcator Gaz Model 96,109,12,171.42,316.24,0.447
7489,Electronice,[Electronice] Modul Transmisie LoRa Model 61,123,19,264.18,433.61,0.463
7490,Electronice,[Electronice] Multimetru Analogic Model 15,132,16,296.25,358.15,0.24
7491,Perisabile,[Perisabile] Adeziv Industrial Model 2,15,11,52.55,129.23,0.242
7492,Electronice,[Electronice] Modul Transmisie LoRa Model 50,146,14,225.66,367.19,0.019
7493,Electronice,[Electronice] Modul Transmisie LoRa Model 58,149,18,251.69,418.72,0.106
7494,Hardware,Set Imbusuri Model 18,133,13,111.87,251.76,0.094
7495,Electronice,[Electronice] Modul Transmisie LoRa Model 10,65,13,213.15,274.73,0.48
7496,Hardware,Incarcator Gaz Model 99,75,7,194.9,244.65,0.031
7497,Perisabile,[Perisabile] Adeziv Industrial Model 1,27,18,188.05,398.55,0.472
7498,Auto,Rulment Roata Fata Model 83,89,15,198.08,243.3,0.131
7499,Hardware,Trusa Tubulare Model 87,31,19,20.73,36.47,0.498
7500,Hardware,Cheie Dinamometrica Model 37,144,16,279.86,355.47,0.105
7501,Electronice,[Electronice] Osciloscop Model 61,119,14,26.55,59.13,0.418
7502,Electronice,[Electronice] Osciloscop Model 83,141,18,28.9,60.22,0.175
7503,Hardware,Cheie Dinamometrica Model 1,148,11,25.96,33.87,0.286
7504,Perisabile,[Perisabile] Spray Degripant Model 7,18,9,51.33,82.39,0.464
7505,Auto,Senzor Debitmetru Model 25,6,13,19.22,45.47,0.463
7506,Perisabile,[Perisabile] Adeziv Industrial Model 62,46,16,185.13,408.49,0.067
7507,Hardware,Incarcator Gaz Model 89,62,9,185.39,443.85,0.363
7508,Hardware,Incarcator Gaz Model 10,136,5,22.42,37.16,0.195
7509,Electronice,[Electronice] Osciloscop Model 83,10,10,13.17,16.7,0.066
7510,Hardware,Incarcator Gaz Model 96,64,20,192.32,393.32,0.245
7511,Auto,Furtun Intercooler 2.0 TDI Model 67,61,5,33.55,68.12,0.048
7512,Hardware,Incarcator Gaz Model 13,15,8,297.34,468.31,0.393
7513,Auto,Furtun Intercooler 2.0 TDI Model 6,115,18,117.28,170.88,0.396
7514,Electronice,[Electronice] Osciloscop Model 61,109,16,49.22,68.92,0.368
7515,Hardware,Set Imbusuri Model 59,52,11,296.76,461.12,0.241
7516,Auto,Filtru Aer Model 31,107,20,92.2,160.55,0.189
7517,Electronice,[Electronice] Sursa Laborator Model 70,129,15,163.69,336.63,0.145
7518,Auto,Senzor Debitmetru Model 19,99,9,160.29,358.44,0.493
7519,Auto,Set Placute Frana Model 14,59,11,89.9,173.4,0.059
7520,Hardware,Cheie Dinamometrica Model 98,112,10,23.2,29.3,0.126
7521,Electronice,[Electronice] Modul Transmisie LoRa Model 29,133,11,68.35,126.49,0.489
7522,Auto,Set Placute Frana Model 70,109,8,271.42,607.16,0.447
7523,Perisabile,[Perisabile] Adeziv Industrial Model 86,42,19,145.74,282.77,0.212
7524,Auto,Filtru Aer Model 48,25,13,295.54,512.85,0.434
7525,Perisabile,[Perisabile] Solutie Curatare Frane Model 31,57,14,147.25,297.62,0.401
7526,Electronice,[Electronice] Sursa Laborator Model 91,125,13,247.08,304.69,0.281
7527,Electronice,[Electronice] Osciloscop Model 39,133,17,251.48,366.62,0.145
7528,Hardware,Trusa Tubulare Model 39,46,11,224.18,415.01,0.037
7529,Electronice,[Electronice] Multimetru Analogic Model 26,130,15,172.55,330.32,0.015
7530,Hardware,Incarcator Gaz Model 91,60,14,18.87,34.11,0.104
7531,Electronice,[Electronice] Sursa Laborator Model 60,31,11,122.87,289.37,0.082
7532,Hardware,Trusa Tubulare Model 27,114,9,166.15,345.28,0.278
7533,Perisabile,[Perisabile] Spray Degripant Model 26,53,8,114.59,270.89,0.094
7534,Perisabile,[Perisabile] Solutie Curatare Frane Model 77,15,9,72.83,105.94,0.324
7535,Auto,Filtru Aer Model 52,83,20,72.64,133.05,0.141
7536,Hardware,Trusa Tubulare Model 77,60,20,11.95,24.32,0.262
7537,Perisabile,[Perisabile] Solutie Curatare Frane Model 89,120,9,290.1,669.36,0.059
7538,Electronice,[Electronice] Multimetru Analogic Model 77,64,11,13.12,20.74,0.226
7539,Perisabile,[Perisabile] Solutie Curatare Frane Model 9,117,20,88.9,198.23,0.23
7540,Electronice,[Electronice] Osciloscop Model 64,35,11,236.38,507.76,0.403
7541,Electronice,[Electronice] Sursa Laborator Model 78,5,5,263.66,557.68,0.295
7542,Hardware,Cheie Dinamometrica Model 44,64,9,120.4,150.9,0.171
7543,Auto,Rulment Roata Fata Model 60,21,19,255.55,485.78,0.125
7544,Hardware,Set Imbusuri Model 65,38,12,270.85,654.88,0.372
7545,Auto,Set Placute Frana Model 92,124,8,203.91,295.41,0.091
7546,Hardware,Set Imbusuri Model 94,124,14,71.78,102.74,0.428
7547,Hardware,Trusa Tubulare Model 70,58,9,51.64,85.27,0.491
7548,Hardware,Trusa Tubulare Model 97,21,9,25.74,51.69,0.145
7549,Hardware,Set Imbusuri Model 50,13,8,217.36,376.81,0.033
7550,Hardware,Trusa Tubulare Model 21,143,12,73.45,114.62,0.467
7551,Electronice,[Electronice] Modul Transmisie LoRa Model 34,74,9,271.67,556.2,0.325
7552,Hardware,Trusa Tubulare Model 92,139,8,35.22,86.69,0.196
7553,Auto,Filtru Aer Model 9,145,10,117.94,278.98,0.271
7554,Perisabile,[Perisabile] Solutie Curatare Frane Model 4,43,5,277.47,658.8,0.486
7555,Electronice,[Electronice] Sursa Laborator Model 47,58,15,272.02,532.16,0.148
7556,Perisabile,[Perisabile] Adeziv Industrial Model 76,17,18,13.24,32.64,0.088
7557,Electronice,[Electronice] Modul Transmisie LoRa Model 63,73,19,117.6,233.86,0.323
7558,Perisabile,[Perisabile] Spray Degripant Model 50,121,15,138.02,232.72,0.282
7559,Hardware,Incarcator Gaz Model 47,64,6,253.18,524.73,0.234
7560,Electronice,[Electronice] Osciloscop Model 85,7,15,78.84,137.28,0.481
7561,Perisabile,[Perisabile] Solutie Curatare Frane Model 13,59,10,140.86,262.43,0.288
7562,Electronice,[Electronice] Modul Transmisie LoRa Model 94,148,5,275.59,405.11,0.265
7563,Perisabile,[Perisabile] Adeziv Industrial Model 31,134,13,162.24,226.83,0.083
7564,Perisabile,[Perisabile] Spray Degripant Model 77,27,8,240.36,295.69,0.225
7565,Electronice,[Electronice] Multimetru Analogic Model 6,21,20,31.06,43.69,0.209
7566,Perisabile,[Perisabile] Adeziv Industrial Model 39,111,7,130.08,249.41,0.035
7567,Auto,Furtun Intercooler 2.0 TDI Model 77,36,11,283.43,392.85,0.288
7568,Hardware,Trusa Tubulare Model 92,102,7,209.19,339.91,0.458
7569,Hardware,Cheie Dinamometrica Model 45,63,5,283.52,698.6,0.155
7570,Electronice,[Electronice] Multimetru Analogic Model 23,40,9,178.63,374.18,0.332
7571,Auto,Rulment Roata Fata Model 20,78,8,155.57,216.95,0.359
7572,Hardware,Trusa Tubulare Model 74,136,12,202.64,465.17,0.057
7573,Electronice,[Electronice] Sursa Laborator Model 77,127,7,109.14,179.65,0.157
7574,Hardware,Set Imbusuri Model 77,16,14,221.63,268.73,0.255
7575,Auto,Furtun Intercooler 2.0 TDI Model 40,69,6,261.74,626.2,0.22
7576,Perisabile,[Perisabile] Adeziv Industrial Model 53,65,15,202.91,403.53,0.477
7577,Auto,Baterie 12V 70Ah Model 15,51,6,193.14,237.15,0.147
7578,Auto,Furtun Intercooler 2.0 TDI Model 87,134,15,112.83,157.42,0.098
7579,Electronice,[Electronice] Modul Transmisie LoRa Model 24,71,8,217.99,480.57,0.154
7580,Perisabile,[Perisabile] Adeziv Industrial Model 13,34,8,155.69,222.2,0.273
7581,Electronice,[Electronice] Multimetru Analogic Model 73,77,18,10.88,19.27,0.016
7582,Hardware,Trusa Tubulare Model 35,113,14,64.3,151.43,0.175
7583,Electronice,[Electronice] Osciloscop Model 13,91,20,37.7,90.31,0.262
7584,Hardware,Incarcator Gaz Model 75,94,10,176.57,259.09,0.091
7585,Electronice,[Electronice] Osciloscop Model 65,129,12,28.93,51.41,0.369
7586,Auto,Senzor Debitmetru Model 45,70,20,44.27,64.27,0.064
7587,Hardware,Set Imbusuri Model 95,74,8,273.85,382.04,0.265
7588,Electronice,[Electronice] Sursa Laborator Model 12,73,6,58.82,109.66,0.452
7589,Electronice,[Electronice] Modul Transmisie LoRa Model 4,34,12,130.54,166.84,0.258
7590,Auto,Set Placute Frana Model 40,55,10,193.19,372.25,0.108
7591,Electronice,[Electronice] Modul Transmisie LoRa Model 40,74,16,41.51,58.59,0.104
7592,Hardware,Set Imbusuri Model 53,86,11,70.7,124.24,0.186
7593,Hardware,Set Imbusuri Model 76,148,6,280.95,378.33,0.475
7594,Auto,Baterie 12V 70Ah Model 53,120,14,249.02,583.23,0.236
7595,Auto,Baterie 12V 70Ah Model 84,27,8,90.43,117.72,0.21
7596,Electronice,[Electronice] Modul Transmisie LoRa Model 13,144,8,47.81,69.85,0.072
7597,Auto,Baterie 12V 70Ah Model 27,130,14,94.83,192.05,0.378
7598,Electronice,[Electronice] Modul Transmisie LoRa Model 14,41,5,43.01,82.41,0.081
7599,Hardware,Incarcator Gaz Model 16,40,5,183.46,450.59,0.209
7600,Hardware,Cheie Dinamometrica Model 38,97,15,243.14,504.11,0.471
7601,Electronice,[Electronice] Multimetru Analogic Model 83,101,20,204.51,373.32,0.041
7602,Hardware,Trusa Tubulare Model 84,98,5,236.47,538.92,0.223
7603,Auto,Filtru Aer Model 30,12,14,207.77,488.67,0.132
7604,Auto,Furtun Intercooler 2.0 TDI Model 41,111,15,146.12,362.14,0.341
7605,Perisabile,[Perisabile] Adeziv Industrial Model 82,32,18,277.44,433.61,0.122
7606,Electronice,[Electronice] Osciloscop Model 87,94,12,56.83,138.8,0.142
7607,Electronice,[Electronice] Osciloscop Model 17,66,16,264.95,344.56,0.033
7608,Hardware,Trusa Tubulare Model 4,2,13,155.79,282.98,0.2
7609,Electronice,[Electronice] Multimetru Analogic Model 42,143,6,97.28,228.05,0.208
7610,Perisabile,[Perisabile] Adeziv Industrial Model 17,148,10,134.09,216.9,0.354
7611,Electronice,[Electronice] Sursa Laborator Model 85,44,8,18.13,25.02,0.131
7612,Auto,Filtru Aer Model 63,108,8,247.47,580.81,0.024
7613,Perisabile,[Perisabile] Solutie Curatare Frane Model 23,95,19,235.07,567.25,0.031
7614,Perisabile,[Perisabile] Solutie Curatare Frane Model 75,95,5,107.67,241.66,0.355
7615,Hardware,Set Imbusuri Model 98,138,15,184.92,422.28,0.13
7616,Electronice,[Electronice] Multimetru Analogic Model 58,97,6,282.36,547.9,0.285
7617,Perisabile,[Perisabile] Solutie Curatare Frane Model 51,97,7,44.28,57.21,0.037
7618,Hardware,Cheie Dinamometrica Model 15,111,9,100.53,161.68,0.048
7619,Electronice,[Electronice] Sursa Laborator Model 57,126,12,155.26,360.72,0.131
7620,Electronice,[Electronice] Multimetru Analogic Model 44,61,19,272.22,605.97,0.209
7621,Auto,Furtun Intercooler 2.0 TDI Model 39,108,12,197.72,312.84,0.426
7622,Perisabile,[Perisabile] Adeziv Industrial Model 73,46,18,160.45,206.44,0.29
7623,Perisabile,[Perisabile] Adeziv Industrial Model 37,22,15,264.78,384.5,0.036
7624,Auto,Baterie 12V 70Ah Model 3,31,17,100.01,182.24,0.078
7625,Hardware,Incarcator Gaz Model 33,5,10,78.05,180.43,0.322
7626,Auto,Set Placute Frana Model 71,7,6,180.98,297.45,0.169
7627,Auto,Filtru Aer Model 80,89,11,10.63,14.55,0.09
7628,Electronice,[Electronice] Modul Transmisie LoRa Model 97,54,14,27.85,43.33,0.097
7629,Electronice,[Electronice] Sursa Laborator Model 8,79,9,143.39,308.57,0.179
7630,Electronice,[Electronice] Modul Transmisie LoRa Model 72,20,13,102.82,255.54,0.341
7631,Perisabile,[Perisabile] Solutie Curatare Frane Model 90,51,12,288.09,436.48,0.073
7632,Perisabile,[Perisabile] Solutie Curatare Frane Model 79,71,15,290.44,397.41,0.278
7633,Perisabile,[Perisabile] Adeziv Industrial Model 78,74,13,146.3,358.97,0.411
7634,Auto,Rulment Roata Fata Model 20,69,5,25.48,58.63,0.311
7635,Perisabile,[Perisabile] Adeziv Industrial Model 45,145,13,180.23,395.93,0.289
7636,Hardware,Incarcator Gaz Model 23,80,8,144.05,240.02,0.473
7637,Electronice,[Electronice] Modul Transmisie LoRa Model 16,143,12,66.83,120.11,0.39
7638,Electronice,[Electronice] Sursa Laborator Model 46,36,17,203.72,278.6,0.153
7639,Perisabile,[Perisabile] Spray Degripant Model 10,35,13,68.05,82.25,0.013
7640,Hardware,Cheie Dinamometrica Model 37,27,14,94.46,203.82,0.481
7641,Perisabile,[Perisabile] Spray Degripant Model 21,60,13,277.2,654.94,0.299
7642,Electronice,[Electronice] Multimetru Analogic Model 32,65,5,117.29,263.33,0.345
7643,Hardware,Trusa Tubulare Model 89,63,13,148.13,203.79,0.334
7644,Electronice,[Electronice] Modul Transmisie LoRa Model 14,38,12,244.24,493.48,0.329
7645,Electronice,[Electronice] Multimetru Analogic Model 59,97,9,57.31,93.18,0.235
7646,Perisabile,[Perisabile] Solutie Curatare Frane Model 51,143,9,50.29,91.44,0.179
7647,Perisabile,[Perisabile] Spray Degripant Model 10,14,9,112.46,140.79,0.162
7648,Electronice,[Electronice] Sursa Laborator Model 99,1,9,193.88,289.43,0.221
7649,Perisabile,[Perisabile] Solutie Curatare Frane Model 5,57,18,263.2,591.53,0.455
7650,Perisabile,[Perisabile] Solutie Curatare Frane Model 49,3,15,259.06,513.77,0.452
7651,Hardware,Trusa Tubulare Model 87,95,6,161.31,226.62,0.293
7652,Auto,Set Placute Frana Model 62,59,5,135.56,167.52,0.36
7653,Hardware,Trusa Tubulare Model 78,11,9,148.27,352.11,0.253
7654,Perisabile,[Perisabile] Spray Degripant Model 66,150,11,290.44,446.59,0.097
7655,Electronice,[Electronice] Modul Transmisie LoRa Model 40,67,9,182.93,422.42,0.39
7656,Perisabile,[Perisabile] Adeziv Industrial Model 70,102,9,140.79,326.21,0.491
7657,Auto,Set Placute Frana Model 38,30,17,251.18,420.19,0.327
7658,Electronice,[Electronice] Osciloscop Model 28,5,14,131.02,308.87,0.347
7659,Perisabile,[Perisabile] Adeziv Industrial Model 12,98,15,124.94,188.57,0.433
7660,Electronice,[Electronice] Osciloscop Model 40,88,14,42.63,80.65,0.044
7661,Perisabile,[Perisabile] Spray Degripant Model 13,49,20,182.65,443.26,0.15
7662,Perisabile,[Perisabile] Spray Degripant Model 93,123,16,145.64,308.03,0.171
7663,Hardware,Set Imbusuri Model 31,84,18,152.09,321.49,0.467
7664,Auto,Senzor Debitmetru Model 56,95,18,186.74,253.72,0.204
7665,Electronice,[Electronice] Osciloscop Model 58,136,13,278.86,667.17,0.163
7666,Perisabile,[Perisabile] Adeziv Industrial Model 84,34,11,55.74,126.65,0.322
7667,Electronice,[Electronice] Sursa Laborator Model 73,51,12,176.35,319.38,0.49
7668,Auto,Filtru Aer Model 36,139,13,135.79,291.47,0.385
7669,Hardware,Incarcator Gaz Model 31,52,11,136.61,304.34,0.191
7670,Auto,Senzor Debitmetru Model 74,55,15,200.7,305.12,0.3
7671,Auto,Furtun Intercooler 2.0 TDI Model 80,69,16,294.2,546.39,0.449
7672,Perisabile,[Perisabile] Solutie Curatare Frane Model 6,119,20,122.65,293.06,0.333
7673,Electronice,[Electronice] Sursa Laborator Model 5,66,16,265.23,352.17,0.15
7674,Electronice,[Electronice] Multimetru Analogic Model 85,85,18,78.1,100.05,0.194
7675,Electronice,[Electronice] Modul Transmisie LoRa Model 98,40,16,218.1,294.3,0.265
7676,Perisabile,[Perisabile] Solutie Curatare Frane Model 77,62,5,45.13,93.05,0.12
7677,Hardware,Cheie Dinamometrica Model 60,97,8,102.56,234.28,0.398
7678,Electronice,[Electronice] Sursa Laborator Model 32,14,8,141.43,277.87,0.224
7679,Hardware,Incarcator Gaz Model 7,61,7,262.44,608.36,0.196
7680,Hardware,Trusa Tubulare Model 93,111,15,157.15,355.19,0.396
7681,Electronice,[Electronice] Modul Transmisie LoRa Model 23,22,12,166.6,227.05,0.177
7682,Hardware,Set Imbusuri Model 85,9,9,53.04,94.12,0.421
7683,Auto,Filtru Aer Model 97,11,16,237.69,312.87,0.177
7684,Electronice,[Electronice] Osciloscop Model 79,83,5,233.21,345.92,0.238
7685,Hardware,Incarcator Gaz Model 21,52,12,20.87,26.99,0.379
7686,Hardware,Cheie Dinamometrica Model 79,7,14,75.45,98.06,0.368
7687,Auto,Rulment Roata Fata Model 47,112,7,139.37,256.95,0.476
7688,Electronice,[Electronice] Osciloscop Model 42,49,5,251.64,509.44,0.084
7689,Auto,Senzor Debitmetru Model 70,27,19,293.09,548.7,0.29
7690,Auto,Filtru Aer Model 67,94,9,21.16,29.37,0.122
7691,Hardware,Trusa Tubulare Model 3,120,7,25.81,58.98,0.047
7692,Perisabile,[Perisabile] Solutie Curatare Frane Model 14,101,15,44.91,86.12,0.248
7693,Perisabile,[Perisabile] Solutie Curatare Frane Model 81,98,7,232.67,345.03,0.322
7694,Auto,Baterie 12V 70Ah Model 63,63,18,14.77,29.3,0.342
7695,Electronice,[Electronice] Sursa Laborator Model 59,87,13,183.12,236.63,0.346
7696,Auto,Senzor Debitmetru Model 22,13,12,224.36,329.26,0.474
7697,Electronice,[Electronice] Modul Transmisie LoRa Model 69,138,10,272.1,492.31,0.032
7698,Hardware,Trusa Tubulare Model 57,60,19,93.21,141.91,0.371
7699,Auto,Senzor Debitmetru Model 64,86,17,64.74,130.36,0.278
7700,Auto,Baterie 12V 70Ah Model 78,9,16,107.26,184.46,0.108
7701,Perisabile,[Perisabile] Spray Degripant Model 39,57,5,57.67,104.32,0.19
7702,Perisabile,[Perisabile] Spray Degripant Model 63,14,18,47.63,82.58,0.078
7703,Electronice,[Electronice] Modul Transmisie LoRa Model 92,78,7,186.43,408.61,0.387
7704,Hardware,Cheie Dinamometrica Model 66,24,8,27.0,65.79,0.312
7705,Perisabile,[Perisabile] Spray Degripant Model 89,130,10,218.66,396.97,0.252
7706,Electronice,[Electronice] Multimetru Analogic Model 99,25,10,244.48,603.76,0.191
7707,Auto,Baterie 12V 70Ah Model 87,36,10,71.84,133.45,0.471
7708,Hardware,Trusa Tubulare Model 74,2,8,50.25,75.61,0.429
7709,Auto,Baterie 12V 70Ah Model 27,56,13,59.49,75.91,0.334
7710,Hardware,Incarcator Gaz Model 75,61,19,11.71,16.64,0.475
7711,Perisabile,[Perisabile] Adeziv Industrial Model 74,20,18,170.53,227.46,0.387
7712,Perisabile,[Perisabile] Spray Degripant Model 3,42,19,233.83,506.93,0.399
7713,Perisabile,[Perisabile] Spray Degripant Model 96,54,15,197.3,321.0,0.303
7714,Auto,Rulment Roata Fata Model 62,106,14,118.91,167.27,0.218
7715,Auto,Filtru Aer Model 18,75,8,223.09,368.02,0.231
7716,Hardware,Set Imbusuri Model 91,142,5,209.52,358.18,0.095
7717,Perisabile,[Perisabile] Adeziv Industrial Model 59,87,20,236.95,443.45,0.042
7718,Electronice,[Electronice] Sursa Laborator Model 90,97,15,131.11,307.0,0.032
7719,Hardware,Incarcator Gaz Model 28,28,12,124.25,152.75,0.435
7720,Auto,Rulment Roata Fata Model 22,100,17,44.52,87.41,0.343
7721,Hardware,Incarcator Gaz Model 48,99,9,107.17,185.51,0.03
7722,Perisabile,[Perisabile] Adeziv Industrial Model 26,90,19,279.2,445.61,0.151
7723,Hardware,Trusa Tubulare Model 71,54,5,27.56,62.2,0.209
7724,Electronice,[Electronice] Modul Transmisie LoRa Model 93,37,16,41.39,98.85,0.323
7725,Auto,Set Placute Frana Model 40,96,15,161.05,292.78,0.224
7726,Electronice,[Electronice] Multimetru Analogic Model 29,131,7,104.83,252.22,0.316
7727,Perisabile,[Perisabile] Solutie Curatare Frane Model 4,84,12,43.73,89.76,0.375
7728,Perisabile,[Perisabile] Solutie Curatare Frane Model 59,139,16,205.07,341.51,0.387
7729,Perisabile,[Perisabile] Solutie Curatare Frane Model 72,25,12,68.0,97.6,0.285
7730,Hardware,Set Imbusuri Model 46,14,5,273.92,358.44,0.314
7731,Electronice,[Electronice] Multimetru Analogic Model 9,131,13,296.38,405.9,0.233
7732,Hardware,Incarcator Gaz Model 1,112,5,248.52,472.67,0.199
7733,Auto,Furtun Intercooler 2.0 TDI Model 90,71,13,209.79,505.24,0.045
7734,Perisabile,[Perisabile] Adeziv Industrial Model 41,71,20,106.07,171.63,0.283
7735,Electronice,[Electronice] Multimetru Analogic Model 98,20,20,15.41,32.56,0.058
7736,Perisabile,[Perisabile] Adeziv Industrial Model 27,148,17,184.91,403.82,0.426
7737,Hardware,Incarcator Gaz Model 62,6,18,147.25,182.17,0.315
7738,Auto,Rulment Roata Fata Model 20,134,16,58.54,99.71,0.478
7739,Electronice,[Electronice] Osciloscop Model 42,78,19,19.16,31.49,0.13
7740,Auto,Senzor Debitmetru Model 59,8,12,245.48,303.75,0.395
7741,Hardware,Cheie Dinamometrica Model 85,0,9,191.1,320.07,0.48
7742,Perisabile,[Perisabile] Spray Degripant Model 85,117,20,249.23,343.47,0.171
7743,Auto,Filtru Aer Model 89,112,12,156.94,307.6,0.078
7744,Perisabile,[Perisabile] Spray Degripant Model 68,111,6,55.54,98.02,0.344
7745,Auto,Set Placute Frana Model 45,69,5,280.16,544.82,0.488
7746,Auto,Baterie 12V 70Ah Model 27,84,9,264.95,515.77,0.025
7747,Electronice,[Electronice] Osciloscop Model 84,4,10,197.22,321.53,0.368
7748,Auto,Rulment Roata Fata Model 27,117,17,214.0,400.98,0.234
7749,Perisabile,[Perisabile] Spray Degripant Model 39,57,11,135.45,256.52,0.215
7750,Auto,Filtru Aer Model 1,89,12,230.59,414.69,0.158
7751,Perisabile,[Perisabile] Spray Degripant Model 78,47,9,216.13,403.17,0.417
7752,Auto,Baterie 12V 70Ah Model 43,131,7,95.11,174.6,0.419
7753,Auto,Rulment Roata Fata Model 45,79,12,177.15,401.49,0.035
7754,Perisabile,[Perisabile] Adeziv Industrial Model 48,150,18,253.69,478.36,0.371
7755,Hardware,Incarcator Gaz Model 42,46,17,123.58,187.29,0.371
7756,Hardware,Set Imbusuri Model 77,148,10,92.7,124.76,0.376
7757,Electronice,[Electronice] Modul Transmisie LoRa Model 63,27,11,28.67,58.14,0.038
7758,Auto,Baterie 12V 70Ah Model 80,53,19,56.44,110.79,0.158
7759,Perisabile,[Perisabile] Adeziv Industrial Model 85,79,5,268.96,431.02,0.488
7760,Perisabile,[Perisabile] Solutie Curatare Frane Model 75,57,9,215.71,375.5,0.305
7761,Perisabile,[Perisabile] Solutie Curatare Frane Model 64,51,10,241.37,549.47,0.299
7762,Perisabile,[Perisabile] Solutie Curatare Frane Model 17,4,7,127.8,290.08,0.132
7763,Electronice,[Electronice] Multimetru Analogic Model 15,62,20,229.9,478.21,0.273
7764,Electronice,[Electronice] Multimetru Analogic Model 2,132,5,297.8,639.21,0.083
7765,Electronice,[Electronice] Osciloscop Model 38,52,9,160.18,352.86,0.227
7766,Hardware,Trusa Tubulare Model 44,110,11,86.99,114.93,0.036
7767,Electronice,[Electronice] Modul Transmisie LoRa Model 69,137,13,235.34,318.65,0.284
7768,Electronice,[Electronice] Sursa Laborator Model 74,108,9,66.33,138.67,0.463
7769,Perisabile,[Perisabile] Spray Degripant Model 50,13,15,198.82,387.47,0.23
7770,Hardware,Cheie Dinamometrica Model 57,133,20,123.47,211.14,0.334
7771,Electronice,[Electronice] Sursa Laborator Model 2,116,9,151.91,248.82,0.192
7772,Electronice,[Electronice] Osciloscop Model 9,27,18,182.28,339.8,0.429
7773,Auto,Baterie 12V 70Ah Model 17,75,12,57.49,132.66,0.175
7774,Perisabile,[Perisabile] Spray Degripant Model 94,143,15,82.25,126.17,0.127
7775,Auto,Filtru Aer Model 75,11,20,253.18,511.26,0.212
7776,Electronice,[Electronice] Sursa Laborator Model 74,121,16,104.37,248.85,0.057
7777,Auto,Furtun Intercooler 2.0 TDI Model 12,130,17,64.75,155.47,0.42
7778,Perisabile,[Perisabile] Spray Degripant Model 50,11,17,163.68,314.75,0.306
7779,Perisabile,[Perisabile] Solutie Curatare Frane Model 33,15,19,20.74,30.59,0.243
7780,Auto,Rulment Roata Fata Model 44,125,9,62.45,97.61,0.183
7781,Auto,Filtru Aer Model 14,90,17,148.72,368.57,0.452
7782,Electronice,[Electronice] Modul Transmisie LoRa Model 8,103,20,67.49,137.92,0.206
7783,Perisabile,[Perisabile] Spray Degripant Model 4,139,10,217.72,469.75,0.254
7784,Auto,Baterie 12V 70Ah Model 67,26,13,152.83,321.5,0.168
7785,Electronice,[Electronice] Multimetru Analogic Model 94,65,15,161.35,363.7,0.215
7786,Hardware,Trusa Tubulare Model 1,73,18,199.16,290.47,0.435
7787,Auto,Baterie 12V 70Ah Model 41,73,20,138.0,343.54,0.212
7788,Electronice,[Electronice] Multimetru Analogic Model 29,125,12,111.71,240.76,0.452
7789,Hardware,Incarcator Gaz Model 4,25,19,177.13,429.19,0.086
7790,Electronice,[Electronice] Modul Transmisie LoRa Model 65,44,19,266.25,550.38,0.204
7791,Hardware,Incarcator Gaz Model 48,51,20,198.33,365.2,0.48
7792,Perisabile,[Perisabile] Adeziv Industrial Model 80,5,14,238.94,593.64,0.097
7793,Perisabile,[Perisabile] Adeziv Industrial Model 38,77,20,214.54,421.82,0.203
7794,Electronice,[Electronice] Sursa Laborator Model 94,27,18,266.87,497.5,0.463
7795,Perisabile,[Perisabile] Solutie Curatare Frane Model 35,93,8,165.58,338.76,0.374
7796,Hardware,Trusa Tubulare Model 75,37,12,77.7,160.69,0.067
7797,Hardware,Incarcator Gaz Model 41,16,11,264.89,325.57,0.327
7798,Hardware,Cheie Dinamometrica Model 81,135,15,42.73,85.08,0.181
7799,Perisabile,[Perisabile] Spray Degripant Model 90,51,9,155.84,305.59,0.287
7800,Perisabile,[Perisabile] Solutie Curatare Frane Model 67,134,11,98.68,159.64,0.175
7801,Hardware,Cheie Dinamometrica Model 74,115,18,154.42,213.29,0.332
7802,Electronice,[Electronice] Modul Transmisie LoRa Model 84,107,7,71.21,98.28,0.237
7803,Auto,Senzor Debitmetru Model 73,86,13,170.4,410.88,0.138
7804,Auto,Rulment Roata Fata Model 1,52,10,284.04,406.94,0.158
7805,Hardware,Set Imbusuri Model 23,131,7,242.04,327.12,0.086
7806,Electronice,[Electronice] Multimetru Analogic Model 31,100,11,165.8,378.17,0.011
7807,Hardware,Set Imbusuri Model 75,130,18,149.84,370.87,0.421
7808,Hardware,Cheie Dinamometrica Model 57,38,14,142.19,174.12,0.381
7809,Hardware,Trusa Tubulare Model 24,122,18,263.09,534.42,0.056
7810,Electronice,[Electronice] Multimetru Analogic Model 66,58,14,85.67,179.42,0.116
7811,Perisabile,[Perisabile] Solutie Curatare Frane Model 92,33,14,123.9,278.65,0.077
7812,Perisabile,[Perisabile] Adeziv Industrial Model 14,136,11,241.22,585.14,0.449
7813,Electronice,[Electronice] Multimetru Analogic Model 71,61,9,299.65,628.06,0.349
7814,Hardware,Cheie Dinamometrica Model 94,18,10,49.03,70.18,0.024
7815,Auto,Filtru Aer Model 39,40,7,168.5,420.07,0.333
7816,Electronice,[Electronice] Sursa Laborator Model 21,53,20,127.47,228.38,0.34
7817,Perisabile,[Perisabile] Solutie Curatare Frane Model 10,29,6,131.65,280.04,0.228
7818,Perisabile,[Perisabile] Spray Degripant Model 46,115,9,78.9,98.22,0.138
7819,Hardware,Set Imbusuri Model 24,53,13,206.5,251.87,0.417
7820,Hardware,Set Imbusuri Model 67,29,7,142.52,337.52,0.293
7821,Auto,Senzor Debitmetru Model 48,22,6,85.19,157.59,0.16
7822,Hardware,Set Imbusuri Model 21,113,8,137.59,199.84,0.318
7823,Electronice,[Electronice] Multimetru Analogic Model 37,4,9,264.81,448.97,0.062
7824,Hardware,Set Imbusuri Model 45,60,19,168.1,349.66,0.468
7825,Auto,Furtun Intercooler 2.0 TDI Model 6,137,6,17.51,31.05,0.064
7826,Perisabile,[Perisabile] Solutie Curatare Frane Model 22,145,17,86.65,134.33,0.278
7827,Hardware,Trusa Tubulare Model 64,27,17,181.36,244.72,0.474
7828,Electronice,[Electronice] Sursa Laborator Model 41,72,18,231.41,540.57,0.256
7829,Perisabile,[Perisabile] Adeziv Industrial Model 32,140,17,228.43,360.07,0.099
7830,Auto,Baterie 12V 70Ah Model 92,71,13,82.82,196.77,0.145
7831,Perisabile,[Perisabile] Solutie Curatare Frane Model 93,111,19,31.26,56.65,0.165
7832,Electronice,[Electronice] Multimetru Analogic Model 83,126,8,245.87,484.01,0.161
7833,Hardware,Incarcator Gaz Model 28,10,8,199.43,265.05,0.457
7834,Hardware,Cheie Dinamometrica Model 68,28,10,233.38,572.79,0.197
7835,Perisabile,[Perisabile] Adeziv Industrial Model 38,45,9,157.97,360.27,0.416
7836,Hardware,Trusa Tubulare Model 35,132,15,282.89,511.58,0.125
7837,Electronice,[Electronice] Multimetru Analogic Model 98,122,13,233.29,379.83,0.435
7838,Electronice,[Electronice] Modul Transmisie LoRa Model 56,107,20,65.52,109.83,0.304
7839,Electronice,[Electronice] Modul Transmisie LoRa Model 11,61,11,23.48,58.55,0.435
7840,Perisabile,[Perisabile] Solutie Curatare Frane Model 27,99,10,121.86,279.06,0.274
7841,Electronice,[Electronice] Osciloscop Model 82,102,6,90.05,150.98,0.429
7842,Hardware,Set Imbusuri Model 44,55,19,255.03,531.91,0.285
7843,Auto,Set Placute Frana Model 43,99,7,79.5,146.55,0.057
7844,Perisabile,[Perisabile] Spray Degripant Model 11,87,7,135.7,303.55,0.215
7845,Perisabile,[Perisabile] Adeziv Industrial Model 3,63,13,210.36,302.77,0.252
7846,Electronice,[Electronice] Osciloscop Model 50,86,17,54.17,109.65,0.06
7847,Electronice,[Electronice] Multimetru Analogic Model 7,133,13,199.78,393.2,0.266
7848,Auto,Senzor Debitmetru Model 87,66,20,280.26,654.86,0.074
7849,Hardware,Cheie Dinamometrica Model 98,121,6,244.13,532.89,0.383
7850,Electronice,[Electronice] Sursa Laborator Model 82,1,14,143.53,338.16,0.367
7851,Hardware,Cheie Dinamometrica Model 38,30,11,68.03,117.73,0.12
7852,Electronice,[Electronice] Modul Transmisie LoRa Model 15,80,15,240.62,589.15,0.19
7853,Perisabile,[Perisabile] Adeziv Industrial Model 65,93,16,234.17,409.67,0.162
7854,Auto,Senzor Debitmetru Model 20,108,9,104.57,186.91,0.075
7855,Hardware,Incarcator Gaz Model 86,109,12,165.64,396.77,0.463
7856,Perisabile,[Perisabile] Solutie Curatare Frane Model 73,63,13,95.37,213.42,0.466
7857,Electronice,[Electronice] Multimetru Analogic Model 13,102,10,42.61,53.2,0.257
7858,Perisabile,[Perisabile] Solutie Curatare Frane Model 95,65,19,203.03,346.48,0.467
7859,Perisabile,[Perisabile] Spray Degripant Model 4,93,18,199.83,390.4,0.439
7860,Hardware,Set Imbusuri Model 96,37,12,74.33,116.85,0.319
7861,Perisabile,[Perisabile] Spray Degripant Model 74,68,9,26.56,52.51,0.092
7862,Hardware,Incarcator Gaz Model 11,110,13,206.67,260.1,0.476
7863,Hardware,Trusa Tubulare Model 31,88,16,267.58,468.69,0.245
7864,Hardware,Cheie Dinamometrica Model 58,101,20,24.51,56.16,0.397
7865,Perisabile,[Perisabile] Solutie Curatare Frane Model 48,139,16,191.78,323.69,0.339
7866,Hardware,Incarcator Gaz Model 24,86,15,26.9,65.13,0.26
7867,Perisabile,[Perisabile] Spray Degripant Model 59,146,10,292.76,652.17,0.055
7868,Electronice,[Electronice] Multimetru Analogic Model 30,10,12,189.32,434.66,0.11
7869,Hardware,Incarcator Gaz Model 14,18,8,158.37,279.7,0.025
7870,Electronice,[Electronice] Multimetru Analogic Model 72,141,13,194.1,355.27,0.084
7871,Perisabile,[Perisabile] Spray Degripant Model 77,123,15,88.42,147.64,0.06
7872,Perisabile,[Perisabile] Spray Degripant Model 59,3,14,32.2,66.4,0.378
7873,Auto,Furtun Intercooler 2.0 TDI Model 28,8,15,290.68,416.99,0.351
7874,Auto,Baterie 12V 70Ah Model 9,65,6,231.99,309.79,0.143
7875,Electronice,[Electronice] Sursa Laborator Model 22,67,16,83.01,157.28,0.044
7876,Perisabile,[Perisabile] Solutie Curatare Frane Model 37,130,20,139.82,249.46,0.106
7877,Auto,Filtru Aer Model 24,2,10,81.26,134.04,0.346
7878,Auto,Senzor Debitmetru Model 10,73,16,27.74,54.11,0.182
7879,Hardware,Trusa Tubulare Model 37,3,10,238.1,371.71,0.38
7880,Auto,Baterie 12V 70Ah Model 45,70,8,129.55,259.83,0.027
7881,Electronice,[Electronice] Modul Transmisie LoRa Model 17,129,18,69.39,161.75,0.252
7882,Perisabile,[Perisabile] Adeziv Industrial Model 40,42,15,143.06,286.8,0.234
7883,Electronice,[Electronice] Multimetru Analogic Model 73,80,14,131.33,321.11,0.422
7884,Perisabile,[Perisabile] Adeziv Industrial Model 79,87,17,162.27,334.9,0.036
7885,Perisabile,[Perisabile] Solutie Curatare Frane Model 46,146,11,115.03,274.69,0.45
7886,Auto,Filtru Aer Model 69,93,7,35.29,81.04,0.329
7887,Perisabile,[Perisabile] Adeziv Industrial Model 20,71,19,66.24,82.97,0.473
7888,Hardware,Incarcator Gaz Model 47,129,14,142.94,283.85,0.12
7889,Hardware,Cheie Dinamometrica Model 9,123,15,179.74,222.96,0.422
7890,Hardware,Incarcator Gaz Model 33,1,13,99.03,167.49,0.412
7891,Perisabile,[Perisabile] Solutie Curatare Frane Model 64,88,13,280.76,691.58,0.072
7892,Perisabile,[Perisabile] Adeziv Industrial Model 68,51,5,27.7,59.66,0.18
7893,Auto,Rulment Roata Fata Model 29,65,10,46.76,94.37,0.349
7894,Electronice,[Electronice] Osciloscop Model 1,40,19,44.02,75.99,0.07
7895,Electronice,[Electronice] Multimetru Analogic Model 97,65,7,114.52,185.02,0.03
7896,Hardware,Set Imbusuri Model 37,1,18,221.97,470.86,0.06
7897,Electronice,[Electronice] Osciloscop Model 49,81,5,80.65,194.6,0.375
7898,Electronice,[Electronice] Osciloscop Model 54,42,12,108.48,270.6,0.055
7899,Electronice,[Electronice] Multimetru Analogic Model 5,80,6,23.94,44.96,0.247
7900,Hardware,Incarcator Gaz Model 91,76,19,278.73,578.68,0.495
7901,Auto,Filtru Aer Model 50,81,13,87.45,194.99,0.073
7902,Perisabile,[Perisabile] Spray Degripant Model 8,128,10,97.04,152.69,0.463
7903,Electronice,[Electronice] Modul Transmisie LoRa Model 11,0,11,57.46,84.13,0.014
7904,Perisabile,[Perisabile] Solutie Curatare Frane Model 98,77,20,102.07,211.49,0.2
7905,Auto,Filtru Aer Model 28,75,8,123.92,245.4,0.31
7906,Electronice,[Electronice] Osciloscop Model 81,81,15,181.7,294.12,0.305
7907,Hardware,Trusa Tubulare Model 89,126,8,128.32,312.72,0.202
7908,Electronice,[Electronice] Sursa Laborator Model 78,85,7,220.0,387.34,0.226
7909,Electronice,[Electronice] Osciloscop Model 62,98,17,235.13,352.27,0.399
7910,Electronice,[Electronice] Multimetru Analogic Model 98,8,11,249.66,530.5,0.121
7911,Hardware,Cheie Dinamometrica Model 27,52,17,42.18,77.96,0.404
7912,Hardware,Trusa Tubulare Model 2,103,8,79.19,181.31,0.289
7913,Perisabile,[Perisabile] Solutie Curatare Frane Model 5,128,7,100.99,241.28,0.289
7914,Electronice,[Electronice] Multimetru Analogic Model 25,43,11,103.88,181.39,0.425
7915,Auto,Rulment Roata Fata Model 86,72,9,286.87,471.12,0.036
7916,Perisabile,[Perisabile] Spray Degripant Model 29,57,15,96.02,155.36,0.297
7917,Auto,Set Placute Frana Model 44,133,15,137.15,210.37,0.232
7918,Auto,Furtun Intercooler 2.0 TDI Model 34,148,9,29.96,59.68,0.493
7919,Hardware,Set Imbusuri Model 68,30,19,31.24,62.24,0.104
7920,Hardware,Set Imbusuri Model 52,140,9,38.74,47.14,0.234
7921,Electronice,[Electronice] Multimetru Analogic Model 49,28,12,89.2,178.86,0.403
7922,Auto,Furtun Intercooler 2.0 TDI Model 64,81,14,24.52,54.08,0.28
7923,Perisabile,[Perisabile] Spray Degripant Model 84,126,9,81.77,194.37,0.289
7924,Hardware,Set Imbusuri Model 83,71,19,147.45,283.45,0.443
7925,Electronice,[Electronice] Sursa Laborator Model 72,46,13,221.7,370.52,0.094
7926,Auto,Set Placute Frana Model 94,110,8,133.65,299.05,0.224
7927,Perisabile,[Perisabile] Adeziv Industrial Model 18,87,17,123.73,248.29,0.492
7928,Hardware,Set Imbusuri Model 72,12,16,160.65,278.92,0.347
7929,Electronice,[Electronice] Osciloscop Model 28,23,18,245.83,482.87,0.297
7930,Perisabile,[Perisabile] Spray Degripant Model 97,129,19,196.12,361.66,0.214
7931,Auto,Senzor Debitmetru Model 58,70,8,63.74,95.27,0.367
7932,Hardware,Trusa Tubulare Model 25,53,18,287.14,659.06,0.281
7933,Perisabile,[Perisabile] Solutie Curatare Frane Model 58,42,7,47.84,92.5,0.483
7934,Auto,Rulment Roata Fata Model 43,92,18,244.49,422.92,0.265
7935,Auto,Rulment Roata Fata Model 31,115,19,183.54,437.8,0.042
7936,Auto,Filtru Aer Model 84,103,16,169.72,293.07,0.133
7937,Electronice,[Electronice] Osciloscop Model 89,85,10,292.14,535.24,0.184
7938,Hardware,Trusa Tubulare Model 22,86,11,179.79,432.01,0.376
7939,Electronice,[Electronice] Modul Transmisie LoRa Model 46,39,18,88.87,122.42,0.07
7940,Auto,Baterie 12V 70Ah Model 73,140,6,107.82,261.59,0.35
7941,Electronice,[Electronice] Multimetru Analogic Model 48,117,17,14.97,35.45,0.117
7942,Perisabile,[Perisabile] Spray Degripant Model 42,61,10,118.74,148.35,0.37
7943,Perisabile,[Perisabile] Spray Degripant Model 98,108,8,61.16,132.14,0.228
7944,Hardware,Cheie Dinamometrica Model 39,100,9,122.69,248.91,0.164
7945,Hardware,Cheie Dinamometrica Model 5,27,5,127.45,309.95,0.124
7946,Auto,Set Placute Frana Model 61,99,10,246.4,572.08,0.021
7947,Hardware,Trusa Tubulare Model 27,44,20,25.49,55.9,0.43
7948,Auto,Filtru Aer Model 86,24,6,46.42,109.41,0.347
7949,Perisabile,[Perisabile] Adeziv Industrial Model 43,47,19,144.61,244.55,0.255
7950,Perisabile,[Perisabile] Solutie Curatare Frane Model 42,2,5,163.29,276.5,0.224
7951,Electronice,[Electronice] Osciloscop Model 70,116,12,208.75,481.8,0.051
7952,Electronice,[Electronice] Sursa Laborator Model 77,1,6,127.7,170.67,0.399
7953,Auto,Furtun Intercooler 2.0 TDI Model 52,150,8,38.46,77.13,0.375
7954,Electronice,[Electronice] Multimetru Analogic Model 8,14,12,247.1,325.83,0.438
7955,Hardware,Incarcator Gaz Model 14,59,15,58.32,111.87,0.386
7956,Perisabile,[Perisabile] Spray Degripant Model 96,98,5,205.92,376.07,0.201
7957,Auto,Rulment Roata Fata Model 78,29,15,160.2,291.08,0.013
7958,Electronice,[Electronice] Modul Transmisie LoRa Model 24,67,19,73.88,144.11,0.254
7959,Hardware,Set Imbusuri Model 43,87,19,264.38,367.12,0.249
7960,Auto,Baterie 12V 70Ah Model 65,84,17,291.92,486.37,0.433
7961,Hardware,Set Imbusuri Model 53,117,8,123.58,304.21,0.458
7962,Hardware,Trusa Tubulare Model 46,111,13,71.23,131.84,0.04
7963,Hardware,Incarcator Gaz Model 56,64,14,230.41,304.02,0.352
7964,Perisabile,[Perisabile] Spray Degripant Model 54,84,10,137.74,325.24,0.494
7965,Electronice,[Electronice] Sursa Laborator Model 19,17,8,23.41,40.23,0.198
7966,Auto,Baterie 12V 70Ah Model 80,121,9,61.03,144.82,0.329
7967,Electronice,[Electronice] Modul Transmisie LoRa Model 98,146,11,86.71,179.22,0.075
7968,Perisabile,[Perisabile] Spray Degripant Model 77,133,14,149.52,325.39,0.446
7969,Auto,Furtun Intercooler 2.0 TDI Model 15,79,16,164.78,366.04,0.384
7970,Hardware,Incarcator Gaz Model 28,91,5,27.88,58.36,0.133
7971,Auto,Filtru Aer Model 74,13,6,184.22,432.15,0.233
7972,Auto,Set Placute Frana Model 45,50,11,299.87,577.39,0.357
7973,Electronice,[Electronice] Modul Transmisie LoRa Model 95,104,5,299.32,416.11,0.03
7974,Hardware,Cheie Dinamometrica Model 16,116,9,232.28,460.36,0.379
7975,Auto,Rulment Roata Fata Model 31,130,9,193.06,341.78,0.174
7976,Auto,Senzor Debitmetru Model 74,12,8,275.58,674.7,0.195
7977,Electronice,[Electronice] Osciloscop Model 89,110,10,50.24,113.72,0.438
7978,Perisabile,[Perisabile] Solutie Curatare Frane Model 55,140,20,118.62,224.14,0.278
7979,Electronice,[Electronice] Modul Transmisie LoRa Model 86,60,8,90.69,153.93,0.192
7980,Auto,Senzor Debitmetru Model 4,84,5,95.64,140.36,0.375
7981,Hardware,Incarcator Gaz Model 3,50,11,134.66,328.87,0.136
7982,Electronice,[Electronice] Osciloscop Model 97,32,13,229.86,394.32,0.487
7983,Hardware,Trusa Tubulare Model 31,116,17,263.95,330.68,0.406
7984,Auto,Baterie 12V 70Ah Model 97,68,11,258.85,492.34,0.013
7985,Electronice,[Electronice] Osciloscop Model 14,89,10,157.42,286.52,0.193
7986,Electronice,[Electronice] Sursa Laborator Model 42,70,17,249.34,415.36,0.293
7987,Auto,Filtru Aer Model 91,135,19,273.99,570.18,0.38
7988,Hardware,Incarcator Gaz Model 94,150,12,237.44,467.3,0.233
7989,Hardware,Trusa Tubulare Model 24,28,7,274.55,412.37,0.098
7990,Hardware,Trusa Tubulare Model 54,118,15,194.58,237.77,0.026
7991,Electronice,[Electronice] Sursa Laborator Model 64,29,16,90.26,182.44,0.156
7992,Perisabile,[Perisabile] Solutie Curatare Frane Model 26,76,14,82.39,200.73,0.49
7993,Hardware,Cheie Dinamometrica Model 36,46,5,171.94,286.45,0.276
7994,Perisabile,[Perisabile] Solutie Curatare Frane Model 24,9,11,173.11,312.7,0.126
7995,Auto,Filtru Aer Model 97,129,9,277.44,602.68,0.058
7996,Perisabile,[Perisabile] Adeziv Industrial Model 55,95,20,98.84,209.35,0.489
7997,Hardware,Set Imbusuri Model 99,103,11,169.34,312.99,0.446
7998,Electronice,[Electronice] Multimetru Analogic Model 50,49,17,80.27,107.42,0.415
7999,Hardware,Incarcator Gaz Model 65,76,7,95.66,131.68,0.189
8000,Electronice,[Electronice] Modul Transmisie LoRa Model 61,89,20,126.53,160.3,0.306
8001,Hardware,Set Imbusuri Model 82,1,20,153.07,320.39,0.159
8002,Hardware,Cheie Dinamometrica Model 11,78,16,43.66,73.75,0.374
8003,Hardware,Cheie Dinamometrica Model 69,43,15,112.25,139.01,0.086
8004,Perisabile,[Perisabile] Solutie Curatare Frane Model 77,57,11,112.0,146.78,0.422
8005,Hardware,Trusa Tubulare Model 41,19,17,104.85,137.41,0.12
8006,Perisabile,[Perisabile] Spray Degripant Model 77,38,6,202.68,321.84,0.41
8007,Hardware,Trusa Tubulare Model 89,117,5,26.92,53.9,0.012
8008,Perisabile,[Perisabile] Adeziv Industrial Model 81,16,15,273.95,639.85,0.485
8009,Perisabile,[Perisabile] Spray Degripant Model 32,140,7,164.96,271.94,0.104
8010,Auto,Set Placute Frana Model 71,77,8,263.57,627.82,0.162
8011,Perisabile,[Perisabile] Spray Degripant Model 42,86,18,33.07,56.52,0.223
8012,Hardware,Set Imbusuri Model 35,37,9,34.56,60.17,0.329
8013,Electronice,[Electronice] Osciloscop Model 17,57,15,90.65,110.89,0.024
8014,Electronice,[Electronice] Sursa Laborator Model 97,121,9,279.28,388.2,0.104
8015,Perisabile,[Perisabile] Solutie Curatare Frane Model 5,60,7,71.18,144.62,0.294
8016,Auto,Set Placute Frana Model 19,107,6,45.06,93.27,0.106
8017,Hardware,Cheie Dinamometrica Model 59,128,10,255.27,624.82,0.089
8018,Hardware,Trusa Tubulare Model 64,96,6,208.47,379.57,0.105
8019,Perisabile,[Perisabile] Solutie Curatare Frane Model 55,30,5,161.67,202.97,0.104
8020,Perisabile,[Perisabile] Adeziv Industrial Model 63,52,10,80.49,153.46,0.059
8021,Perisabile,[Perisabile] Spray Degripant Model 57,92,13,239.37,416.06,0.11
8022,Hardware,Trusa Tubulare Model 5,122,9,222.11,367.56,0.468
8023,Electronice,[Electronice] Multimetru Analogic Model 55,1,14,133.8,257.88,0.379
8024,Hardware,Set Imbusuri Model 2,149,8,265.01,630.87,0.217
8025,Auto,Set Placute Frana Model 46,103,20,205.52,390.42,0.232
8026,Auto,Filtru Aer Model 94,94,5,242.57,438.21,0.341
8027,Electronice,[Electronice] Osciloscop Model 19,5,17,16.59,23.59,0.497
8028,Auto,Furtun Intercooler 2.0 TDI Model 95,87,19,185.76,425.57,0.259
8029,Auto,Filtru Aer Model 59,0,5,248.8,384.54,0.49
8030,Hardware,Incarcator Gaz Model 37,63,14,16.89,32.38,0.245
8031,Hardware,Incarcator Gaz Model 79,114,5,217.85,462.73,0.164
8032,Electronice,[Electronice] Osciloscop Model 85,98,5,210.15,455.98,0.221
8033,Auto,Senzor Debitmetru Model 49,88,8,188.59,425.47,0.237
8034,Hardware,Incarcator Gaz Model 11,14,15,84.87,180.41,0.32
8035,Electronice,[Electronice] Multimetru Analogic Model 20,93,7,148.25,360.47,0.134
8036,Auto,Baterie 12V 70Ah Model 45,4,12,271.77,365.68,0.417
8037,Electronice,[Electronice] Modul Transmisie LoRa Model 84,134,18,221.91,314.5,0.158
8038,Hardware,Trusa Tubulare Model 73,19,18,71.45,127.63,0.056
8039,Auto,Baterie 12V 70Ah Model 68,36,11,100.94,210.21,0.429
8040,Perisabile,[Perisabile] Adeziv Industrial Model 12,142,20,140.96,220.44,0.303
8041,Hardware,Incarcator Gaz Model 93,62,6,92.16,212.25,0.211
8042,Hardware,Cheie Dinamometrica Model 93,52,9,80.21,101.5,0.378
8043,Auto,Rulment Roata Fata Model 88,16,5,271.32,381.87,0.018
8044,Hardware,Set Imbusuri Model 26,45,17,243.1,362.8,0.442
8045,Electronice,[Electronice] Osciloscop Model 61,104,6,74.85,137.07,0.157
8046,Perisabile,[Perisabile] Adeziv Industrial Model 19,70,14,295.01,460.33,0.466
8047,Perisabile,[Perisabile] Solutie Curatare Frane Model 40,59,7,217.43,324.31,0.082
8048,Auto,Furtun Intercooler 2.0 TDI Model 80,11,5,82.57,189.65,0.279
8049,Perisabile,[Perisabile] Spray Degripant Model 33,47,13,84.78,124.57,0.491
8050,Auto,Baterie 12V 70Ah Model 22,143,6,274.8,403.97,0.354
8051,Electronice,[Electronice] Osciloscop Model 17,81,16,181.92,327.29,0.164
8052,Perisabile,[Perisabile] Solutie Curatare Frane Model 81,20,20,230.4,314.2,0.218
8053,Auto,Set Placute Frana Model 49,5,17,179.58,382.95,0.28
8054,Hardware,Cheie Dinamometrica Model 20,97,16,200.68,255.78,0.46
8055,Hardware,Trusa Tubulare Model 21,23,9,194.76,480.64,0.122
8056,Auto,Baterie 12V 70Ah Model 96,64,17,95.67,211.6,0.043
8057,Hardware,Incarcator Gaz Model 37,150,18,122.1,238.6,0.038
8058,Electronice,[Electronice] Sursa Laborator Model 99,73,10,167.67,357.71,0.409
8059,Perisabile,[Perisabile] Adeziv Industrial Model 46,85,5,75.47,121.45,0.321
8060,Electronice,[Electronice] Sursa Laborator Model 99,117,18,148.64,255.68,0.223
8061,Perisabile,[Perisabile] Solutie Curatare Frane Model 96,32,13,191.99,351.35,0.426
8062,Hardware,Trusa Tubulare Model 39,4,15,164.91,401.71,0.35
8063,Hardware,Set Imbusuri Model 50,69,14,240.58,542.07,0.067
8064,Electronice,[Electronice] Multimetru Analogic Model 25,126,20,132.29,312.16,0.324
8065,Auto,Senzor Debitmetru Model 72,14,20,249.46,432.32,0.405
8066,Auto,Senzor Debitmetru Model 11,57,19,292.31,670.27,0.082
8067,Perisabile,[Perisabile] Adeziv Industrial Model 3,70,8,172.71,341.29,0.209
8068,Hardware,Trusa Tubulare Model 29,12,15,282.96,673.07,0.386
8069,Hardware,Cheie Dinamometrica Model 57,35,13,188.83,402.6,0.388
8070,Hardware,Cheie Dinamometrica Model 38,72,5,14.57,33.62,0.298
8071,Electronice,[Electronice] Osciloscop Model 96,85,14,159.59,217.82,0.263
8072,Hardware,Set Imbusuri Model 39,92,11,57.21,119.11,0.433
8073,Electronice,[Electronice] Multimetru Analogic Model 31,26,15,111.56,205.6,0.03
8074,Hardware,Set Imbusuri Model 83,146,13,212.44,474.0,0.093
8075,Auto,Rulment Roata Fata Model 10,141,5,109.76,146.73,0.179
8076,Perisabile,[Perisabile] Spray Degripant Model 69,88,16,111.67,253.2,0.277
8077,Electronice,[Electronice] Modul Transmisie LoRa Model 91,21,11,225.37,434.07,0.145
8078,Auto,Baterie 12V 70Ah Model 64,129,8,66.03,122.02,0.231
8079,Perisabile,[Perisabile] Solutie Curatare Frane Model 88,97,10,19.95,43.04,0.124
8080,Electronice,[Electronice] Osciloscop Model 51,111,14,128.2,158.81,0.18
8081,Hardware,Trusa Tubulare Model 97,11,15,298.57,522.5,0.109
8082,Electronice,[Electronice] Osciloscop Model 29,107,5,284.93,471.13,0.382
8083,Hardware,Incarcator Gaz Model 42,23,19,289.91,554.37,0.07
8084,Auto,Set Placute Frana Model 22,133,8,108.71,214.78,0.452
8085,Perisabile,[Perisabile] Spray Degripant Model 67,142,19,79.17,137.58,0.422
8086,Perisabile,[Perisabile] Adeziv Industrial Model 85,5,17,37.1,63.31,0.219
8087,Hardware,Set Imbusuri Model 98,124,5,165.2,325.97,0.03
8088,Electronice,[Electronice] Sursa Laborator Model 68,55,5,222.5,514.12,0.255
8089,Hardware,Trusa Tubulare Model 59,21,9,243.81,564.03,0.355
8090,Auto,Furtun Intercooler 2.0 TDI Model 54,36,11,131.73,248.6,0.302
8091,Auto,Rulment Roata Fata Model 88,113,5,160.64,284.2,0.26
8092,Perisabile,[Perisabile] Spray Degripant Model 97,29,19,167.87,344.65,0.142
8093,Perisabile,[Perisabile] Adeziv Industrial Model 36,123,9,85.22,186.11,0.165
8094,Auto,Senzor Debitmetru Model 73,16,8,298.82,700.63,0.141
8095,Hardware,Trusa Tubulare Model 40,38,13,153.3,222.71,0.492
8096,Perisabile,[Perisabile] Adeziv Industrial Model 73,62,17,129.0,184.41,0.204
8097,Auto,Rulment Roata Fata Model 66,149,16,261.23,450.2,0.376
8098,Perisabile,[Perisabile] Solutie Curatare Frane Model 13,96,19,122.36,234.89,0.488
8099,Auto,Baterie 12V 70Ah Model 46,91,11,123.26,297.13,0.445
8100,Auto,Rulment Roata Fata Model 8,33,13,294.22,633.02,0.012
8101,Perisabile,[Perisabile] Solutie Curatare Frane Model 57,62,10,121.51,302.28,0.243
8102,Hardware,Trusa Tubulare Model 32,134,16,241.0,356.69,0.431
8103,Electronice,[Electronice] Sursa Laborator Model 19,29,14,286.51,709.63,0.107
8104,Hardware,Cheie Dinamometrica Model 1,113,15,10.12,14.85,0.455
8105,Perisabile,[Perisabile] Spray Degripant Model 91,120,16,231.27,353.86,0.308
8106,Perisabile,[Perisabile] Solutie Curatare Frane Model 90,10,18,109.5,244.17,0.225
8107,Hardware,Cheie Dinamometrica Model 12,62,14,41.13,84.67,0.392
8108,Hardware,Cheie Dinamometrica Model 60,121,8,101.94,127.12,0.272
8109,Auto,Rulment Roata Fata Model 27,51,13,164.34,286.51,0.435
8110,Hardware,Trusa Tubulare Model 12,87,7,108.4,196.69,0.102
8111,Electronice,[Electronice] Sursa Laborator Model 31,114,5,243.03,462.92,0.116
8112,Perisabile,[Perisabile] Spray Degripant Model 66,65,6,11.51,26.25,0.481
8113,Auto,Furtun Intercooler 2.0 TDI Model 43,0,12,240.96,556.06,0.372
8114,Electronice,[Electronice] Modul Transmisie LoRa Model 68,31,8,54.73,78.27,0.261
8115,Auto,Rulment Roata Fata Model 74,56,10,187.47,403.9,0.011
8116,Perisabile,[Perisabile] Solutie Curatare Frane Model 24,91,11,33.94,74.58,0.451
8117,Auto,Baterie 12V 70Ah Model 2,119,20,293.62,395.68,0.289
8118,Auto,Senzor Debitmetru Model 5,139,17,32.45,62.12,0.318
8119,Perisabile,[Perisabile] Solutie Curatare Frane Model 63,49,6,134.75,299.04,0.034
8120,Auto,Senzor Debitmetru Model 52,137,13,16.38,23.92,0.425
8121,Perisabile,[Perisabile] Adeziv Industrial Model 90,6,18,295.18,707.58,0.324
8122,Electronice,[Electronice] Sursa Laborator Model 60,19,14,11.84,29.32,0.173
8123,Auto,Furtun Intercooler 2.0 TDI Model 46,53,15,289.97,446.04,0.116
8124,Hardware,Incarcator Gaz Model 37,146,5,213.57,378.04,0.178
8125,Auto,Baterie 12V 70Ah Model 29,18,15,83.33,148.94,0.487
8126,Perisabile,[Perisabile] Solutie Curatare Frane Model 66,85,11,291.91,455.63,0.421
8127,Perisabile,[Perisabile] Adeziv Industrial Model 89,32,19,201.43,368.59,0.244
8128,Electronice,[Electronice] Modul Transmisie LoRa Model 95,59,13,178.95,371.87,0.013
8129,Perisabile,[Perisabile] Solutie Curatare Frane Model 99,35,19,35.4,52.37,0.438
8130,Hardware,Cheie Dinamometrica Model 11,27,9,156.23,359.44,0.18
8131,Auto,Set Placute Frana Model 62,10,17,279.38,685.32,0.174
8132,Hardware,Incarcator Gaz Model 67,142,13,136.62,339.56,0.183
8133,Perisabile,[Perisabile] Solutie Curatare Frane Model 54,114,13,151.36,340.93,0.267
8134,Hardware,Trusa Tubulare Model 10,19,7,221.33,514.4,0.329
8135,Electronice,[Electronice] Multimetru Analogic Model 16,104,20,190.8,322.31,0.274
8136,Auto,Rulment Roata Fata Model 33,43,5,135.97,310.63,0.261
8137,Auto,Senzor Debitmetru Model 69,90,15,253.25,383.21,0.098
8138,Hardware,Cheie Dinamometrica Model 53,144,12,127.74,305.56,0.389
8139,Auto,Furtun Intercooler 2.0 TDI Model 79,26,7,126.82,274.44,0.293
8140,Hardware,Incarcator Gaz Model 66,117,10,51.05,72.69,0.385
8141,Auto,Filtru Aer Model 59,134,6,34.11,64.91,0.441
8142,Hardware,Incarcator Gaz Model 78,145,18,12.43,28.21,0.108
8143,Electronice,[Electronice] Modul Transmisie LoRa Model 73,2,9,83.54,165.27,0.461
8144,Perisabile,[Perisabile] Adeziv Industrial Model 29,52,16,242.78,486.86,0.108
8145,Hardware,Set Imbusuri Model 15,48,5,25.31,53.57,0.212
8146,Auto,Senzor Debitmetru Model 77,149,9,221.34,407.63,0.247
8147,Hardware,Set Imbusuri Model 98,34,5,190.2,390.91,0.237
8148,Electronice,[Electronice] Modul Transmisie LoRa Model 46,46,17,158.32,323.81,0.425
8149,Hardware,Trusa Tubulare Model 90,7,15,132.88,188.71,0.147
8150,Auto,Senzor Debitmetru Model 17,2,19,227.65,287.02,0.117
8151,Hardware,Set Imbusuri Model 95,130,14,102.4,184.22,0.101
8152,Auto,Rulment Roata Fata Model 16,141,12,121.63,286.37,0.246
8153,Perisabile,[Perisabile] Solutie Curatare Frane Model 68,145,15,99.76,127.48,0.427
8154,Auto,Senzor Debitmetru Model 11,63,9,34.61,61.21,0.397
8155,Hardware,Cheie Dinamometrica Model 39,74,19,163.25,207.45,0.304
8156,Hardware,Trusa Tubulare Model 84,134,16,40.29,82.09,0.419
8157,Hardware,Incarcator Gaz Model 18,120,17,224.75,360.82,0.442
8158,Auto,Filtru Aer Model 53,30,19,119.46,156.87,0.173
8159,Perisabile,[Perisabile] Solutie Curatare Frane Model 26,139,12,208.42,499.96,0.214
8160,Perisabile,[Perisabile] Solutie Curatare Frane Model 36,32,12,243.84,593.47,0.211
8161,Electronice,[Electronice] Multimetru Analogic Model 50,59,18,182.14,220.23,0.271
8162,Electronice,[Electronice] Sursa Laborator Model 94,4,5,220.58,483.58,0.221
8163,Hardware,Set Imbusuri Model 33,138,11,120.23,213.21,0.469
8164,Auto,Furtun Intercooler 2.0 TDI Model 67,104,8,197.37,380.57,0.056
8165,Electronice,[Electronice] Multimetru Analogic Model 91,124,15,19.98,40.04,0.339
8166,Auto,Set Placute Frana Model 79,86,7,119.18,244.63,0.44
8167,Perisabile,[Perisabile] Adeziv Industrial Model 76,148,7,29.19,61.82,0.333
8168,Hardware,Cheie Dinamometrica Model 38,62,13,196.33,423.34,0.079
8169,Hardware,Cheie Dinamometrica Model 59,137,7,275.81,536.23,0.124
8170,Electronice,[Electronice] Sursa Laborator Model 20,142,7,188.05,226.47,0.295
8171,Hardware,Set Imbusuri Model 79,116,8,103.91,234.46,0.178
8172,Perisabile,[Perisabile] Spray Degripant Model 99,58,13,187.2,276.64,0.373
8173,Hardware,Set Imbusuri Model 98,120,18,294.5,509.17,0.021
8174,Hardware,Cheie Dinamometrica Model 38,24,7,202.94,269.82,0.245
8175,Auto,Rulment Roata Fata Model 36,15,8,133.7,166.09,0.376
8176,Hardware,Set Imbusuri Model 24,18,20,227.54,518.41,0.117
8177,Electronice,[Electronice] Multimetru Analogic Model 93,132,17,213.51,360.41,0.449
8178,Hardware,Incarcator Gaz Model 34,90,13,165.72,356.57,0.341
8179,Perisabile,[Perisabile] Solutie Curatare Frane Model 67,130,14,265.44,340.4,0.43
8180,Perisabile,[Perisabile] Adeziv Industrial Model 85,64,11,299.47,652.38,0.468
8181,Electronice,[Electronice] Osciloscop Model 27,75,8,202.07,286.2,0.014
8182,Hardware,Set Imbusuri Model 47,128,16,45.56,106.89,0.404
8183,Hardware,Trusa Tubulare Model 21,61,7,234.0,308.19,0.097
8184,Hardware,Set Imbusuri Model 8,22,7,52.66,76.54,0.184
8185,Auto,Set Placute Frana Model 63,109,16,255.16,383.65,0.054
8186,Auto,Baterie 12V 70Ah Model 28,114,17,151.92,230.93,0.362
8187,Auto,Rulment Roata Fata Model 75,138,17,188.27,231.31,0.417
8188,Hardware,Incarcator Gaz Model 14,93,14,101.74,236.14,0.103
8189,Perisabile,[Perisabile] Adeziv Industrial Model 30,18,13,80.51,191.2,0.226
8190,Hardware,Trusa Tubulare Model 36,114,17,177.28,217.7,0.397
8191,Auto,Baterie 12V 70Ah Model 5,1,10,263.47,611.15,0.152
8192,Hardware,Trusa Tubulare Model 49,31,11,236.18,517.43,0.202
8193,Hardware,Incarcator Gaz Model 63,38,17,124.32,306.36,0.036
8194,Perisabile,[Perisabile] Spray Degripant Model 63,91,7,150.36,229.25,0.281
8195,Hardware,Incarcator Gaz Model 23,66,6,85.96,136.64,0.413
8196,Electronice,[Electronice] Osciloscop Model 26,108,15,28.92,39.08,0.24
8197,Perisabile,[Perisabile] Spray Degripant Model 74,56,14,208.96,284.91,0.327
8198,Hardware,Set Imbusuri Model 39,53,20,68.66,143.63,0.417
8199,Auto,Baterie 12V 70Ah Model 20,81,16,156.16,317.1,0.225
8200,Electronice,[Electronice] Modul Transmisie LoRa Model 85,4,6,233.51,344.02,0.27
8201,Auto,Baterie 12V 70Ah Model 34,79,19,266.37,554.08,0.091
8202,Electronice,[Electronice] Osciloscop Model 32,94,18,96.42,161.71,0.069
8203,Hardware,Trusa Tubulare Model 39,6,7,249.11,557.67,0.436
8204,Hardware,Trusa Tubulare Model 20,17,15,94.4,223.38,0.104
8205,Auto,Furtun Intercooler 2.0 TDI Model 45,87,16,20.63,37.85,0.031
8206,Electronice,[Electronice] Osciloscop Model 52,76,18,58.83,123.55,0.02
8207,Auto,Furtun Intercooler 2.0 TDI Model 96,7,17,180.81,271.61,0.306
8208,Perisabile,[Perisabile] Spray Degripant Model 7,129,18,210.76,384.93,0.035
8209,Electronice,[Electronice] Osciloscop Model 19,35,17,281.69,530.01,0.26
8210,Auto,Senzor Debitmetru Model 61,24,13,37.73,73.48,0.102
8211,Auto,Set Placute Frana Model 72,43,5,257.12,472.49,0.34
8212,Hardware,Set Imbusuri Model 74,69,14,35.63,64.82,0.161
8213,Perisabile,[Perisabile] Adeziv Industrial Model 75,93,10,20.97,35.05,0.369
8214,Hardware,Cheie Dinamometrica Model 66,16,14,18.97,35.78,0.176
8215,Perisabile,[Perisabile] Spray Degripant Model 88,145,19,235.7,572.17,0.041
8216,Auto,Senzor Debitmetru Model 85,149,5,287.88,541.1,0.102
8217,Electronice,[Electronice] Modul Transmisie LoRa Model 91,87,11,296.21,487.01,0.374
8218,Auto,Filtru Aer Model 77,41,16,61.59,151.21,0.115
8219,Auto,Set Placute Frana Model 5,109,17,23.33,31.44,0.165
8220,Auto,Senzor Debitmetru Model 32,114,16,105.71,127.86,0.464
8221,Perisabile,[Perisabile] Solutie Curatare Frane Model 10,88,13,288.57,658.3,0.093
8222,Auto,Rulment Roata Fata Model 97,149,13,248.33,534.02,0.408
8223,Electronice,[Electronice] Multimetru Analogic Model 90,106,19,166.8,320.82,0.219
8224,Perisabile,[Perisabile] Spray Degripant Model 71,72,15,279.61,414.9,0.198
8225,Auto,Senzor Debitmetru Model 68,15,19,86.17,200.96,0.019
8226,Auto,Set Placute Frana Model 51,65,11,281.17,519.98,0.332
8227,Hardware,Trusa Tubulare Model 14,15,20,173.4,215.48,0.371
8228,Auto,Furtun Intercooler 2.0 TDI Model 14,74,9,105.18,224.69,0.491
8229,Auto,Set Placute Frana Model 7,143,6,295.02,500.69,0.456
8230,Electronice,[Electronice] Multimetru Analogic Model 26,132,13,50.45,86.44,0.198
8231,Electronice,[Electronice] Osciloscop Model 10,130,6,67.92,158.26,0.156
8232,Hardware,Incarcator Gaz Model 85,77,11,74.19,117.22,0.462
8233,Hardware,Set Imbusuri Model 57,36,20,78.34,112.55,0.094
8234,Auto,Filtru Aer Model 72,135,19,249.34,502.12,0.451
8235,Electronice,[Electronice] Modul Transmisie LoRa Model 67,11,12,257.31,453.24,0.01
8236,Auto,Baterie 12V 70Ah Model 18,51,11,114.72,167.24,0.236
8237,Perisabile,[Perisabile] Adeziv Industrial Model 37,73,12,79.56,131.54,0.498
8238,Auto,Senzor Debitmetru Model 94,88,14,148.43,352.64,0.191
8239,Auto,Filtru Aer Model 12,48,13,167.7,418.09,0.078
8240,Auto,Rulment Roata Fata Model 60,34,6,288.89,429.77,0.452
8241,Electronice,[Electronice] Osciloscop Model 81,40,14,134.94,261.3,0.464
8242,Perisabile,[Perisabile] Solutie Curatare Frane Model 17,16,19,32.22,61.5,0.317
8243,Hardware,Set Imbusuri Model 55,130,16,247.96,386.04,0.213
8244,Auto,Rulment Roata Fata Model 25,19,17,65.15,106.53,0.128
8245,Auto,Set Placute Frana Model 15,42,18,185.95,239.08,0.485
8246,Electronice,[Electronice] Multimetru Analogic Model 13,27,10,237.06,479.41,0.133
8247,Perisabile,[Perisabile] Solutie Curatare Frane Model 7,142,8,57.97,83.84,0.145
8248,Electronice,[Electronice] Osciloscop Model 14,27,14,99.24,189.59,0.34
8249,Hardware,Incarcator Gaz Model 20,124,14,138.36,202.18,0.195
8250,Perisabile,[Perisabile] Spray Degripant Model 57,55,14,107.78,238.32,0.219
8251,Auto,Furtun Intercooler 2.0 TDI Model 31,71,20,140.56,183.44,0.147
8252,Electronice,[Electronice] Modul Transmisie LoRa Model 5,3,8,270.59,568.73,0.409
8253,Electronice,[Electronice] Multimetru Analogic Model 95,75,13,185.81,292.22,0.26
8254,Electronice,[Electronice] Osciloscop Model 3,133,20,247.3,323.06,0.093
8255,Auto,Furtun Intercooler 2.0 TDI Model 58,67,6,114.56,219.08,0.372
8256,Electronice,[Electronice] Multimetru Analogic Model 60,132,16,88.75,118.37,0.416
8257,Electronice,[Electronice] Osciloscop Model 5,80,15,222.22,449.01,0.49
8258,Auto,Senzor Debitmetru Model 73,119,12,235.52,461.21,0.05
8259,Perisabile,[Perisabile] Solutie Curatare Frane Model 3,130,18,242.67,535.93,0.083
8260,Auto,Rulment Roata Fata Model 64,39,18,207.29,259.76,0.498
8261,Perisabile,[Perisabile] Spray Degripant Model 23,83,14,122.2,249.74,0.295
8262,Hardware,Trusa Tubulare Model 42,117,9,211.19,456.71,0.158
8263,Auto,Filtru Aer Model 68,7,14,40.63,88.25,0.105
8264,Auto,Baterie 12V 70Ah Model 73,146,9,71.48,89.62,0.113
8265,Perisabile,[Perisabile] Adeziv Industrial Model 92,94,13,258.68,494.48,0.403
8266,Auto,Baterie 12V 70Ah Model 73,126,5,186.15,344.86,0.228
8267,Perisabile,[Perisabile] Spray Degripant Model 20,32,9,289.07,630.09,0.179
8268,Perisabile,[Perisabile] Adeziv Industrial Model 55,103,14,31.83,76.9,0.466
8269,Auto,Senzor Debitmetru Model 12,84,8,288.05,384.23,0.084
8270,Perisabile,[Perisabile] Solutie Curatare Frane Model 64,87,7,15.52,35.22,0.329
8271,Hardware,Set Imbusuri Model 30,23,14,167.88,303.26,0.052
8272,Auto,Furtun Intercooler 2.0 TDI Model 13,59,5,46.35,106.27,0.182
8273,Auto,Filtru Aer Model 14,4,7,39.81,63.73,0.46
8274,Electronice,[Electronice] Osciloscop Model 24,44,15,219.47,454.47,0.106
8275,Hardware,Trusa Tubulare Model 81,95,19,141.97,258.58,0.051
8276,Hardware,Set Imbusuri Model 32,4,20,269.13,587.73,0.05
8277,Perisabile,[Perisabile] Solutie Curatare Frane Model 2,71,11,295.77,540.69,0.369
8278,Auto,Furtun Intercooler 2.0 TDI Model 6,95,9,17.25,43.11,0.39
8279,Perisabile,[Perisabile] Adeziv Industrial Model 95,69,5,160.31,224.91,0.142
8280,Auto,Set Placute Frana Model 60,127,12,14.76,35.66,0.426
8281,Hardware,Cheie Dinamometrica Model 92,109,16,291.12,703.23,0.306
8282,Auto,Filtru Aer Model 69,7,5,115.49,143.36,0.023
8283,Electronice,[Electronice] Multimetru Analogic Model 43,97,20,269.66,598.57,0.324
8284,Hardware,Cheie Dinamometrica Model 86,65,16,131.21,257.68,0.13
8285,Hardware,Incarcator Gaz Model 30,97,6,269.21,492.09,0.107
8286,Electronice,[Electronice] Sursa Laborator Model 28,64,8,163.58,387.42,0.468
8287,Auto,Furtun Intercooler 2.0 TDI Model 98,71,10,258.51,394.94,0.463
8288,Perisabile,[Perisabile] Adeziv Industrial Model 79,42,18,141.29,291.97,0.405
8289,Electronice,[Electronice] Multimetru Analogic Model 21,49,11,217.35,345.63,0.184
8290,Hardware,Trusa Tubulare Model 15,107,15,275.96,606.45,0.128
8291,Electronice,[Electronice] Modul Transmisie LoRa Model 43,66,5,125.55,282.27,0.111
8292,Electronice,[Electronice] Multimetru Analogic Model 14,110,12,224.82,549.12,0.244
8293,Perisabile,[Perisabile] Adeziv Industrial Model 54,84,7,159.26,353.27,0.075
8294,Auto,Senzor Debitmetru Model 89,44,10,31.49,78.19,0.357
8295,Perisabile,[Perisabile] Adeziv Industrial Model 55,104,17,175.51,325.18,0.397
8296,Hardware,Set Imbusuri Model 96,76,19,212.74,512.9,0.047
8297,Perisabile,[Perisabile] Spray Degripant Model 61,46,19,40.75,51.03,0.066
8298,Hardware,Cheie Dinamometrica Model 94,71,17,90.74,194.72,0.053
8299,Auto,Filtru Aer Model 60,81,14,35.08,87.13,0.186
8300,Electronice,[Electronice] Multimetru Analogic Model 9,61,18,173.6,312.7,0.073
8301,Electronice,[Electronice] Multimetru Analogic Model 35,114,14,138.37,307.23,0.213
8302,Perisabile,[Perisabile] Adeziv Industrial Model 56,90,13,141.58,256.16,0.257
8303,Perisabile,[Perisabile] Spray Degripant Model 60,76,19,234.97,328.94,0.3
8304,Perisabile,[Perisabile] Spray Degripant Model 55,70,20,66.29,102.16,0.145
8305,Auto,Furtun Intercooler 2.0 TDI Model 68,28,16,46.37,100.71,0.483
8306,Auto,Baterie 12V 70Ah Model 58,11,7,229.51,416.28,0.206
8307,Electronice,[Electronice] Sursa Laborator Model 5,95,15,210.16,293.09,0.07
8308,Hardware,Cheie Dinamometrica Model 61,112,19,240.61,334.14,0.373
8309,Electronice,[Electronice] Osciloscop Model 42,126,18,69.6,135.26,0.357
8310,Auto,Senzor Debitmetru Model 57,75,5,228.5,508.54,0.093
8311,Electronice,[Electronice] Modul Transmisie LoRa Model 55,124,11,218.06,434.84,0.162
8312,Auto,Filtru Aer Model 92,149,8,227.86,432.78,0.444
8313,Perisabile,[Perisabile] Spray Degripant Model 22,125,9,291.47,403.11,0.021
8314,Perisabile,[Perisabile] Solutie Curatare Frane Model 69,60,20,213.44,477.63,0.018
8315,Perisabile,[Perisabile] Adeziv Industrial Model 53,129,7,146.32,326.16,0.315
8316,Auto,Filtru Aer Model 69,117,20,221.83,451.17,0.073
8317,Auto,Senzor Debitmetru Model 41,135,12,111.47,186.46,0.122
8318,Hardware,Incarcator Gaz Model 77,35,12,275.26,586.53,0.299
8319,Perisabile,[Perisabile] Spray Degripant Model 53,42,20,134.08,211.98,0.392
8320,Hardware,Incarcator Gaz Model 79,122,11,147.63,296.65,0.015
8321,Electronice,[Electronice] Osciloscop Model 15,137,20,282.28,443.53,0.248
8322,Electronice,[Electronice] Multimetru Analogic Model 64,61,12,281.45,529.27,0.471
8323,Perisabile,[Perisabile] Solutie Curatare Frane Model 77,87,7,54.54,112.19,0.062
8324,Hardware,Cheie Dinamometrica Model 29,107,16,29.36,35.98,0.364
8325,Perisabile,[Perisabile] Spray Degripant Model 24,13,15,282.32,407.16,0.189
8326,Hardware,Incarcator Gaz Model 68,126,6,127.79,267.07,0.428
8327,Perisabile,[Perisabile] Adeziv Industrial Model 39,67,11,282.76,370.01,0.332
8328,Perisabile,[Perisabile] Adeziv Industrial Model 11,40,20,244.93,460.12,0.157
8329,Hardware,Cheie Dinamometrica Model 68,126,10,163.17,293.1,0.038
8330,Auto,Baterie 12V 70Ah Model 76,127,5,97.72,241.72,0.059
8331,Auto,Filtru Aer Model 83,0,10,258.4,458.02,0.232
8332,Electronice,[Electronice] Osciloscop Model 12,10,14,102.5,192.9,0.024
8333,Hardware,Set Imbusuri Model 35,87,10,99.08,158.96,0.088
8334,Auto,Senzor Debitmetru Model 69,101,14,160.48,362.87,0.021
8335,Hardware,Set Imbusuri Model 59,78,15,99.23,176.84,0.333
8336,Auto,Set Placute Frana Model 3,81,6,124.38,297.11,0.258
8337,Electronice,[Electronice] Sursa Laborator Model 43,57,17,290.11,532.77,0.322
8338,Perisabile,[Perisabile] Adeziv Industrial Model 80,141,16,17.2,32.61,0.034
8339,Electronice,[Electronice] Sursa Laborator Model 61,150,5,266.37,410.05,0.488
8340,Electronice,[Electronice] Modul Transmisie LoRa Model 96,54,20,111.75,244.25,0.484
8341,Electronice,[Electronice] Sursa Laborator Model 40,20,11,204.38,425.03,0.208
8342,Perisabile,[Perisabile] Adeziv Industrial Model 43,80,6,209.12,284.59,0.349
8343,Hardware,Cheie Dinamometrica Model 77,13,14,113.44,180.46,0.118
8344,Auto,Senzor Debitmetru Model 43,91,9,182.61,244.53,0.318
8345,Auto,Furtun Intercooler 2.0 TDI Model 65,38,18,160.89,225.36,0.184
8346,Hardware,Incarcator Gaz Model 4,78,6,111.35,198.96,0.105
8347,Hardware,Trusa Tubulare Model 62,61,14,117.85,226.68,0.201
8348,Auto,Rulment Roata Fata Model 36,22,10,189.44,464.04,0.037
8349,Perisabile,[Perisabile] Solutie Curatare Frane Model 73,40,17,159.25,256.97,0.256
8350,Perisabile,[Perisabile] Adeziv Industrial Model 82,51,16,12.15,23.5,0.434
8351,Perisabile,[Perisabile] Spray Degripant Model 46,77,15,29.78,59.78,0.139
8352,Perisabile,[Perisabile] Solutie Curatare Frane Model 89,58,11,121.32,301.69,0.297
8353,Electronice,[Electronice] Modul Transmisie LoRa Model 53,91,19,19.67,26.38,0.347
8354,Electronice,[Electronice] Multimetru Analogic Model 40,91,9,233.78,559.44,0.259
8355,Auto,Furtun Intercooler 2.0 TDI Model 48,63,16,177.12,256.15,0.45
8356,Perisabile,[Perisabile] Adeziv Industrial Model 19,30,8,105.02,241.27,0.127
8357,Electronice,[Electronice] Osciloscop Model 85,46,10,123.2,244.2,0.316
8358,Hardware,Trusa Tubulare Model 27,75,17,100.15,161.96,0.167
8359,Perisabile,[Perisabile] Adeziv Industrial Model 9,14,6,62.53,122.06,0.398
8360,Auto,Rulment Roata Fata Model 12,7,14,88.38,190.97,0.029
8361,Perisabile,[Perisabile] Spray Degripant Model 14,137,10,294.99,397.36,0.441
8362,Electronice,[Electronice] Osciloscop Model 48,120,15,223.13,463.53,0.121
8363,Auto,Rulment Roata Fata Model 49,123,18,168.38,261.09,0.235
8364,Perisabile,[Perisabile] Solutie Curatare Frane Model 79,32,18,182.09,238.81,0.036
8365,Hardware,Trusa Tubulare Model 21,85,17,249.51,553.54,0.177
8366,Electronice,[Electronice] Modul Transmisie LoRa Model 48,71,16,139.75,318.68,0.146
8367,Hardware,Trusa Tubulare Model 72,38,18,115.28,232.84,0.462
8368,Electronice,[Electronice] Modul Transmisie LoRa Model 23,135,6,24.15,39.61,0.345
8369,Perisabile,[Perisabile] Solutie Curatare Frane Model 61,91,17,169.38,340.95,0.332
8370,Electronice,[Electronice] Modul Transmisie LoRa Model 86,14,14,204.48,491.99,0.223
8371,Perisabile,[Perisabile] Adeziv Industrial Model 55,45,13,247.2,460.8,0.014
8372,Hardware,Cheie Dinamometrica Model 32,44,16,176.39,367.05,0.238
8373,Auto,Senzor Debitmetru Model 49,30,12,161.71,358.03,0.455
8374,Hardware,Incarcator Gaz Model 71,49,6,103.22,154.87,0.105
8375,Perisabile,[Perisabile] Adeziv Industrial Model 56,121,20,119.72,233.98,0.225
8376,Hardware,Set Imbusuri Model 91,148,5,171.26,323.41,0.201
8377,Auto,Set Placute Frana Model 66,77,10,280.69,527.06,0.033
8378,Electronice,[Electronice] Modul Transmisie LoRa Model 76,51,11,214.77,397.35,0.474
8379,Electronice,[Electronice] Multimetru Analogic Model 28,127,11,114.2,193.84,0.402
8380,Auto,Rulment Roata Fata Model 75,70,17,43.98,61.59,0.491
8381,Electronice,[Electronice] Sursa Laborator Model 58,113,17,144.58,180.46,0.046
8382,Auto,Furtun Intercooler 2.0 TDI Model 58,2,12,229.19,378.09,0.474
8383,Hardware,Trusa Tubulare Model 93,45,13,175.8,308.68,0.421
8384,Hardware,Trusa Tubulare Model 31,65,14,198.23,260.14,0.062
8385,Electronice,[Electronice] Multimetru Analogic Model 80,144,12,106.06,201.29,0.026
8386,Perisabile,[Perisabile] Adeziv Industrial Model 49,46,16,203.55,453.5,0.146
8387,Electronice,[Electronice] Multimetru Analogic Model 95,22,12,27.88,64.22,0.306
8388,Hardware,Set Imbusuri Model 44,70,5,179.61,369.95,0.427
8389,Auto,Senzor Debitmetru Model 61,110,6,99.62,136.25,0.07
8390,Perisabile,[Perisabile] Spray Degripant Model 85,150,14,152.64,220.02,0.028
8391,Perisabile,[Perisabile] Spray Degripant Model 46,142,6,224.14,339.99,0.224
8392,Perisabile,[Perisabile] Adeziv Industrial Model 12,6,7,141.44,229.4,0.182
8393,Electronice,[Electronice] Multimetru Analogic Model 8,31,9,165.74,220.84,0.45
8394,Perisabile,[Perisabile] Adeziv Industrial Model 12,62,5,163.21,279.18,0.308
8395,Electronice,[Electronice] Sursa Laborator Model 43,120,10,19.42,33.08,0.033
8396,Auto,Senzor Debitmetru Model 39,71,7,190.96,233.36,0.062
8397,Electronice,[Electronice] Modul Transmisie LoRa Model 49,128,16,97.04,130.69,0.14
8398,Electronice,[Electronice] Sursa Laborator Model 75,41,20,138.34,291.1,0.211
8399,Electronice,[Electronice] Sursa Laborator Model 43,94,19,86.59,116.73,0.464
8400,Auto,Rulment Roata Fata Model 60,132,8,47.94,77.29,0.395
8401,Hardware,Trusa Tubulare Model 67,64,5,66.55,96.51,0.357
8402,Hardware,Trusa Tubulare Model 28,93,5,28.02,61.23,0.434
8403,Electronice,[Electronice] Sursa Laborator Model 86,73,10,266.12,649.55,0.088
8404,Auto,Rulment Roata Fata Model 39,68,19,89.14,108.93,0.236
8405,Electronice,[Electronice] Osciloscop Model 37,101,6,112.99,276.64,0.147
8406,Auto,Filtru Aer Model 63,120,15,94.17,195.61,0.201
8407,Perisabile,[Perisabile] Spray Degripant Model 96,95,12,33.77,81.47,0.207
8408,Hardware,Set Imbusuri Model 26,22,18,18.29,25.07,0.15
8409,Hardware,Trusa Tubulare Model 72,12,15,62.9,137.97,0.236
8410,Hardware,Set Imbusuri Model 2,19,18,131.56,298.13,0.053
8411,Perisabile,[Perisabile] Spray Degripant Model 56,149,9,77.26,135.55,0.46
8412,Auto,Filtru Aer Model 25,101,19,71.82,168.13,0.464
8413,Electronice,[Electronice] Multimetru Analogic Model 13,5,9,86.39,168.28,0.429
8414,Electronice,[Electronice] Sursa Laborator Model 95,115,18,197.92,477.95,0.269
8415,Electronice,[Electronice] Multimetru Analogic Model 72,87,8,91.9,140.44,0.148
8416,Hardware,Cheie Dinamometrica Model 26,116,14,147.43,305.08,0.476
8417,Perisabile,[Perisabile] Spray Degripant Model 46,37,13,89.87,150.4,0.489
8418,Auto,Senzor Debitmetru Model 8,56,18,44.82,100.77,0.338
8419,Auto,Rulment Roata Fata Model 50,55,15,138.09,231.05,0.42
8420,Auto,Rulment Roata Fata Model 85,132,12,244.67,357.91,0.096
8421,Electronice,[Electronice] Osciloscop Model 19,85,20,281.96,550.8,0.32
8422,Auto,Furtun Intercooler 2.0 TDI Model 83,130,17,152.72,327.94,0.101
8423,Hardware,Trusa Tubulare Model 17,4,10,101.35,238.81,0.368
8424,Auto,Rulment Roata Fata Model 86,91,15,214.88,383.91,0.495
8425,Hardware,Incarcator Gaz Model 78,134,16,65.32,139.24,0.236
8426,Electronice,[Electronice] Modul Transmisie LoRa Model 5,43,11,71.9,133.3,0.137
8427,Electronice,[Electronice] Modul Transmisie LoRa Model 79,89,20,47.98,116.68,0.099
8428,Hardware,Cheie Dinamometrica Model 79,147,8,255.61,597.7,0.498
8429,Hardware,Set Imbusuri Model 92,79,11,159.62,226.89,0.194
8430,Perisabile,[Perisabile] Adeziv Industrial Model 58,61,11,267.32,447.47,0.342
8431,Electronice,[Electronice] Osciloscop Model 74,95,16,106.55,171.96,0.336
8432,Perisabile,[Perisabile] Adeziv Industrial Model 54,5,17,104.32,193.79,0.33
8433,Hardware,Cheie Dinamometrica Model 26,125,20,178.47,385.19,0.033
8434,Perisabile,[Perisabile] Solutie Curatare Frane Model 33,75,6,29.47,47.97,0.198
8435,Electronice,[Electronice] Osciloscop Model 10,136,8,211.48,398.36,0.39
8436,Perisabile,[Perisabile] Adeziv Industrial Model 25,19,18,88.33,189.8,0.373
8437,Auto,Furtun Intercooler 2.0 TDI Model 12,79,15,13.58,18.16,0.392
8438,Hardware,Incarcator Gaz Model 42,84,9,15.16,23.7,0.496
8439,Electronice,[Electronice] Osciloscop Model 93,15,8,113.35,222.64,0.114
8440,Perisabile,[Perisabile] Spray Degripant Model 89,48,12,283.52,543.92,0.178
8441,Perisabile,[Perisabile] Spray Degripant Model 8,118,16,16.21,25.09,0.034
8442,Electronice,[Electronice] Osciloscop Model 93,131,9,21.34,48.34,0.297
8443,Electronice,[Electronice] Osciloscop Model 87,70,13,155.92,377.93,0.297
8444,Perisabile,[Perisabile] Spray Degripant Model 91,48,18,144.79,358.8,0.177
8445,Hardware,Set Imbusuri Model 34,4,11,232.88,492.16,0.111
8446,Auto,Senzor Debitmetru Model 43,74,9,246.79,491.92,0.186
8447,Electronice,[Electronice] Modul Transmisie LoRa Model 51,13,12,159.16,262.0,0.177
8448,Auto,Furtun Intercooler 2.0 TDI Model 78,129,16,31.53,60.87,0.432
8449,Auto,Filtru Aer Model 66,69,14,224.88,342.39,0.331
8450,Perisabile,[Perisabile] Solutie Curatare Frane Model 5,128,17,177.56,228.56,0.247
8451,Electronice,[Electronice] Multimetru Analogic Model 80,25,6,65.39,80.27,0.162
8452,Perisabile,[Perisabile] Spray Degripant Model 73,100,8,168.35,276.81,0.066
8453,Hardware,Cheie Dinamometrica Model 55,16,5,31.17,60.3,0.119
8454,Perisabile,[Perisabile] Adeziv Industrial Model 29,109,20,100.51,190.95,0.07
8455,Auto,Furtun Intercooler 2.0 TDI Model 57,107,7,271.57,614.97,0.237
8456,Auto,Baterie 12V 70Ah Model 17,72,6,30.28,69.41,0.459
8457,Hardware,Trusa Tubulare Model 75,89,5,235.82,320.84,0.154
8458,Perisabile,[Perisabile] Solutie Curatare Frane Model 31,6,18,104.61,146.14,0.127
8459,Auto,Filtru Aer Model 87,75,12,217.35,422.62,0.345
8460,Electronice,[Electronice] Osciloscop Model 3,119,8,185.7,385.56,0.277
8461,Auto,Set Placute Frana Model 57,87,12,268.96,652.3,0.051
8462,Auto,Set Placute Frana Model 10,91,10,45.02,68.48,0.039
8463,Perisabile,[Perisabile] Solutie Curatare Frane Model 88,130,15,25.56,62.39,0.107
8464,Perisabile,[Perisabile] Spray Degripant Model 65,125,5,273.46,510.53,0.142
8465,Perisabile,[Perisabile] Adeziv Industrial Model 82,62,17,202.79,465.79,0.347
8466,Hardware,Trusa Tubulare Model 41,121,14,51.11,86.82,0.273
8467,Hardware,Set Imbusuri Model 62,31,6,152.58,284.29,0.481
8468,Electronice,[Electronice] Modul Transmisie LoRa Model 66,142,10,16.44,35.03,0.227
8469,Electronice,[Electronice] Sursa Laborator Model 5,70,7,198.94,295.32,0.228
8470,Electronice,[Electronice] Sursa Laborator Model 65,147,10,106.5,181.82,0.089
8471,Hardware,Set Imbusuri Model 53,88,8,236.58,584.92,0.287
8472,Electronice,[Electronice] Multimetru Analogic Model 62,6,15,116.57,176.2,0.046
8473,Perisabile,[Perisabile] Spray Degripant Model 55,2,16,58.53,136.8,0.145
8474,Hardware,Set Imbusuri Model 47,85,14,139.88,172.37,0.073
8475,Electronice,[Electronice] Osciloscop Model 68,140,11,177.73,405.4,0.391
8476,Auto,Baterie 12V 70Ah Model 92,122,18,66.18,133.36,0.162
8477,Perisabile,[Perisabile] Spray Degripant Model 18,71,13,235.69,410.78,0.109
8478,Perisabile,[Perisabile] Adeziv Industrial Model 23,58,19,268.42,452.52,0.172
8479,Perisabile,[Perisabile] Spray Degripant Model 93,3,13,246.56,604.56,0.462
8480,Hardware,Incarcator Gaz Model 32,23,15,46.45,92.98,0.081
8481,Electronice,[Electronice] Modul Transmisie LoRa Model 35,30,7,21.63,40.26,0.332
8482,Perisabile,[Perisabile] Solutie Curatare Frane Model 73,124,5,260.81,374.03,0.129
8483,Hardware,Set Imbusuri Model 14,119,16,273.08,347.5,0.419
8484,Perisabile,[Perisabile] Spray Degripant Model 80,31,15,136.86,265.24,0.426
8485,Auto,Filtru Aer Model 91,43,15,38.23,90.37,0.187
8486,Perisabile,[Perisabile] Spray Degripant Model 14,85,6,244.44,538.1,0.178
8487,Electronice,[Electronice] Modul Transmisie LoRa Model 95,26,16,246.16,422.75,0.316
8488,Electronice,[Electronice] Multimetru Analogic Model 66,55,15,298.54,368.04,0.238
8489,Hardware,Trusa Tubulare Model 83,26,8,53.32,76.91,0.235
8490,Perisabile,[Perisabile] Adeziv Industrial Model 39,144,18,122.73,247.13,0.076
8491,Auto,Furtun Intercooler 2.0 TDI Model 1,28,20,79.9,148.39,0.223
8492,Hardware,Trusa Tubulare Model 45,40,10,58.73,119.5,0.463
8493,Electronice,[Electronice] Multimetru Analogic Model 94,125,15,54.38,129.91,0.317
8494,Electronice,[Electronice] Sursa Laborator Model 21,38,7,263.97,413.96,0.098
8495,Auto,Set Placute Frana Model 90,46,14,128.0,204.12,0.187
8496,Electronice,[Electronice] Multimetru Analogic Model 34,49,10,28.56,69.51,0.364
8497,Hardware,Incarcator Gaz Model 35,87,15,96.4,165.04,0.355
8498,Auto,Filtru Aer Model 22,136,17,189.73,408.12,0.301
8499,Electronice,[Electronice] Osciloscop Model 56,81,16,228.0,284.27,0.484
8500,Hardware,Cheie Dinamometrica Model 96,40,13,40.75,61.53,0.285
8501,Auto,Senzor Debitmetru Model 53,43,13,82.06,99.51,0.363
8502,Electronice,[Electronice] Sursa Laborator Model 17,50,16,45.18,97.27,0.267
8503,Hardware,Set Imbusuri Model 56,87,11,139.07,210.42,0.191
8504,Hardware,Trusa Tubulare Model 79,100,13,39.05,52.4,0.397
8505,Perisabile,[Perisabile] Solutie Curatare Frane Model 11,121,13,89.07,111.7,0.465
8506,Electronice,[Electronice] Modul Transmisie LoRa Model 65,126,15,81.93,175.56,0.094
8507,Hardware,Trusa Tubulare Model 91,75,20,40.22,95.44,0.475
8508,Perisabile,[Perisabile] Spray Degripant Model 35,84,10,38.04,57.29,0.151
8509,Perisabile,[Perisabile] Adeziv Industrial Model 37,89,19,142.06,305.05,0.341
8510,Perisabile,[Perisabile] Solutie Curatare Frane Model 55,9,11,172.64,428.89,0.267
8511,Electronice,[Electronice] Osciloscop Model 57,85,16,33.41,41.09,0.242
8512,Hardware,Trusa Tubulare Model 38,127,20,216.51,269.84,0.316
8513,Perisabile,[Perisabile] Solutie Curatare Frane Model 13,13,11,197.91,406.94,0.289
8514,Auto,Filtru Aer Model 98,49,5,295.82,547.7,0.436
8515,Hardware,Trusa Tubulare Model 19,50,16,173.06,281.08,0.26
8516,Hardware,Incarcator Gaz Model 88,73,17,120.1,283.02,0.442
8517,Auto,Set Placute Frana Model 64,132,7,273.48,584.48,0.442
8518,Auto,Senzor Debitmetru Model 66,62,12,250.33,527.49,0.438
8519,Auto,Senzor Debitmetru Model 90,26,10,67.8,94.44,0.241
8520,Perisabile,[Perisabile] Spray Degripant Model 99,145,13,200.79,338.04,0.448
8521,Electronice,[Electronice] Multimetru Analogic Model 45,41,20,19.38,46.42,0.243
8522,Perisabile,[Perisabile] Spray Degripant Model 71,120,5,39.68,98.75,0.112
8523,Perisabile,[Perisabile] Spray Degripant Model 27,106,18,109.77,188.8,0.157
8524,Perisabile,[Perisabile] Spray Degripant Model 46,50,16,208.5,366.37,0.337
8525,Perisabile,[Perisabile] Adeziv Industrial Model 2,150,18,162.12,397.35,0.471
8526,Auto,Furtun Intercooler 2.0 TDI Model 54,67,15,279.75,441.77,0.199
8527,Perisabile,[Perisabile] Spray Degripant Model 1,9,6,129.66,188.42,0.087
8528,Hardware,Incarcator Gaz Model 63,73,6,292.65,709.88,0.322
8529,Electronice,[Electronice] Modul Transmisie LoRa Model 69,73,10,167.53,334.01,0.427
8530,Electronice,[Electronice] Multimetru Analogic Model 21,133,17,281.06,540.84,0.059
8531,Perisabile,[Perisabile] Spray Degripant Model 86,146,12,244.12,398.86,0.217
8532,Auto,Furtun Intercooler 2.0 TDI Model 63,16,6,166.2,370.63,0.195
8533,Electronice,[Electronice] Multimetru Analogic Model 23,65,9,68.13,144.35,0.15
8534,Electronice,[Electronice] Osciloscop Model 17,3,16,11.32,17.21,0.022
8535,Perisabile,[Perisabile] Spray Degripant Model 27,108,14,266.27,538.48,0.016
8536,Auto,Baterie 12V 70Ah Model 45,101,18,187.8,282.47,0.352
8537,Perisabile,[Perisabile] Solutie Curatare Frane Model 62,41,7,214.62,408.55,0.144
8538,Hardware,Cheie Dinamometrica Model 49,7,14,112.1,184.16,0.297
8539,Auto,Rulment Roata Fata Model 22,15,5,163.1,263.6,0.063
8540,Auto,Set Placute Frana Model 82,124,14,61.81,112.71,0.105
8541,Auto,Baterie 12V 70Ah Model 22,118,16,260.32,567.42,0.243
8542,Electronice,[Electronice] Modul Transmisie LoRa Model 89,24,11,265.43,620.3,0.248
8543,Auto,Filtru Aer Model 50,35,16,30.66,47.18,0.346
8544,Auto,Filtru Aer Model 23,62,13,147.82,304.9,0.14
8545,Electronice,[Electronice] Osciloscop Model 7,74,9,125.9,218.25,0.306
8546,Perisabile,[Perisabile] Adeziv Industrial Model 2,21,17,15.72,35.85,0.161
8547,Hardware,Trusa Tubulare Model 91,88,7,197.61,428.15,0.088
8548,Hardware,Cheie Dinamometrica Model 25,134,18,118.75,158.44,0.191
8549,Hardware,Cheie Dinamometrica Model 96,88,14,120.84,265.9,0.05
8550,Electronice,[Electronice] Modul Transmisie LoRa Model 43,59,5,292.25,379.62,0.219
8551,Perisabile,[Perisabile] Spray Degripant Model 46,30,19,267.73,534.67,0.456
8552,Perisabile,[Perisabile] Spray Degripant Model 77,121,15,224.16,294.84,0.172
8553,Auto,Set Placute Frana Model 98,18,5,279.06,363.22,0.474
8554,Electronice,[Electronice] Sursa Laborator Model 42,47,15,71.82,145.06,0.093
8555,Auto,Senzor Debitmetru Model 70,82,19,40.16,67.94,0.309
8556,Perisabile,[Perisabile] Adeziv Industrial Model 5,48,18,60.89,107.99,0.423
8557,Hardware,Incarcator Gaz Model 24,34,9,193.76,381.03,0.026
8558,Perisabile,[Perisabile] Solutie Curatare Frane Model 91,43,12,266.75,646.33,0.294
8559,Electronice,[Electronice] Sursa Laborator Model 88,131,5,34.8,82.82,0.41
8560,Electronice,[Electronice] Modul Transmisie LoRa Model 90,123,10,77.11,127.45,0.011
8561,Hardware,Trusa Tubulare Model 16,73,18,270.51,593.57,0.21
8562,Perisabile,[Perisabile] Solutie Curatare Frane Model 3,55,8,24.31,59.03,0.075
8563,Hardware,Cheie Dinamometrica Model 53,126,15,17.7,44.07,0.362
8564,Auto,Baterie 12V 70Ah Model 78,4,14,14.54,29.49,0.327
8565,Electronice,[Electronice] Modul Transmisie LoRa Model 21,13,11,27.02,65.94,0.214
8566,Auto,Baterie 12V 70Ah Model 40,31,11,186.87,402.76,0.103
8567,Perisabile,[Perisabile] Spray Degripant Model 44,18,8,63.23,149.87,0.302
8568,Auto,Furtun Intercooler 2.0 TDI Model 95,78,8,277.87,670.83,0.283
8569,Electronice,[Electronice] Osciloscop Model 56,33,9,102.09,197.26,0.409
8570,Auto,Senzor Debitmetru Model 34,47,8,196.58,468.46,0.399
8571,Perisabile,[Perisabile] Spray Degripant Model 70,146,10,272.23,556.98,0.265
8572,Hardware,Set Imbusuri Model 30,76,9,144.35,304.51,0.289
8573,Electronice,[Electronice] Modul Transmisie LoRa Model 30,103,20,20.45,38.0,0.413
8574,Hardware,Set Imbusuri Model 38,105,16,48.44,103.59,0.32
8575,Electronice,[Electronice] Sursa Laborator Model 66,131,14,277.23,674.62,0.344
8576,Auto,Rulment Roata Fata Model 8,21,17,74.03,93.53,0.233
8577,Hardware,Set Imbusuri Model 21,128,7,36.23,47.0,0.265
8578,Perisabile,[Perisabile] Adeziv Industrial Model 7,44,17,142.27,304.14,0.431
8579,Perisabile,[Perisabile] Solutie Curatare Frane Model 99,4,14,164.47,305.53,0.378
8580,Electronice,[Electronice] Modul Transmisie LoRa Model 78,96,18,255.21,608.55,0.011
8581,Perisabile,[Perisabile] Solutie Curatare Frane Model 34,94,8,109.1,249.97,0.056
8582,Auto,Senzor Debitmetru Model 92,16,6,122.12,219.46,0.155
8583,Auto,Senzor Debitmetru Model 59,144,20,86.04,155.26,0.245
8584,Perisabile,[Perisabile] Spray Degripant Model 71,56,20,257.71,618.28,0.299
8585,Auto,Set Placute Frana Model 8,5,11,112.97,189.65,0.458
8586,Hardware,Set Imbusuri Model 54,12,20,146.9,364.8,0.161
8587,Auto,Baterie 12V 70Ah Model 68,64,16,82.58,174.47,0.32
8588,Hardware,Set Imbusuri Model 23,62,8,110.27,259.52,0.023
8589,Perisabile,[Perisabile] Spray Degripant Model 92,18,12,123.42,308.47,0.144
8590,Electronice,[Electronice] Modul Transmisie LoRa Model 16,47,11,247.4,411.55,0.335
8591,Electronice,[Electronice] Modul Transmisie LoRa Model 60,122,20,188.74,457.34,0.423
8592,Perisabile,[Perisabile] Solutie Curatare Frane Model 6,128,19,199.35,300.05,0.037
8593,Hardware,Cheie Dinamometrica Model 36,96,15,155.05,356.09,0.023
8594,Perisabile,[Perisabile] Spray Degripant Model 55,38,15,170.44,231.94,0.107
8595,Perisabile,[Perisabile] Adeziv Industrial Model 84,140,5,121.39,171.98,0.1
8596,Hardware,Incarcator Gaz Model 7,44,18,250.13,556.97,0.33
8597,Electronice,[Electronice] Osciloscop Model 47,8,14,23.84,54.42,0.214
8598,Hardware,Trusa Tubulare Model 82,48,16,277.55,426.41,0.495
8599,Perisabile,[Perisabile] Spray Degripant Model 75,59,11,181.92,440.22,0.309
8600,Auto,Set Placute Frana Model 81,130,13,16.76,27.81,0.394
8601,Electronice,[Electronice] Sursa Laborator Model 32,109,15,173.97,404.87,0.122
8602,Perisabile,[Perisabile] Solutie Curatare Frane Model 19,106,11,218.54,385.76,0.39
8603,Auto,Rulment Roata Fata Model 12,109,11,52.41,104.98,0.322
8604,Hardware,Cheie Dinamometrica Model 78,41,10,224.28,393.66,0.365
8605,Auto,Set Placute Frana Model 23,48,18,187.95,305.36,0.457
8606,Auto,Set Placute Frana Model 98,29,7,234.75,482.75,0.436
8607,Auto,Set Placute Frana Model 64,129,16,299.1,416.56,0.263
8608,Electronice,[Electronice] Multimetru Analogic Model 15,24,8,124.6,210.09,0.337
8609,Electronice,[Electronice] Multimetru Analogic Model 30,126,8,283.16,441.29,0.321
8610,Electronice,[Electronice] Multimetru Analogic Model 25,37,6,193.32,358.34,0.069
8611,Electronice,[Electronice] Sursa Laborator Model 33,96,6,90.19,224.94,0.08
8612,Auto,Filtru Aer Model 69,21,19,134.08,221.12,0.424
8613,Perisabile,[Perisabile] Adeziv Industrial Model 24,35,9,117.08,206.82,0.457
8614,Perisabile,[Perisabile] Adeziv Industrial Model 62,93,10,53.65,99.35,0.361
8615,Perisabile,[Perisabile] Adeziv Industrial Model 63,69,9,269.97,526.09,0.05
8616,Electronice,[Electronice] Modul Transmisie LoRa Model 16,114,13,26.39,57.98,0.471
8617,Hardware,Set Imbusuri Model 46,21,8,85.71,185.11,0.071
8618,Hardware,Trusa Tubulare Model 62,37,11,126.44,238.37,0.239
8619,Hardware,Trusa Tubulare Model 5,121,10,53.02,106.27,0.228
8620,Hardware,Cheie Dinamometrica Model 66,48,13,117.27,168.26,0.042
8621,Auto,Baterie 12V 70Ah Model 33,51,11,28.9,56.12,0.105
8622,Perisabile,[Perisabile] Solutie Curatare Frane Model 81,54,12,66.83,151.97,0.493
8623,Electronice,[Electronice] Modul Transmisie LoRa Model 27,138,16,83.88,131.17,0.138
8624,Hardware,Incarcator Gaz Model 98,144,19,177.05,320.64,0.43
8625,Auto,Baterie 12V 70Ah Model 66,135,13,137.66,308.95,0.199
8626,Hardware,Set Imbusuri Model 61,41,20,293.95,674.95,0.164
8627,Auto,Set Placute Frana Model 34,121,17,228.05,447.99,0.33
8628,Electronice,[Electronice] Sursa Laborator Model 80,76,15,72.78,111.74,0.338
8629,Auto,Furtun Intercooler 2.0 TDI Model 77,81,17,80.74,157.01,0.131
8630,Hardware,Trusa Tubulare Model 64,20,6,241.69,462.17,0.239
8631,Auto,Set Placute Frana Model 38,12,8,277.5,690.23,0.172
8632,Perisabile,[Perisabile] Solutie Curatare Frane Model 62,122,6,202.69,356.88,0.11
8633,Hardware,Incarcator Gaz Model 31,43,7,222.37,332.81,0.489
8634,Auto,Baterie 12V 70Ah Model 22,88,19,187.78,231.66,0.268
8635,Perisabile,[Perisabile] Spray Degripant Model 19,104,19,230.71,339.02,0.189
8636,Auto,Senzor Debitmetru Model 20,146,12,54.24,87.18,0.118
8637,Perisabile,[Perisabile] Spray Degripant Model 69,36,17,294.27,581.54,0.276
8638,Perisabile,[Perisabile] Spray Degripant Model 29,15,17,92.71,140.79,0.036
8639,Electronice,[Electronice] Sursa Laborator Model 89,81,12,251.14,495.69,0.499
8640,Hardware,Incarcator Gaz Model 56,132,6,167.16,281.14,0.118
8641,Hardware,Cheie Dinamometrica Model 10,140,10,147.74,257.93,0.078
8642,Perisabile,[Perisabile] Solutie Curatare Frane Model 98,146,13,72.67,107.8,0.062
8643,Perisabile,[Perisabile] Spray Degripant Model 97,74,10,131.04,195.45,0.131
8644,Perisabile,[Perisabile] Spray Degripant Model 35,112,13,146.55,223.96,0.3
8645,Electronice,[Electronice] Modul Transmisie LoRa Model 29,94,5,64.92,92.89,0.32
8646,Electronice,[Electronice] Sursa Laborator Model 2,124,12,66.95,85.58,0.31
8647,Hardware,Cheie Dinamometrica Model 19,60,10,261.6,600.26,0.165
8648,Auto,Furtun Intercooler 2.0 TDI Model 34,85,9,86.26,177.33,0.053
8649,Auto,Senzor Debitmetru Model 91,114,14,138.74,295.92,0.31
8650,Auto,Set Placute Frana Model 63,57,10,262.71,541.61,0.093
8651,Electronice,[Electronice] Osciloscop Model 45,45,18,112.21,139.42,0.256
8652,Perisabile,[Perisabile] Solutie Curatare Frane Model 21,72,12,151.29,361.17,0.26
8653,Electronice,[Electronice] Multimetru Analogic Model 58,128,16,269.54,371.94,0.127
8654,Hardware,Set Imbusuri Model 32,126,6,11.93,17.32,0.409
8655,Perisabile,[Perisabile] Solutie Curatare Frane Model 49,29,5,176.1,322.57,0.248
8656,Perisabile,[Perisabile] Adeziv Industrial Model 30,90,19,174.02,267.24,0.128
8657,Perisabile,[Perisabile] Adeziv Industrial Model 26,46,11,78.49,191.64,0.452
8658,Auto,Set Placute Frana Model 92,13,8,38.17,66.79,0.488
8659,Perisabile,[Perisabile] Adeziv Industrial Model 67,111,18,59.67,82.61,0.063
8660,Perisabile,[Perisabile] Spray Degripant Model 44,123,8,190.59,282.21,0.107
8661,Hardware,Set Imbusuri Model 76,59,12,165.72,273.26,0.046
8662,Auto,Senzor Debitmetru Model 15,140,11,267.92,593.56,0.271
8663,Auto,Senzor Debitmetru Model 82,14,6,38.58,75.88,0.445
8664,Auto,Baterie 12V 70Ah Model 13,12,16,173.01,251.72,0.126
8665,Electronice,[Electronice] Osciloscop Model 66,112,15,273.53,646.06,0.476
8666,Hardware,Set Imbusuri Model 93,108,6,108.02,219.99,0.2
8667,Perisabile,[Perisabile] Adeziv Industrial Model 78,36,19,283.43,349.19,0.03
8668,Auto,Baterie 12V 70Ah Model 34,75,8,159.99,296.4,0.253
8669,Auto,Baterie 12V 70Ah Model 80,15,13,204.27,249.7,0.314
8670,Electronice,[Electronice] Sursa Laborator Model 89,126,11,101.6,178.22,0.485
8671,Perisabile,[Perisabile] Solutie Curatare Frane Model 85,128,7,222.92,307.89,0.471
8672,Auto,Senzor Debitmetru Model 60,66,10,177.54,249.82,0.179
8673,Hardware,Trusa Tubulare Model 31,110,15,137.44,227.83,0.225
8674,Electronice,[Electronice] Modul Transmisie LoRa Model 73,72,18,74.87,110.26,0.422
8675,Auto,Filtru Aer Model 93,136,10,267.9,360.55,0.402
8676,Auto,Filtru Aer Model 28,52,8,195.03,270.29,0.324
8677,Auto,Senzor Debitmetru Model 11,41,15,42.44,66.77,0.048
8678,Perisabile,[Perisabile] Solutie Curatare Frane Model 58,111,5,209.51,319.28,0.261
8679,Auto,Baterie 12V 70Ah Model 52,19,8,161.47,240.21,0.374
8680,Auto,Senzor Debitmetru Model 51,66,5,162.23,280.7,0.177
8681,Hardware,Trusa Tubulare Model 55,106,11,283.49,703.04,0.373
8682,Hardware,Cheie Dinamometrica Model 77,19,8,49.52,81.09,0.265
8683,Auto,Baterie 12V 70Ah Model 30,136,10,145.68,273.03,0.302
8684,Hardware,Set Imbusuri Model 60,99,10,243.14,499.81,0.272
8685,Hardware,Trusa Tubulare Model 8,124,19,48.08,69.18,0.416
8686,Auto,Filtru Aer Model 42,38,14,67.91,159.74,0.344
8687,Hardware,Incarcator Gaz Model 84,119,5,88.55,179.58,0.387
8688,Electronice,[Electronice] Multimetru Analogic Model 23,9,15,264.1,482.82,0.036
8689,Electronice,[Electronice] Osciloscop Model 98,112,5,280.07,549.31,0.489
8690,Electronice,[Electronice] Osciloscop Model 56,43,8,29.38,62.81,0.267
8691,Perisabile,[Perisabile] Spray Degripant Model 46,63,15,239.4,503.9,0.439
8692,Hardware,Incarcator Gaz Model 45,148,9,223.08,547.12,0.031
8693,Auto,Rulment Roata Fata Model 27,36,6,233.3,533.77,0.495
8694,Perisabile,[Perisabile] Adeziv Industrial Model 84,21,12,78.59,95.58,0.257
8695,Auto,Set Placute Frana Model 3,133,12,16.09,26.97,0.491
8696,Electronice,[Electronice] Osciloscop Model 38,84,6,41.64,80.43,0.046
8697,Auto,Baterie 12V 70Ah Model 43,144,9,227.26,513.35,0.166
8698,Perisabile,[Perisabile] Spray Degripant Model 18,72,10,18.5,43.92,0.235
8699,Perisabile,[Perisabile] Solutie Curatare Frane Model 36,83,11,117.42,230.79,0.435
8700,Auto,Furtun Intercooler 2.0 TDI Model 49,3,20,175.15,213.73,0.044
8701,Perisabile,[Perisabile] Solutie Curatare Frane Model 94,40,15,147.34,263.7,0.294
8702,Hardware,Incarcator Gaz Model 77,130,16,73.56,106.61,0.444
8703,Electronice,[Electronice] Multimetru Analogic Model 32,48,15,205.16,456.14,0.423
8704,Electronice,[Electronice] Sursa Laborator Model 18,135,20,104.08,218.16,0.084
8705,Auto,Filtru Aer Model 80,42,7,205.29,402.23,0.253
8706,Hardware,Set Imbusuri Model 73,103,6,196.51,315.25,0.457
8707,Hardware,Cheie Dinamometrica Model 19,143,16,104.88,185.62,0.03
8708,Hardware,Cheie Dinamometrica Model 17,108,6,167.87,304.5,0.307
8709,Perisabile,[Perisabile] Spray Degripant Model 69,19,16,236.4,390.42,0.209
8710,Auto,Furtun Intercooler 2.0 TDI Model 29,146,20,133.0,278.66,0.178
8711,Auto,Senzor Debitmetru Model 61,30,14,112.85,204.93,0.475
8712,Electronice,[Electronice] Modul Transmisie LoRa Model 69,87,19,203.15,484.61,0.444
8713,Electronice,[Electronice] Modul Transmisie LoRa Model 41,83,8,167.08,250.91,0.316
8714,Auto,Furtun Intercooler 2.0 TDI Model 98,69,16,50.96,116.76,0.278
8715,Auto,Furtun Intercooler 2.0 TDI Model 65,1,16,154.15,312.05,0.477
8716,Electronice,[Electronice] Sursa Laborator Model 79,103,18,137.9,300.95,0.313
8717,Hardware,Cheie Dinamometrica Model 53,50,10,277.73,532.1,0.052
8718,Auto,Baterie 12V 70Ah Model 64,119,18,160.94,266.83,0.342
8719,Auto,Furtun Intercooler 2.0 TDI Model 69,111,19,249.98,495.7,0.497
8720,Electronice,[Electronice] Modul Transmisie LoRa Model 25,28,7,297.8,408.46,0.094
8721,Hardware,Set Imbusuri Model 12,55,5,208.36,465.31,0.294
8722,Electronice,[Electronice] Modul Transmisie LoRa Model 81,9,17,163.52,355.8,0.223
8723,Perisabile,[Perisabile] Adeziv Industrial Model 53,95,11,134.56,252.25,0.017
8724,Hardware,Set Imbusuri Model 99,71,15,22.09,39.71,0.387
8725,Hardware,Set Imbusuri Model 59,101,12,75.19,121.79,0.29
8726,Hardware,Trusa Tubulare Model 36,73,5,265.92,362.26,0.292
8727,Auto,Baterie 12V 70Ah Model 93,75,8,97.56,127.11,0.287
8728,Electronice,[Electronice] Multimetru Analogic Model 18,54,11,229.67,484.6,0.016
8729,Hardware,Incarcator Gaz Model 29,70,5,74.12,144.7,0.317
8730,Hardware,Trusa Tubulare Model 50,19,11,42.73,95.36,0.261
8731,Hardware,Set Imbusuri Model 53,41,10,38.02,90.01,0.233
8732,Perisabile,[Perisabile] Spray Degripant Model 92,34,5,147.8,208.39,0.442
8733,Auto,Filtru Aer Model 50,33,19,140.63,230.64,0.116
8734,Hardware,Trusa Tubulare Model 82,76,6,184.7,382.93,0.297
8735,Hardware,Trusa Tubulare Model 94,2,9,205.39,339.0,0.249
8736,Electronice,[Electronice] Sursa Laborator Model 99,90,9,277.56,412.53,0.379
8737,Electronice,[Electronice] Sursa Laborator Model 40,33,5,45.06,105.29,0.341
8738,Hardware,Cheie Dinamometrica Model 65,127,11,298.57,701.95,0.489
8739,Hardware,Trusa Tubulare Model 78,75,13,83.54,122.42,0.385
8740,Electronice,[Electronice] Sursa Laborator Model 77,101,12,259.84,356.66,0.166
8741,Electronice,[Electronice] Osciloscop Model 10,5,19,61.52,111.26,0.489
8742,Auto,Filtru Aer Model 31,126,6,207.55,452.57,0.169
8743,Electronice,[Electronice] Modul Transmisie LoRa Model 31,8,17,110.23,236.64,0.315
8744,Hardware,Set Imbusuri Model 30,125,6,229.44,366.5,0.107
8745,Hardware,Trusa Tubulare Model 74,117,10,23.11,51.64,0.177
8746,Hardware,Set Imbusuri Model 9,9,5,238.83,300.47,0.116
8747,Perisabile,[Perisabile] Spray Degripant Model 84,75,7,62.43,137.6,0.285
8748,Auto,Furtun Intercooler 2.0 TDI Model 25,44,12,14.0,17.93,0.094
8749,Hardware,Trusa Tubulare Model 26,82,8,265.99,425.55,0.257
8750,Perisabile,[Perisabile] Adeziv Industrial Model 92,32,11,115.18,278.84,0.379
8751,Auto,Rulment Roata Fata Model 27,1,15,215.42,534.25,0.302
8752,Perisabile,[Perisabile] Spray Degripant Model 35,47,12,290.36,671.13,0.027
8753,Perisabile,[Perisabile] Adeziv Industrial Model 37,124,19,154.76,383.39,0.039
8754,Hardware,Cheie Dinamometrica Model 15,148,17,231.06,279.84,0.458
8755,Auto,Rulment Roata Fata Model 81,27,10,241.78,349.29,0.163
8756,Auto,Furtun Intercooler 2.0 TDI Model 88,145,18,133.03,300.96,0.345
8757,Electronice,[Electronice] Multimetru Analogic Model 43,115,19,43.06,77.83,0.086
8758,Perisabile,[Perisabile] Adeziv Industrial Model 97,10,14,73.27,171.63,0.247
8759,Auto,Rulment Roata Fata Model 14,99,9,10.46,18.52,0.09
8760,Perisabile,[Perisabile] Spray Degripant Model 65,42,5,59.51,105.8,0.17
8761,Perisabile,[Perisabile] Spray Degripant Model 33,48,11,123.72,268.32,0.31
8762,Auto,Senzor Debitmetru Model 31,104,20,191.11,442.89,0.372
8763,Perisabile,[Perisabile] Spray Degripant Model 74,141,17,31.41,60.88,0.359
8764,Hardware,Incarcator Gaz Model 32,56,20,161.57,345.92,0.101
8765,Hardware,Cheie Dinamometrica Model 21,107,19,221.95,525.6,0.415
8766,Hardware,Trusa Tubulare Model 25,16,16,260.81,438.86,0.197
8767,Perisabile,[Perisabile] Solutie Curatare Frane Model 66,47,17,151.14,309.28,0.437
8768,Electronice,[Electronice] Modul Transmisie LoRa Model 59,79,12,215.57,401.86,0.228
8769,Hardware,Cheie Dinamometrica Model 20,26,11,285.13,582.19,0.13
8770,Perisabile,[Perisabile] Solutie Curatare Frane Model 6,40,5,287.49,538.52,0.359
8771,Electronice,[Electronice] Multimetru Analogic Model 57,96,18,275.3,367.5,0.431
8772,Hardware,Set Imbusuri Model 88,47,10,237.85,489.07,0.435
8773,Perisabile,[Perisabile] Spray Degripant Model 50,94,10,274.35,538.14,0.384
8774,Hardware,Incarcator Gaz Model 96,107,12,16.34,22.61,0.18
8775,Electronice,[Electronice] Osciloscop Model 67,100,19,143.54,351.96,0.259
8776,Auto,Furtun Intercooler 2.0 TDI Model 14,122,7,95.29,143.14,0.02
8777,Electronice,[Electronice] Multimetru Analogic Model 78,70,8,106.51,234.21,0.047
8778,Auto,Baterie 12V 70Ah Model 40,122,10,273.43,408.09,0.26
8779,Auto,Set Placute Frana Model 76,109,18,46.69,84.16,0.406
8780,Perisabile,[Perisabile] Spray Degripant Model 55,59,11,49.62,96.14,0.444
8781,Hardware,Incarcator Gaz Model 1,74,17,279.4,514.09,0.222
8782,Auto,Furtun Intercooler 2.0 TDI Model 2,78,9,293.68,556.07,0.161
8783,Hardware,Incarcator Gaz Model 62,116,13,235.92,439.24,0.223
8784,Auto,Furtun Intercooler 2.0 TDI Model 59,40,14,41.43,64.05,0.216
8785,Auto,Set Placute Frana Model 14,104,10,146.29,349.1,0.013
8786,Hardware,Set Imbusuri Model 36,93,17,82.68,166.93,0.127
8787,Perisabile,[Perisabile] Spray Degripant Model 72,69,15,150.97,336.66,0.085
8788,Auto,Furtun Intercooler 2.0 TDI Model 42,3,9,83.75,153.1,0.498
8789,Electronice,[Electronice] Multimetru Analogic Model 32,118,15,24.36,46.1,0.187
8790,Electronice,[Electronice] Osciloscop Model 17,112,7,275.56,427.6,0.041
8791,Perisabile,[Perisabile] Solutie Curatare Frane Model 25,58,5,99.28,153.74,0.316
8792,Perisabile,[Perisabile] Spray Degripant Model 93,106,6,185.9,285.43,0.27
8793,Hardware,Cheie Dinamometrica Model 93,42,5,258.12,581.53,0.324
8794,Auto,Set Placute Frana Model 35,98,7,202.87,274.71,0.447
8795,Auto,Rulment Roata Fata Model 73,146,15,41.51,95.15,0.482
8796,Hardware,Set Imbusuri Model 77,24,6,105.46,206.81,0.486
8797,Auto,Senzor Debitmetru Model 95,52,11,118.32,286.22,0.131
8798,Auto,Filtru Aer Model 98,58,17,125.11,238.02,0.024
8799,Perisabile,[Perisabile] Solutie Curatare Frane Model 52,136,18,44.27,76.42,0.069
8800,Hardware,Incarcator Gaz Model 55,95,19,234.43,465.07,0.191
8801,Perisabile,[Perisabile] Solutie Curatare Frane Model 19,81,15,204.13,385.36,0.216
8802,Perisabile,[Perisabile] Solutie Curatare Frane Model 38,130,14,11.59,21.52,0.279
8803,Perisabile,[Perisabile] Adeziv Industrial Model 75,130,13,41.03,82.84,0.491
8804,Electronice,[Electronice] Modul Transmisie LoRa Model 12,0,18,16.74,21.79,0.411
8805,Electronice,[Electronice] Sursa Laborator Model 72,39,17,34.76,81.52,0.328
8806,Auto,Set Placute Frana Model 45,24,18,180.78,289.32,0.239
8807,Perisabile,[Perisabile] Solutie Curatare Frane Model 48,22,19,222.35,335.4,0.106
8808,Hardware,Cheie Dinamometrica Model 61,148,20,170.03,373.55,0.261
8809,Hardware,Incarcator Gaz Model 59,53,9,114.36,255.3,0.17
8810,Auto,Senzor Debitmetru Model 56,46,20,223.79,530.3,0.271
8811,Perisabile,[Perisabile] Solutie Curatare Frane Model 13,64,11,65.53,159.01,0.022
8812,Hardware,Cheie Dinamometrica Model 85,141,16,258.12,579.5,0.235
8813,Auto,Rulment Roata Fata Model 45,68,11,292.41,673.97,0.234
8814,Perisabile,[Perisabile] Adeziv Industrial Model 97,85,13,270.88,649.24,0.326
8815,Electronice,[Electronice] Modul Transmisie LoRa Model 16,81,8,68.75,155.39,0.305
8816,Electronice,[Electronice] Osciloscop Model 29,134,16,51.84,75.51,0.265
8817,Hardware,Incarcator Gaz Model 6,119,11,48.22,75.42,0.211
8818,Auto,Set Placute Frana Model 79,5,14,152.08,268.27,0.311
8819,Perisabile,[Perisabile] Adeziv Industrial Model 89,130,13,60.09,75.3,0.38
8820,Perisabile,[Perisabile] Adeziv Industrial Model 41,78,11,89.79,205.77,0.326
8821,Electronice,[Electronice] Modul Transmisie LoRa Model 66,118,20,49.79,60.82,0.404
8822,Auto,Furtun Intercooler 2.0 TDI Model 92,62,17,33.72,67.58,0.367
8823,Perisabile,[Perisabile] Solutie Curatare Frane Model 42,84,18,116.84,167.04,0.311
8824,Auto,Set Placute Frana Model 82,117,7,276.88,659.71,0.339
8825,Hardware,Incarcator Gaz Model 67,71,20,48.49,87.13,0.158
8826,Auto,Senzor Debitmetru Model 15,63,10,244.36,304.23,0.013
8827,Electronice,[Electronice] Modul Transmisie LoRa Model 49,78,9,18.94,28.0,0.478
8828,Auto,Set Placute Frana Model 36,76,16,55.42,119.53,0.384
8829,Auto,Furtun Intercooler 2.0 TDI Model 62,76,7,37.72,84.82,0.384
8830,Auto,Baterie 12V 70Ah Model 60,13,6,59.93,80.12,0.411
8831,Auto,Furtun Intercooler 2.0 TDI Model 5,59,9,68.37,133.26,0.154
8832,Hardware,Incarcator Gaz Model 69,31,19,240.03,470.93,0.45
8833,Perisabile,[Perisabile] Adeziv Industrial Model 50,123,17,222.64,515.45,0.149
8834,Electronice,[Electronice] Modul Transmisie LoRa Model 34,40,18,226.03,290.81,0.166
8835,Perisabile,[Perisabile] Adeziv Industrial Model 67,82,6,187.04,467.33,0.27
8836,Electronice,[Electronice] Modul Transmisie LoRa Model 87,78,5,106.33,193.8,0.343
8837,Electronice,[Electronice] Multimetru Analogic Model 78,84,5,121.82,219.43,0.076
8838,Perisabile,[Perisabile] Adeziv Industrial Model 43,6,10,191.04,272.93,0.446
8839,Electronice,[Electronice] Sursa Laborator Model 74,28,12,48.1,91.49,0.197
8840,Hardware,Cheie Dinamometrica Model 15,0,15,278.79,380.9,0.3
8841,Electronice,[Electronice] Multimetru Analogic Model 58,83,12,117.18,202.55,0.415
8842,Hardware,Set Imbusuri Model 24,85,6,188.3,273.12,0.338
8843,Electronice,[Electronice] Multimetru Analogic Model 1,0,9,136.58,223.89,0.036
8844,Auto,Rulment Roata Fata Model 16,130,10,168.18,268.66,0.288
8845,Perisabile,[Perisabile] Adeziv Industrial Model 68,60,15,299.25,390.44,0.479
8846,Perisabile,[Perisabile] Solutie Curatare Frane Model 37,23,19,269.08,501.84,0.074
8847,Auto,Senzor Debitmetru Model 50,44,16,195.25,243.17,0.341
8848,Hardware,Incarcator Gaz Model 63,101,18,108.77,253.9,0.13
8849,Electronice,[Electronice] Sursa Laborator Model 54,38,14,142.88,224.03,0.103
8850,Auto,Furtun Intercooler 2.0 TDI Model 40,37,17,31.36,75.62,0.319
8851,Electronice,[Electronice] Modul Transmisie LoRa Model 89,16,14,199.35,314.08,0.352
8852,Electronice,[Electronice] Multimetru Analogic Model 96,75,7,152.13,222.17,0.068
8853,Auto,Rulment Roata Fata Model 22,26,13,44.24,89.09,0.046
8854,Perisabile,[Perisabile] Solutie Curatare Frane Model 57,78,16,135.72,318.68,0.104
8855,Perisabile,[Perisabile] Adeziv Industrial Model 9,68,7,269.49,580.5,0.088
8856,Perisabile,[Perisabile] Solutie Curatare Frane Model 10,95,17,264.34,568.02,0.377
8857,Hardware,Trusa Tubulare Model 63,27,16,184.19,263.65,0.432
8858,Hardware,Set Imbusuri Model 25,125,13,110.38,184.66,0.024
8859,Auto,Baterie 12V 70Ah Model 98,114,11,75.8,186.03,0.439
8860,Auto,Baterie 12V 70Ah Model 49,18,18,146.47,241.53,0.461
8861,Auto,Baterie 12V 70Ah Model 28,103,12,39.86,86.59,0.212
8862,Electronice,[Electronice] Osciloscop Model 20,8,7,99.72,119.71,0.047
8863,Hardware,Trusa Tubulare Model 29,90,5,13.29,24.6,0.288
8864,Electronice,[Electronice] Modul Transmisie LoRa Model 22,59,11,158.0,331.5,0.156
8865,Auto,Rulment Roata Fata Model 28,91,5,87.65,168.38,0.264
8866,Perisabile,[Perisabile] Adeziv Industrial Model 26,43,9,70.4,101.38,0.399
8867,Perisabile,[Perisabile] Adeziv Industrial Model 39,149,9,128.87,187.45,0.128
8868,Electronice,[Electronice] Osciloscop Model 2,108,6,180.07,305.41,0.027
8869,Hardware,Incarcator Gaz Model 6,28,17,29.25,64.97,0.293
8870,Electronice,[Electronice] Modul Transmisie LoRa Model 75,100,18,166.25,209.25,0.247
8871,Hardware,Trusa Tubulare Model 17,31,9,106.88,131.84,0.079
8872,Auto,Filtru Aer Model 96,27,11,209.32,423.69,0.014
8873,Hardware,Cheie Dinamometrica Model 41,127,7,262.88,469.22,0.5
8874,Auto,Furtun Intercooler 2.0 TDI Model 44,31,8,27.92,47.37,0.035
8875,Perisabile,[Perisabile] Solutie Curatare Frane Model 43,72,14,175.25,406.52,0.051
8876,Perisabile,[Perisabile] Adeziv Industrial Model 68,91,18,153.1,257.68,0.486
8877,Perisabile,[Perisabile] Adeziv Industrial Model 17,39,13,87.1,157.17,0.186
8878,Hardware,Trusa Tubulare Model 52,71,17,75.74,114.1,0.315
8879,Auto,Rulment Roata Fata Model 93,116,17,219.64,448.84,0.305
8880,Hardware,Set Imbusuri Model 27,108,17,170.33,387.22,0.364
8881,Auto,Filtru Aer Model 56,93,8,179.33,290.26,0.472
8882,Hardware,Set Imbusuri Model 40,52,16,47.75,108.22,0.199
8883,Perisabile,[Perisabile] Spray Degripant Model 32,33,16,284.79,497.15,0.428
8884,Auto,Set Placute Frana Model 73,148,5,211.43,325.0,0.479
8885,Hardware,Incarcator Gaz Model 16,136,19,197.81,293.41,0.138
8886,Perisabile,[Perisabile] Adeziv Industrial Model 16,28,7,296.99,422.96,0.345
8887,Electronice,[Electronice] Multimetru Analogic Model 73,131,20,246.68,469.32,0.201
8888,Hardware,Trusa Tubulare Model 69,33,7,295.95,686.41,0.201
8889,Perisabile,[Perisabile] Solutie Curatare Frane Model 87,122,10,161.14,305.41,0.499
8890,Perisabile,[Perisabile] Solutie Curatare Frane Model 23,43,15,161.22,331.78,0.162
8891,Perisabile,[Perisabile] Solutie Curatare Frane Model 80,13,11,68.5,115.28,0.262
8892,Perisabile,[Perisabile] Spray Degripant Model 39,131,13,81.31,145.91,0.063
8893,Hardware,Trusa Tubulare Model 2,91,8,17.78,29.77,0.168
8894,Perisabile,[Perisabile] Solutie Curatare Frane Model 24,58,13,174.99,232.91,0.307
8895,Electronice,[Electronice] Multimetru Analogic Model 55,17,11,163.02,205.98,0.337
8896,Auto,Filtru Aer Model 2,28,6,240.94,348.43,0.473
8897,Hardware,Cheie Dinamometrica Model 63,106,14,167.09,407.01,0.332
8898,Auto,Filtru Aer Model 66,118,7,211.28,510.82,0.244
8899,Electronice,[Electronice] Sursa Laborator Model 86,146,11,141.69,183.97,0.471
8900,Electronice,[Electronice] Modul Transmisie LoRa Model 98,32,15,205.83,513.85,0.152
8901,Perisabile,[Perisabile] Spray Degripant Model 6,10,12,83.72,205.86,0.284
8902,Perisabile,[Perisabile] Spray Degripant Model 9,54,12,294.88,418.25,0.489
8903,Electronice,[Electronice] Sursa Laborator Model 52,123,16,270.26,361.6,0.364
8904,Electronice,[Electronice] Multimetru Analogic Model 70,81,12,174.65,400.7,0.424
8905,Electronice,[Electronice] Modul Transmisie LoRa Model 24,143,11,50.46,124.03,0.028
8906,Electronice,[Electronice] Multimetru Analogic Model 41,74,14,186.83,287.49,0.119
8907,Hardware,Set Imbusuri Model 77,113,8,139.11,283.23,0.028
8908,Electronice,[Electronice] Sursa Laborator Model 90,96,15,134.91,309.78,0.345
8909,Electronice,[Electronice] Modul Transmisie LoRa Model 1,24,13,199.37,267.18,0.454
8910,Perisabile,[Perisabile] Solutie Curatare Frane Model 89,116,13,33.35,81.51,0.489
8911,Electronice,[Electronice] Multimetru Analogic Model 68,126,14,176.45,422.12,0.05
8912,Auto,Rulment Roata Fata Model 26,13,20,181.04,402.34,0.029
8913,Electronice,[Electronice] Sursa Laborator Model 2,149,13,77.01,190.12,0.25
8914,Perisabile,[Perisabile] Adeziv Industrial Model 21,75,5,206.23,487.03,0.028
8915,Auto,Set Placute Frana Model 20,33,11,104.83,251.51,0.304
8916,Electronice,[Electronice] Modul Transmisie LoRa Model 93,110,5,121.4,203.02,0.394
8917,Electronice,[Electronice] Multimetru Analogic Model 9,39,19,194.49,340.76,0.011
8918,Perisabile,[Perisabile] Spray Degripant Model 75,30,14,198.26,478.1,0.1
8919,Electronice,[Electronice] Sursa Laborator Model 64,136,6,219.64,389.03,0.208
8920,Perisabile,[Perisabile] Spray Degripant Model 12,95,7,31.67,45.87,0.188
8921,Hardware,Incarcator Gaz Model 30,127,19,69.62,155.98,0.351
8922,Perisabile,[Perisabile] Adeziv Industrial Model 66,117,5,74.32,102.23,0.287
8923,Hardware,Trusa Tubulare Model 23,8,13,177.28,221.44,0.246
8924,Auto,Set Placute Frana Model 27,52,19,174.32,335.58,0.142
8925,Hardware,Trusa Tubulare Model 97,99,11,243.52,439.77,0.392
8926,Electronice,[Electronice] Modul Transmisie LoRa Model 1,74,5,177.27,240.11,0.318
8927,Hardware,Trusa Tubulare Model 22,14,9,124.65,153.64,0.112
8928,Auto,Baterie 12V 70Ah Model 44,48,11,246.51,527.16,0.017
8929,Auto,Senzor Debitmetru Model 75,19,19,248.44,569.05,0.437
8930,Perisabile,[Perisabile] Solutie Curatare Frane Model 82,34,20,177.74,439.31,0.396
8931,Hardware,Cheie Dinamometrica Model 13,64,18,258.55,326.93,0.315
8932,Perisabile,[Perisabile] Spray Degripant Model 16,117,15,273.78,574.61,0.172
8933,Electronice,[Electronice] Sursa Laborator Model 33,79,12,156.99,294.72,0.202
8934,Hardware,Incarcator Gaz Model 94,65,9,15.24,34.09,0.183
8935,Perisabile,[Perisabile] Solutie Curatare Frane Model 43,1,11,169.61,279.73,0.154
8936,Auto,Furtun Intercooler 2.0 TDI Model 89,52,16,104.79,136.86,0.349
8937,Auto,Filtru Aer Model 41,21,13,115.08,185.18,0.322
8938,Hardware,Set Imbusuri Model 98,125,6,282.49,413.37,0.274
8939,Auto,Baterie 12V 70Ah Model 42,2,8,185.74,274.02,0.174
8940,Electronice,[Electronice] Osciloscop Model 44,9,15,91.32,216.69,0.203
8941,Perisabile,[Perisabile] Solutie Curatare Frane Model 66,145,6,188.16,460.24,0.309
8942,Hardware,Trusa Tubulare Model 86,11,9,173.37,331.94,0.47
8943,Hardware,Incarcator Gaz Model 60,133,7,290.01,512.48,0.422
8944,Auto,Set Placute Frana Model 79,37,6,12.81,31.54,0.367
8945,Auto,Baterie 12V 70Ah Model 16,101,11,234.43,320.79,0.083
8946,Hardware,Incarcator Gaz Model 53,143,20,256.74,481.82,0.062
8947,Electronice,[Electronice] Multimetru Analogic Model 88,33,14,18.59,42.79,0.141
8948,Hardware,Cheie Dinamometrica Model 16,123,18,235.5,461.85,0.212
8949,Electronice,[Electronice] Modul Transmisie LoRa Model 12,46,19,287.16,634.86,0.044
8950,Hardware,Trusa Tubulare Model 24,42,17,79.25,143.31,0.153
8951,Auto,Set Placute Frana Model 45,118,16,267.56,423.63,0.072
8952,Hardware,Set Imbusuri Model 65,28,8,127.35,285.82,0.164
8953,Perisabile,[Perisabile] Solutie Curatare Frane Model 14,111,14,80.68,118.81,0.2
8954,Auto,Furtun Intercooler 2.0 TDI Model 83,150,18,209.6,451.92,0.499
8955,Auto,Set Placute Frana Model 71,68,13,39.27,67.96,0.179
8956,Auto,Senzor Debitmetru Model 47,0,5,36.04,58.26,0.258
8957,Auto,Rulment Roata Fata Model 79,136,10,272.86,658.71,0.24
8958,Electronice,[Electronice] Modul Transmisie LoRa Model 14,55,15,52.67,81.06,0.425
8959,Electronice,[Electronice] Modul Transmisie LoRa Model 75,42,17,130.39,255.93,0.275
8960,Hardware,Set Imbusuri Model 78,38,20,31.54,59.04,0.069
8961,Hardware,Set Imbusuri Model 82,10,16,292.35,632.79,0.359
8962,Auto,Filtru Aer Model 70,32,8,32.59,42.73,0.483
8963,Auto,Furtun Intercooler 2.0 TDI Model 21,62,18,122.64,225.98,0.064
8964,Hardware,Cheie Dinamometrica Model 76,93,5,10.75,18.75,0.288
8965,Hardware,Set Imbusuri Model 97,100,17,63.02,79.91,0.258
8966,Perisabile,[Perisabile] Spray Degripant Model 90,18,16,98.86,191.16,0.025
8967,Electronice,[Electronice] Sursa Laborator Model 4,101,5,77.09,168.83,0.31
8968,Auto,Senzor Debitmetru Model 10,23,6,134.08,189.59,0.413
8969,Hardware,Set Imbusuri Model 55,131,16,297.94,735.55,0.425
8970,Electronice,[Electronice] Multimetru Analogic Model 88,89,9,272.56,529.35,0.449
8971,Hardware,Set Imbusuri Model 65,77,17,197.35,442.79,0.449
8972,Electronice,[Electronice] Modul Transmisie LoRa Model 22,59,13,88.33,171.6,0.201
8973,Hardware,Trusa Tubulare Model 18,103,5,30.52,64.66,0.078
8974,Auto,Set Placute Frana Model 74,44,17,51.34,80.41,0.218
8975,Electronice,[Electronice] Modul Transmisie LoRa Model 6,112,12,199.76,370.2,0.194
8976,Auto,Furtun Intercooler 2.0 TDI Model 10,59,14,154.42,293.52,0.076
8977,Hardware,Trusa Tubulare Model 31,136,8,48.2,111.77,0.102
8978,Hardware,Set Imbusuri Model 55,137,11,106.12,187.16,0.213
8979,Auto,Set Placute Frana Model 85,87,5,189.94,288.47,0.465
8980,Electronice,[Electronice] Modul Transmisie LoRa Model 49,23,12,60.69,134.66,0.148
8981,Hardware,Trusa Tubulare Model 92,97,15,246.27,579.58,0.24
8982,Perisabile,[Perisabile] Solutie Curatare Frane Model 38,96,5,102.84,161.53,0.031
8983,Electronice,[Electronice] Multimetru Analogic Model 80,126,9,14.4,33.31,0.169
8984,Hardware,Cheie Dinamometrica Model 82,36,17,267.19,666.2,0.386
8985,Electronice,[Electronice] Sursa Laborator Model 79,1,14,93.47,221.64,0.256
8986,Perisabile,[Perisabile] Solutie Curatare Frane Model 34,2,13,202.69,315.73,0.173
8987,Auto,Filtru Aer Model 88,121,8,268.5,665.47,0.072
8988,Perisabile,[Perisabile] Spray Degripant Model 41,12,20,248.25,577.68,0.302
8989,Electronice,[Electronice] Osciloscop Model 20,81,13,265.84,349.72,0.136
8990,Electronice,[Electronice] Modul Transmisie LoRa Model 18,110,14,188.07,327.26,0.138
8991,Auto,Set Placute Frana Model 67,28,10,118.42,247.68,0.26
8992,Hardware,Trusa Tubulare Model 57,69,5,27.45,67.11,0.2
8993,Hardware,Set Imbusuri Model 60,58,15,38.25,53.29,0.283
8994,Auto,Filtru Aer Model 96,40,11,286.36,429.96,0.215
8995,Hardware,Cheie Dinamometrica Model 78,45,14,15.44,34.34,0.094
8996,Perisabile,[Perisabile] Adeziv Industrial Model 20,138,12,228.34,514.92,0.218
8997,Perisabile,[Perisabile] Adeziv Industrial Model 91,89,16,142.14,294.76,0.173
8998,Electronice,[Electronice] Osciloscop Model 20,42,17,296.63,556.22,0.439
8999,Auto,Filtru Aer Model 26,60,16,270.32,512.85,0.202
9000,Perisabile,[Perisabile] Solutie Curatare Frane Model 43,21,18,194.41,311.61,0.079
9001,Electronice,[Electronice] Modul Transmisie LoRa Model 9,110,9,166.96,298.96,0.072
9002,Perisabile,[Perisabile] Solutie Curatare Frane Model 20,109,5,83.0,126.23,0.188
9003,Hardware,Cheie Dinamometrica Model 18,45,5,57.79,134.06,0.03
9004,Perisabile,[Perisabile] Adeziv Industrial Model 47,43,14,275.33,433.46,0.138
9005,Electronice,[Electronice] Osciloscop Model 48,85,16,50.1,86.58,0.098
9006,Hardware,Incarcator Gaz Model 5,71,11,69.05,138.45,0.111
9007,Hardware,Incarcator Gaz Model 96,46,10,218.72,353.52,0.439
9008,Auto,Furtun Intercooler 2.0 TDI Model 61,92,16,263.95,534.56,0.205
9009,Auto,Baterie 12V 70Ah Model 73,119,12,116.23,216.02,0.049
9010,Perisabile,[Perisabile] Adeziv Industrial Model 63,88,12,79.63,128.09,0.397
9011,Perisabile,[Perisabile] Spray Degripant Model 86,36,13,197.52,459.06,0.015
9012,Hardware,Cheie Dinamometrica Model 6,66,12,57.2,140.47,0.319
9013,Electronice,[Electronice] Multimetru Analogic Model 83,99,14,132.34,185.62,0.292
9014,Perisabile,[Perisabile] Solutie Curatare Frane Model 25,3,20,173.78,292.21,0.331
9015,Electronice,[Electronice] Multimetru Analogic Model 21,35,13,267.07,612.27,0.211
9016,Electronice,[Electronice] Multimetru Analogic Model 20,62,13,242.77,385.33,0.457
9017,Perisabile,[Perisabile] Spray Degripant Model 79,50,6,142.84,275.16,0.497
9018,Perisabile,[Perisabile] Adeziv Industrial Model 17,88,13,42.73,58.0,0.342
9019,Auto,Senzor Debitmetru Model 26,61,11,33.0,50.71,0.377
9020,Electronice,[Electronice] Sursa Laborator Model 14,66,12,85.93,195.82,0.387
9021,Perisabile,[Perisabile] Spray Degripant Model 38,70,5,241.22,401.56,0.218
9022,Perisabile,[Perisabile] Adeziv Industrial Model 35,130,12,129.33,281.69,0.166
9023,Electronice,[Electronice] Multimetru Analogic Model 64,78,16,20.35,36.79,0.323
9024,Auto,Furtun Intercooler 2.0 TDI Model 25,133,5,51.47,82.02,0.276
9025,Electronice,[Electronice] Sursa Laborator Model 75,70,18,238.89,425.65,0.353
9026,Hardware,Trusa Tubulare Model 45,87,9,74.79,165.56,0.395
9027,Perisabile,[Perisabile] Adeziv Industrial Model 82,113,10,70.96,144.84,0.49
9028,Electronice,[Electronice] Modul Transmisie LoRa Model 6,126,5,233.13,503.86,0.033
9029,Auto,Set Placute Frana Model 36,12,15,284.32,500.15,0.057
9030,Electronice,[Electronice] Osciloscop Model 46,101,10,96.05,211.91,0.445
9031,Auto,Rulment Roata Fata Model 16,58,10,248.55,504.32,0.062
9032,Electronice,[Electronice] Sursa Laborator Model 46,44,20,98.12,187.26,0.314
9033,Auto,Senzor Debitmetru Model 51,116,7,45.92,57.3,0.398
9034,Electronice,[Electronice] Sursa Laborator Model 84,104,12,152.7,235.03,0.066
9035,Perisabile,[Perisabile] Solutie Curatare Frane Model 99,138,19,193.52,395.07,0.244
9036,Perisabile,[Perisabile] Adeziv Industrial Model 63,101,10,101.81,252.71,0.102
9037,Perisabile,[Perisabile] Spray Degripant Model 9,61,17,250.44,519.14,0.137
9038,Perisabile,[Perisabile] Solutie Curatare Frane Model 65,109,7,268.03,650.2,0.146
9039,Auto,Rulment Roata Fata Model 89,28,9,241.53,318.23,0.362
9040,Hardware,Cheie Dinamometrica Model 62,115,14,213.85,479.21,0.24
9041,Perisabile,[Perisabile] Solutie Curatare Frane Model 59,56,10,228.81,564.45,0.216
9042,Hardware,Set Imbusuri Model 25,29,10,159.99,322.29,0.109
9043,Hardware,Cheie Dinamometrica Model 73,0,9,257.62,377.77,0.443
9044,Auto,Filtru Aer Model 54,56,8,126.15,183.97,0.111
9045,Electronice,[Electronice] Osciloscop Model 4,148,8,76.2,173.32,0.285
9046,Electronice,[Electronice] Multimetru Analogic Model 99,57,15,238.56,471.25,0.282
9047,Auto,Senzor Debitmetru Model 49,145,12,283.52,449.08,0.425
9048,Perisabile,[Perisabile] Adeziv Industrial Model 83,145,18,116.13,274.07,0.319
9049,Auto,Set Placute Frana Model 48,60,5,249.0,335.21,0.122
9050,Auto,Senzor Debitmetru Model 46,140,5,63.57,93.47,0.236
9051,Hardware,Incarcator Gaz Model 78,80,17,264.82,492.75,0.207
9052,Perisabile,[Perisabile] Spray Degripant Model 13,34,7,52.3,114.61,0.397
9053,Hardware,Incarcator Gaz Model 31,104,14,109.82,253.47,0.377
9054,Auto,Furtun Intercooler 2.0 TDI Model 36,46,16,137.99,182.39,0.247
9055,Hardware,Cheie Dinamometrica Model 94,46,18,14.33,25.81,0.058
9056,Hardware,Incarcator Gaz Model 43,80,9,186.78,243.86,0.279
9057,Auto,Senzor Debitmetru Model 23,37,13,168.22,215.81,0.48
9058,Auto,Rulment Roata Fata Model 81,109,18,104.13,195.59,0.5
9059,Hardware,Cheie Dinamometrica Model 41,94,6,162.05,387.01,0.159
9060,Hardware,Trusa Tubulare Model 17,99,19,234.75,476.3,0.482
9061,Perisabile,[Perisabile] Solutie Curatare Frane Model 24,150,13,25.54,54.53,0.453
9062,Auto,Rulment Roata Fata Model 62,24,13,37.59,46.37,0.06
9063,Perisabile,[Perisabile] Spray Degripant Model 79,32,12,280.3,450.22,0.496
9064,Hardware,Cheie Dinamometrica Model 24,100,18,152.56,274.57,0.125
9065,Electronice,[Electronice] Multimetru Analogic Model 99,86,11,107.59,172.55,0.416
9066,Electronice,[Electronice] Multimetru Analogic Model 32,91,8,257.61,602.33,0.165
9067,Electronice,[Electronice] Sursa Laborator Model 25,21,8,178.53,368.19,0.342
9068,Hardware,Incarcator Gaz Model 46,134,5,143.22,267.23,0.215
9069,Auto,Rulment Roata Fata Model 13,18,11,278.33,461.08,0.191
9070,Perisabile,[Perisabile] Solutie Curatare Frane Model 55,28,14,94.89,120.07,0.043
9071,Perisabile,[Perisabile] Spray Degripant Model 39,134,9,222.65,359.54,0.304
9072,Electronice,[Electronice] Sursa Laborator Model 1,116,18,121.58,187.98,0.389
9073,Hardware,Cheie Dinamometrica Model 25,4,6,207.9,339.27,0.367
9074,Auto,Furtun Intercooler 2.0 TDI Model 17,94,20,50.23,119.54,0.234
9075,Electronice,[Electronice] Osciloscop Model 24,76,14,98.36,145.08,0.411
9076,Hardware,Incarcator Gaz Model 31,0,6,104.49,247.1,0.292
9077,Electronice,[Electronice] Modul Transmisie LoRa Model 46,47,17,80.92,137.22,0.412
9078,Electronice,[Electronice] Sursa Laborator Model 41,90,14,208.72,348.8,0.348
9079,Hardware,Incarcator Gaz Model 90,106,14,287.9,531.25,0.023
9080,Electronice,[Electronice] Osciloscop Model 29,96,13,95.58,185.4,0.334
9081,Auto,Filtru Aer Model 3,146,13,130.81,267.6,0.497
9082,Perisabile,[Perisabile] Adeziv Industrial Model 49,33,17,214.28,358.48,0.279
9083,Perisabile,[Perisabile] Adeziv Industrial Model 90,38,10,186.79,369.25,0.475
9084,Electronice,[Electronice] Osciloscop Model 96,96,6,181.5,225.63,0.394
9085,Hardware,Incarcator Gaz Model 99,133,18,29.61,61.39,0.376
9086,Perisabile,[Perisabile] Spray Degripant Model 83,111,9,92.82,214.16,0.147
9087,Hardware,Incarcator Gaz Model 76,1,16,132.27,172.46,0.215
9088,Perisabile,[Perisabile] Adeziv Industrial Model 85,58,10,137.22,293.58,0.478
9089,Electronice,[Electronice] Multimetru Analogic Model 71,111,5,200.19,480.35,0.252
9090,Perisabile,[Perisabile] Solutie Curatare Frane Model 32,117,12,228.27,325.31,0.175
9091,Hardware,Incarcator Gaz Model 44,41,16,164.06,232.04,0.037
9092,Electronice,[Electronice] Modul Transmisie LoRa Model 5,78,20,164.65,279.82,0.209
9093,Auto,Senzor Debitmetru Model 42,6,13,99.0,204.05,0.141
9094,Auto,Rulment Roata Fata Model 33,81,5,298.88,491.69,0.375
9095,Perisabile,[Perisabile] Solutie Curatare Frane Model 42,129,20,86.38,171.99,0.335
9096,Perisabile,[Perisabile] Adeziv Industrial Model 17,119,13,108.43,217.3,0.285
9097,Hardware,Incarcator Gaz Model 40,43,12,128.63,184.75,0.37
9098,Auto,Baterie 12V 70Ah Model 25,20,11,121.02,254.86,0.293
9099,Perisabile,[Perisabile] Spray Degripant Model 14,121,8,264.19,506.75,0.097
9100,Hardware,Cheie Dinamometrica Model 40,60,9,139.19,213.39,0.147
9101,Electronice,[Electronice] Sursa Laborator Model 53,128,18,94.79,233.95,0.038
9102,Auto,Baterie 12V 70Ah Model 98,127,19,89.84,167.56,0.072
9103,Electronice,[Electronice] Sursa Laborator Model 21,137,10,75.73,183.6,0.314
9104,Perisabile,[Perisabile] Adeziv Industrial Model 28,8,16,194.02,339.21,0.186
9105,Hardware,Trusa Tubulare Model 56,94,16,82.31,148.61,0.295
9106,Auto,Furtun Intercooler 2.0 TDI Model 25,15,20,102.81,204.0,0.248
9107,Auto,Senzor Debitmetru Model 97,93,14,84.84,123.36,0.221
9108,Hardware,Trusa Tubulare Model 3,90,17,219.72,422.02,0.191
9109,Hardware,Cheie Dinamometrica Model 68,68,10,244.67,330.7,0.241
9110,Hardware,Cheie Dinamometrica Model 73,91,10,209.49,523.33,0.088
9111,Perisabile,[Perisabile] Spray Degripant Model 30,26,20,216.17,359.74,0.044
9112,Auto,Rulment Roata Fata Model 51,3,20,73.07,169.13,0.495
9113,Hardware,Set Imbusuri Model 98,149,11,86.13,155.34,0.496
9114,Auto,Baterie 12V 70Ah Model 63,28,8,79.0,192.06,0.333
9115,Perisabile,[Perisabile] Spray Degripant Model 61,107,10,76.34,147.48,0.064
9116,Auto,Baterie 12V 70Ah Model 82,148,10,293.14,689.58,0.295
9117,Auto,Furtun Intercooler 2.0 TDI Model 42,36,8,35.66,64.22,0.411
9118,Auto,Rulment Roata Fata Model 90,3,18,148.07,211.76,0.436
9119,Perisabile,[Perisabile] Solutie Curatare Frane Model 59,42,6,152.69,330.46,0.023
9120,Auto,Set Placute Frana Model 75,116,9,225.4,461.25,0.224
9121,Auto,Rulment Roata Fata Model 70,58,6,21.53,27.99,0.085
9122,Hardware,Incarcator Gaz Model 14,42,10,198.72,392.55,0.158
9123,Electronice,[Electronice] Modul Transmisie LoRa Model 94,28,15,34.81,65.58,0.324
9124,Auto,Filtru Aer Model 72,34,17,63.01,134.7,0.192
9125,Auto,Rulment Roata Fata Model 19,1,7,117.75,190.4,0.22
9126,Electronice,[Electronice] Modul Transmisie LoRa Model 50,102,11,67.65,152.65,0.086
9127,Perisabile,[Perisabile] Spray Degripant Model 76,4,18,43.91,100.02,0.257
9128,Perisabile,[Perisabile] Spray Degripant Model 75,140,5,287.8,606.08,0.474
9129,Perisabile,[Perisabile] Adeziv Industrial Model 44,51,5,286.22,505.36,0.011
9130,Perisabile,[Perisabile] Solutie Curatare Frane Model 25,143,8,151.29,378.01,0.297
9131,Auto,Furtun Intercooler 2.0 TDI Model 57,1,10,64.68,118.0,0.404
9132,Auto,Senzor Debitmetru Model 99,51,18,180.11,399.95,0.422
9133,Perisabile,[Perisabile] Adeziv Industrial Model 77,123,12,135.91,224.64,0.262
9134,Perisabile,[Perisabile] Spray Degripant Model 12,111,13,197.38,467.2,0.217
9135,Auto,Senzor Debitmetru Model 25,11,5,270.04,493.22,0.029
9136,Auto,Senzor Debitmetru Model 26,22,12,35.48,61.48,0.069
9137,Perisabile,[Perisabile] Spray Degripant Model 13,76,19,192.04,432.16,0.162
9138,Perisabile,[Perisabile] Adeziv Industrial Model 88,52,18,85.8,160.07,0.45
9139,Perisabile,[Perisabile] Adeziv Industrial Model 81,16,17,202.44,379.86,0.487
9140,Hardware,Trusa Tubulare Model 9,39,5,200.51,374.94,0.482
9141,Perisabile,[Perisabile] Spray Degripant Model 96,148,11,107.53,146.34,0.439
9142,Hardware,Set Imbusuri Model 92,95,15,11.86,21.74,0.496
9143,Perisabile,[Perisabile] Spray Degripant Model 69,118,9,40.03,88.03,0.302
9144,Electronice,[Electronice] Osciloscop Model 57,24,18,58.0,96.45,0.056
9145,Hardware,Set Imbusuri Model 95,75,12,230.02,526.16,0.152
9146,Hardware,Incarcator Gaz Model 93,112,13,50.71,90.97,0.294
9147,Auto,Filtru Aer Model 43,98,13,186.31,328.62,0.392
9148,Hardware,Incarcator Gaz Model 15,149,15,60.46,127.33,0.295
9149,Hardware,Set Imbusuri Model 34,73,13,140.12,170.27,0.295
9150,Hardware,Set Imbusuri Model 90,10,14,16.94,24.22,0.221
9151,Auto,Baterie 12V 70Ah Model 57,31,13,199.02,252.5,0.017
9152,Auto,Senzor Debitmetru Model 57,104,7,133.95,320.3,0.034
9153,Perisabile,[Perisabile] Solutie Curatare Frane Model 47,146,16,286.29,462.32,0.382
9154,Electronice,[Electronice] Osciloscop Model 38,19,7,179.74,312.01,0.115
9155,Auto,Rulment Roata Fata Model 55,65,17,148.81,204.46,0.316
9156,Electronice,[Electronice] Modul Transmisie LoRa Model 38,61,11,241.39,371.36,0.343
9157,Auto,Filtru Aer Model 93,26,15,25.28,57.71,0.47
9158,Hardware,Set Imbusuri Model 61,147,15,130.23,226.58,0.413
9159,Perisabile,[Perisabile] Solutie Curatare Frane Model 27,139,7,37.0,65.37,0.396
9160,Perisabile,[Perisabile] Adeziv Industrial Model 6,49,13,274.57,510.08,0.033
9161,Auto,Filtru Aer Model 1,70,20,264.29,497.05,0.151
9162,Hardware,Cheie Dinamometrica Model 3,92,17,158.45,261.12,0.347
9163,Electronice,[Electronice] Osciloscop Model 64,66,20,244.17,398.7,0.062
9164,Perisabile,[Perisabile] Spray Degripant Model 5,95,7,81.73,186.74,0.134
9165,Electronice,[Electronice] Osciloscop Model 93,96,13,74.39,98.96,0.349
9166,Auto,Filtru Aer Model 84,69,9,130.35,171.17,0.427
9167,Perisabile,[Perisabile] Adeziv Industrial Model 37,103,6,87.96,118.58,0.082
9168,Hardware,Cheie Dinamometrica Model 87,83,16,235.35,426.06,0.483
9169,Electronice,[Electronice] Osciloscop Model 33,53,19,13.74,18.25,0.213
9170,Hardware,Incarcator Gaz Model 87,129,20,270.47,363.86,0.375
9171,Auto,Set Placute Frana Model 23,12,9,239.59,439.94,0.251
9172,Perisabile,[Perisabile] Spray Degripant Model 61,136,17,65.95,130.61,0.359
9173,Auto,Filtru Aer Model 90,138,19,191.92,380.6,0.051
9174,Perisabile,[Perisabile] Spray Degripant Model 51,57,16,107.9,150.0,0.171
9175,Hardware,Trusa Tubulare Model 34,149,8,49.69,81.13,0.115
9176,Perisabile,[Perisabile] Adeziv Industrial Model 37,49,17,201.46,260.94,0.448
9177,Perisabile,[Perisabile] Adeziv Industrial Model 90,146,11,91.85,112.48,0.033
9178,Electronice,[Electronice] Modul Transmisie LoRa Model 52,144,20,79.28,158.63,0.481
9179,Auto,Baterie 12V 70Ah Model 48,120,10,127.38,158.46,0.105
9180,Perisabile,[Perisabile] Spray Degripant Model 29,17,10,202.29,273.59,0.159
9181,Electronice,[Electronice] Multimetru Analogic Model 12,121,10,22.6,54.06,0.486
9182,Perisabile,[Perisabile] Adeziv Industrial Model 84,19,16,287.68,406.82,0.492
9183,Perisabile,[Perisabile] Solutie Curatare Frane Model 49,83,16,68.48,146.51,0.227
9184,Electronice,[Electronice] Osciloscop Model 11,77,11,91.79,187.3,0.328
9185,Auto,Furtun Intercooler 2.0 TDI Model 29,48,10,17.15,26.34,0.281
9186,Auto,Filtru Aer Model 63,78,15,223.37,449.86,0.233
9187,Hardware,Incarcator Gaz Model 48,107,11,227.52,333.23,0.41
9188,Auto,Set Placute Frana Model 43,72,6,210.9,486.39,0.34
9189,Electronice,[Electronice] Sursa Laborator Model 91,7,8,13.94,22.8,0.323
9190,Hardware,Trusa Tubulare Model 96,14,6,206.19,380.77,0.404
9191,Electronice,[Electronice] Multimetru Analogic Model 90,74,9,125.0,277.09,0.498
9192,Hardware,Cheie Dinamometrica Model 59,129,16,209.72,338.24,0.092
9193,Hardware,Set Imbusuri Model 74,58,16,206.24,280.77,0.114
9194,Auto,Set Placute Frana Model 40,38,10,155.9,264.14,0.204
9195,Electronice,[Electronice] Modul Transmisie LoRa Model 49,18,9,39.77,63.88,0.256
9196,Electronice,[Electronice] Modul Transmisie LoRa Model 4,9,9,113.23,146.27,0.471
9197,Electronice,[Electronice] Sursa Laborator Model 84,138,7,37.91,66.24,0.126
9198,Perisabile,[Perisabile] Adeziv Industrial Model 98,71,12,59.27,115.62,0.18
9199,Auto,Filtru Aer Model 27,87,17,242.65,603.93,0.35
9200,Perisabile,[Perisabile] Adeziv Industrial Model 22,5,6,106.18,154.63,0.403
9201,Electronice,[Electronice] Sursa Laborator Model 28,3,12,262.91,553.56,0.344
9202,Auto,Rulment Roata Fata Model 5,135,14,295.67,405.65,0.236
9203,Electronice,[Electronice] Sursa Laborator Model 36,36,17,34.34,66.93,0.345
9204,Perisabile,[Perisabile] Adeziv Industrial Model 94,140,17,264.2,380.81,0.326
9205,Hardware,Incarcator Gaz Model 94,0,7,84.67,114.41,0.098
9206,Perisabile,[Perisabile] Spray Degripant Model 18,36,14,200.11,489.74,0.049
9207,Electronice,[Electronice] Osciloscop Model 95,25,5,158.84,240.38,0.187
9208,Auto,Furtun Intercooler 2.0 TDI Model 51,119,11,247.38,609.37,0.079
9209,Hardware,Set Imbusuri Model 46,1,17,119.03,210.27,0.191
9210,Electronice,[Electronice] Multimetru Analogic Model 32,3,15,68.16,123.63,0.465
9211,Hardware,Incarcator Gaz Model 16,73,6,237.09,416.33,0.017
9212,Perisabile,[Perisabile] Adeziv Industrial Model 99,133,20,267.38,632.23,0.226
9213,Auto,Furtun Intercooler 2.0 TDI Model 21,3,11,84.88,107.0,0.055
9214,Hardware,Trusa Tubulare Model 10,9,19,210.21,330.11,0.199
9215,Hardware,Set Imbusuri Model 88,27,14,190.2,266.56,0.179
9216,Hardware,Cheie Dinamometrica Model 48,81,8,30.59,52.25,0.015
9217,Electronice,[Electronice] Sursa Laborator Model 40,40,9,182.73,398.21,0.15
9218,Hardware,Incarcator Gaz Model 16,56,12,82.29,101.5,0.045
9219,Perisabile,[Perisabile] Adeziv Industrial Model 99,85,14,271.73,383.2,0.39
9220,Electronice,[Electronice] Osciloscop Model 57,35,13,88.24,157.06,0.332
9221,Hardware,Set Imbusuri Model 48,59,15,29.66,40.65,0.296
9222,Electronice,[Electronice] Osciloscop Model 80,59,17,158.65,312.79,0.391
9223,Perisabile,[Perisabile] Spray Degripant Model 36,16,16,250.92,369.19,0.361
9224,Electronice,[Electronice] Sursa Laborator Model 26,52,6,142.51,184.47,0.217
9225,Auto,Furtun Intercooler 2.0 TDI Model 13,89,11,179.34,383.28,0.497
9226,Perisabile,[Perisabile] Adeziv Industrial Model 88,68,16,287.65,625.67,0.019
9227,Perisabile,[Perisabile] Adeziv Industrial Model 6,96,11,126.62,272.4,0.344
9228,Perisabile,[Perisabile] Spray Degripant Model 36,57,10,97.13,222.06,0.179
9229,Auto,Rulment Roata Fata Model 84,17,19,15.62,20.49,0.254
9230,Hardware,Trusa Tubulare Model 28,21,20,47.9,66.4,0.253
9231,Auto,Filtru Aer Model 98,29,13,292.59,468.69,0.325
9232,Auto,Filtru Aer Model 67,96,13,71.64,171.58,0.254
9233,Electronice,[Electronice] Multimetru Analogic Model 87,5,14,26.51,36.03,0.445
9234,Auto,Set Placute Frana Model 55,37,15,144.55,274.07,0.434
9235,Auto,Filtru Aer Model 67,127,18,208.82,337.51,0.099
9236,Electronice,[Electronice] Osciloscop Model 30,22,12,16.8,24.76,0.366
9237,Auto,Furtun Intercooler 2.0 TDI Model 33,45,16,257.57,607.95,0.123
9238,Hardware,Trusa Tubulare Model 41,70,20,261.11,585.57,0.12
9239,Perisabile,[Perisabile] Spray Degripant Model 27,137,8,78.98,150.54,0.199
9240,Hardware,Trusa Tubulare Model 54,99,7,204.72,380.9,0.364
9241,Electronice,[Electronice] Modul Transmisie LoRa Model 51,109,15,33.74,77.69,0.142
9242,Perisabile,[Perisabile] Spray Degripant Model 3,122,14,73.67,114.17,0.081
9243,Hardware,Incarcator Gaz Model 78,42,20,285.76,708.07,0.301
9244,Perisabile,[Perisabile] Adeziv Industrial Model 47,27,10,131.72,236.75,0.023
9245,Electronice,[Electronice] Modul Transmisie LoRa Model 45,21,17,59.16,88.4,0.065
9246,Hardware,Cheie Dinamometrica Model 36,70,13,135.64,252.29,0.013
9247,Electronice,[Electronice] Sursa Laborator Model 56,33,15,225.88,295.01,0.237
9248,Perisabile,[Perisabile] Spray Degripant Model 82,11,20,18.11,25.14,0.427
9249,Auto,Furtun Intercooler 2.0 TDI Model 9,72,12,256.92,321.19,0.223
9250,Auto,Senzor Debitmetru Model 29,14,8,189.75,448.23,0.356
9251,Hardware,Incarcator Gaz Model 48,8,18,39.95,73.2,0.329
9252,Electronice,[Electronice] Modul Transmisie LoRa Model 31,101,15,183.09,317.19,0.361
9253,Hardware,Incarcator Gaz Model 29,82,13,123.92,162.11,0.079
9254,Perisabile,[Perisabile] Solutie Curatare Frane Model 88,99,11,170.57,414.1,0.369
9255,Hardware,Set Imbusuri Model 90,20,12,180.24,217.11,0.365
9256,Hardware,Trusa Tubulare Model 63,124,6,196.88,339.32,0.014
9257,Perisabile,[Perisabile] Spray Degripant Model 64,99,7,146.59,231.08,0.042
9258,Electronice,[Electronice] Osciloscop Model 59,102,19,144.87,309.9,0.131
9259,Perisabile,[Perisabile] Spray Degripant Model 79,103,5,215.36,310.18,0.132
9260,Auto,Senzor Debitmetru Model 63,124,11,115.28,212.84,0.193
9261,Electronice,[Electronice] Osciloscop Model 31,144,15,167.55,406.55,0.152
9262,Electronice,[Electronice] Sursa Laborator Model 83,146,20,13.39,16.91,0.34
9263,Hardware,Cheie Dinamometrica Model 94,17,8,202.09,273.67,0.018
9264,Electronice,[Electronice] Multimetru Analogic Model 1,138,14,36.78,50.02,0.058
9265,Auto,Senzor Debitmetru Model 24,32,16,244.3,311.81,0.413
9266,Perisabile,[Perisabile] Adeziv Industrial Model 41,84,5,43.78,108.37,0.133
9267,Hardware,Set Imbusuri Model 39,122,7,187.99,249.56,0.347
9268,Hardware,Set Imbusuri Model 23,105,16,76.05,108.85,0.034
9269,Electronice,[Electronice] Modul Transmisie LoRa Model 24,56,5,233.5,477.6,0.066
9270,Electronice,[Electronice] Osciloscop Model 75,125,11,204.26,307.25,0.012
9271,Auto,Set Placute Frana Model 55,139,19,154.49,290.26,0.241
9272,Auto,Filtru Aer Model 4,139,13,286.47,589.86,0.484
9273,Perisabile,[Perisabile] Spray Degripant Model 73,67,7,267.04,650.15,0.339
9274,Auto,Baterie 12V 70Ah Model 74,141,19,282.91,523.51,0.222
9275,Perisabile,[Perisabile] Solutie Curatare Frane Model 60,99,19,106.63,176.25,0.303
9276,Auto,Set Placute Frana Model 51,133,19,31.88,56.18,0.215
9277,Electronice,[Electronice] Modul Transmisie LoRa Model 36,59,5,205.07,353.04,0.092
9278,Hardware,Incarcator Gaz Model 7,76,13,60.0,96.98,0.298
9279,Hardware,Cheie Dinamometrica Model 58,130,15,112.23,169.76,0.239
9280,Electronice,[Electronice] Osciloscop Model 4,41,15,298.54,716.46,0.407
9281,Auto,Rulment Roata Fata Model 84,65,13,116.09,285.13,0.37
9282,Hardware,Trusa Tubulare Model 72,101,11,19.24,46.97,0.451
9283,Auto,Baterie 12V 70Ah Model 93,20,19,206.91,463.68,0.404
9284,Hardware,Set Imbusuri Model 53,10,9,293.26,514.06,0.143
9285,Auto,Set Placute Frana Model 5,136,13,174.69,220.54,0.326
9286,Auto,Furtun Intercooler 2.0 TDI Model 2,15,11,137.96,208.87,0.437
9287,Perisabile,[Perisabile] Spray Degripant Model 49,34,15,27.84,48.94,0.11
9288,Hardware,Trusa Tubulare Model 73,50,11,101.6,183.84,0.487
9289,Auto,Rulment Roata Fata Model 35,114,18,260.5,542.33,0.062
9290,Perisabile,[Perisabile] Solutie Curatare Frane Model 54,78,18,179.3,253.97,0.315
9291,Perisabile,[Perisabile] Solutie Curatare Frane Model 73,84,12,289.25,416.62,0.455
9292,Electronice,[Electronice] Sursa Laborator Model 10,30,6,133.77,277.59,0.238
9293,Hardware,Incarcator Gaz Model 18,37,13,46.78,64.92,0.08
9294,Electronice,[Electronice] Multimetru Analogic Model 24,73,19,242.65,361.34,0.295
9295,Electronice,[Electronice] Osciloscop Model 34,130,18,42.54,72.72,0.195
9296,Hardware,Set Imbusuri Model 64,78,18,118.33,156.61,0.316
9297,Perisabile,[Perisabile] Solutie Curatare Frane Model 1,22,7,250.29,455.98,0.145
9298,Electronice,[Electronice] Modul Transmisie LoRa Model 78,26,13,170.03,249.59,0.273
9299,Hardware,Trusa Tubulare Model 7,28,9,190.66,286.94,0.133
9300,Auto,Senzor Debitmetru Model 69,28,13,78.93,105.31,0.493
9301,Electronice,[Electronice] Osciloscop Model 47,120,8,164.45,262.53,0.014
9302,Perisabile,[Perisabile] Adeziv Industrial Model 30,129,14,134.94,238.83,0.342
9303,Hardware,Incarcator Gaz Model 60,108,9,18.13,32.69,0.058
9304,Hardware,Set Imbusuri Model 12,95,8,273.59,489.91,0.243
9305,Perisabile,[Perisabile] Spray Degripant Model 23,40,13,154.01,222.79,0.487
9306,Hardware,Trusa Tubulare Model 64,12,10,68.94,166.12,0.101
9307,Auto,Furtun Intercooler 2.0 TDI Model 53,21,12,102.7,174.91,0.119
9308,Perisabile,[Perisabile] Adeziv Industrial Model 52,69,10,161.99,317.77,0.116
9309,Hardware,Cheie Dinamometrica Model 72,66,17,173.24,272.81,0.442
9310,Perisabile,[Perisabile] Solutie Curatare Frane Model 77,127,16,62.78,142.98,0.438
9311,Hardware,Cheie Dinamometrica Model 94,85,17,295.49,712.35,0.164
9312,Auto,Filtru Aer Model 21,26,13,269.21,572.84,0.32
9313,Auto,Rulment Roata Fata Model 17,9,13,222.56,304.29,0.288
9314,Perisabile,[Perisabile] Spray Degripant Model 67,20,19,217.19,460.71,0.196
9315,Perisabile,[Perisabile] Solutie Curatare Frane Model 74,99,18,163.57,213.6,0.085
9316,Electronice,[Electronice] Sursa Laborator Model 39,118,9,229.5,508.02,0.335
9317,Hardware,Trusa Tubulare Model 91,68,20,93.06,222.37,0.042
9318,Auto,Senzor Debitmetru Model 1,54,16,33.28,63.08,0.487
9319,Electronice,[Electronice] Osciloscop Model 42,112,10,273.64,527.0,0.175
9320,Electronice,[Electronice] Osciloscop Model 63,92,8,119.77,242.18,0.467
9321,Perisabile,[Perisabile] Adeziv Industrial Model 8,146,16,261.18,558.57,0.082
9322,Auto,Furtun Intercooler 2.0 TDI Model 48,97,6,245.84,348.88,0.081
9323,Electronice,[Electronice] Sursa Laborator Model 29,78,7,34.13,48.79,0.382
9324,Auto,Senzor Debitmetru Model 29,96,15,208.45,480.07,0.095
9325,Auto,Rulment Roata Fata Model 28,5,11,110.26,156.38,0.487
9326,Auto,Rulment Roata Fata Model 35,141,13,19.81,38.79,0.424
9327,Auto,Furtun Intercooler 2.0 TDI Model 52,55,12,199.75,429.26,0.168
9328,Perisabile,[Perisabile] Solutie Curatare Frane Model 14,128,11,63.51,111.53,0.316
9329,Auto,Set Placute Frana Model 38,148,11,196.47,478.73,0.047
9330,Auto,Rulment Roata Fata Model 99,29,6,104.46,210.61,0.052
9331,Perisabile,[Perisabile] Solutie Curatare Frane Model 13,6,11,50.95,70.3,0.485
9332,Electronice,[Electronice] Multimetru Analogic Model 98,22,19,89.86,165.24,0.156
9333,Perisabile,[Perisabile] Solutie Curatare Frane Model 79,48,16,281.1,462.68,0.361
9334,Perisabile,[Perisabile] Spray Degripant Model 11,22,9,17.61,21.22,0.182
9335,Perisabile,[Perisabile] Spray Degripant Model 43,87,8,254.14,453.93,0.249
9336,Electronice,[Electronice] Multimetru Analogic Model 11,64,12,86.06,170.42,0.304
9337,Hardware,Set Imbusuri Model 15,77,14,106.41,138.76,0.274
9338,Perisabile,[Perisabile] Spray Degripant Model 59,98,9,267.27,599.74,0.239
9339,Auto,Senzor Debitmetru Model 85,32,9,204.67,263.42,0.412
9340,Electronice,[Electronice] Multimetru Analogic Model 28,105,10,204.3,466.19,0.106
9341,Electronice,[Electronice] Multimetru Analogic Model 80,43,15,190.07,271.91,0.206
9342,Electronice,[Electronice] Multimetru Analogic Model 47,146,19,106.81,245.62,0.419
9343,Auto,Senzor Debitmetru Model 77,55,8,233.02,322.22,0.288
9344,Auto,Filtru Aer Model 20,131,17,275.16,330.89,0.106
9345,Perisabile,[Perisabile] Solutie Curatare Frane Model 78,2,19,66.52,155.56,0.103
9346,Hardware,Trusa Tubulare Model 60,56,7,40.43,56.23,0.149
9347,Hardware,Cheie Dinamometrica Model 18,112,8,223.69,306.25,0.256
9348,Hardware,Trusa Tubulare Model 20,130,7,131.72,170.53,0.491
9349,Hardware,Trusa Tubulare Model 46,65,6,247.9,352.47,0.192
9350,Electronice,[Electronice] Modul Transmisie LoRa Model 9,112,6,172.72,276.51,0.198
9351,Perisabile,[Perisabile] Solutie Curatare Frane Model 66,6,6,215.76,416.14,0.101
9352,Perisabile,[Perisabile] Solutie Curatare Frane Model 70,65,18,122.91,202.5,0.116
9353,Auto,Senzor Debitmetru Model 94,12,15,114.65,284.34,0.386
9354,Electronice,[Electronice] Modul Transmisie LoRa Model 84,51,6,146.45,348.73,0.141
9355,Hardware,Trusa Tubulare Model 78,113,12,67.4,132.02,0.109
9356,Perisabile,[Perisabile] Solutie Curatare Frane Model 35,45,16,56.86,89.33,0.027
9357,Electronice,[Electronice] Sursa Laborator Model 61,135,15,54.96,84.64,0.075
9358,Perisabile,[Perisabile] Solutie Curatare Frane Model 60,129,13,263.49,417.35,0.094
9359,Auto,Filtru Aer Model 44,21,12,263.54,325.31,0.115
9360,Hardware,Cheie Dinamometrica Model 56,59,14,11.79,22.1,0.133
9361,Hardware,Cheie Dinamometrica Model 7,147,12,265.97,342.84,0.053
9362,Auto,Senzor Debitmetru Model 38,115,20,273.71,372.73,0.378
9363,Electronice,[Electronice] Sursa Laborator Model 74,11,12,299.27,657.28,0.077
9364,Auto,Set Placute Frana Model 13,146,12,155.99,266.96,0.271
9365,Perisabile,[Perisabile] Adeziv Industrial Model 6,89,17,219.09,457.61,0.163
9366,Auto,Set Placute Frana Model 7,84,20,159.27,199.76,0.249
9367,Hardware,Set Imbusuri Model 28,124,12,229.61,277.29,0.115
9368,Electronice,[Electronice] Osciloscop Model 29,57,9,144.08,261.5,0.376
9369,Perisabile,[Perisabile] Solutie Curatare Frane Model 96,72,7,11.79,15.05,0.425
9370,Electronice,[Electronice] Sursa Laborator Model 19,80,5,297.85,370.81,0.219
9371,Perisabile,[Perisabile] Spray Degripant Model 74,115,15,208.74,337.19,0.345
9372,Auto,Baterie 12V 70Ah Model 98,95,14,55.06,94.27,0.406
9373,Hardware,Trusa Tubulare Model 69,73,13,228.88,276.38,0.163
9374,Perisabile,[Perisabile] Spray Degripant Model 84,115,19,148.88,310.89,0.02
9375,Perisabile,[Perisabile] Solutie Curatare Frane Model 34,40,12,123.38,196.28,0.061
9376,Hardware,Trusa Tubulare Model 35,47,12,171.64,342.87,0.28
9377,Hardware,Incarcator Gaz Model 58,67,10,182.6,377.36,0.399
9378,Hardware,Cheie Dinamometrica Model 98,143,9,60.46,76.73,0.259
9379,Electronice,[Electronice] Modul Transmisie LoRa Model 85,109,11,150.31,314.21,0.31
9380,Perisabile,[Perisabile] Adeziv Industrial Model 63,91,10,204.58,369.97,0.404
9381,Perisabile,[Perisabile] Solutie Curatare Frane Model 87,65,7,76.04,124.46,0.179
9382,Hardware,Incarcator Gaz Model 13,16,7,65.21,123.45,0.198
9383,Electronice,[Electronice] Sursa Laborator Model 13,74,14,128.07,207.26,0.322
9384,Electronice,[Electronice] Sursa Laborator Model 33,9,16,248.15,344.79,0.295
9385,Hardware,Set Imbusuri Model 80,27,11,155.46,295.82,0.442
9386,Hardware,Trusa Tubulare Model 43,112,5,246.9,493.32,0.218
9387,Perisabile,[Perisabile] Adeziv Industrial Model 85,110,15,273.18,647.68,0.394
9388,Hardware,Set Imbusuri Model 73,149,5,22.42,55.01,0.332
9389,Auto,Filtru Aer Model 43,15,13,147.97,293.48,0.455
9390,Perisabile,[Perisabile] Spray Degripant Model 7,135,16,75.11,165.05,0.151
9391,Electronice,[Electronice] Sursa Laborator Model 25,139,20,95.24,151.91,0.3
9392,Perisabile,[Perisabile] Spray Degripant Model 46,1,9,240.1,479.74,0.247
9393,Electronice,[Electronice] Multimetru Analogic Model 21,3,9,207.84,501.82,0.183
9394,Electronice,[Electronice] Osciloscop Model 32,37,7,136.81,330.4,0.024
9395,Electronice,[Electronice] Multimetru Analogic Model 64,112,18,267.34,629.99,0.161
9396,Perisabile,[Perisabile] Adeziv Industrial Model 92,55,16,226.72,289.66,0.099
9397,Perisabile,[Perisabile] Adeziv Industrial Model 95,85,8,174.39,244.38,0.443
9398,Perisabile,[Perisabile] Solutie Curatare Frane Model 81,100,18,261.36,549.8,0.335
9399,Perisabile,[Perisabile] Adeziv Industrial Model 52,77,12,244.21,491.87,0.38
9400,Perisabile,[Perisabile] Adeziv Industrial Model 54,57,16,15.76,24.99,0.272
9401,Hardware,Incarcator Gaz Model 95,15,9,189.15,399.58,0.33
9402,Auto,Furtun Intercooler 2.0 TDI Model 74,110,11,182.17,300.01,0.368
9403,Auto,Filtru Aer Model 98,32,12,70.15,90.0,0.245
9404,Hardware,Set Imbusuri Model 24,96,15,16.46,39.91,0.145
9405,Auto,Furtun Intercooler 2.0 TDI Model 20,88,7,288.87,444.98,0.249
9406,Perisabile,[Perisabile] Solutie Curatare Frane Model 67,99,6,278.55,522.3,0.48
9407,Hardware,Trusa Tubulare Model 40,66,5,188.29,430.69,0.487
9408,Auto,Filtru Aer Model 24,142,20,166.69,410.93,0.164
9409,Hardware,Cheie Dinamometrica Model 45,30,16,79.88,188.75,0.123
9410,Hardware,Set Imbusuri Model 33,44,13,252.29,363.19,0.41
9411,Electronice,[Electronice] Multimetru Analogic Model 11,136,19,49.03,94.55,0.083
9412,Hardware,Trusa Tubulare Model 83,33,20,15.28,34.0,0.323
9413,Electronice,[Electronice] Multimetru Analogic Model 18,63,7,297.55,404.74,0.05
9414,Electronice,[Electronice] Osciloscop Model 1,23,6,215.88,381.96,0.454
9415,Electronice,[Electronice] Osciloscop Model 62,126,19,204.89,467.5,0.288
9416,Perisabile,[Perisabile] Adeziv Industrial Model 19,121,17,36.13,47.95,0.291
9417,Hardware,Incarcator Gaz Model 69,100,11,143.29,247.68,0.201
9418,Perisabile,[Perisabile] Spray Degripant Model 75,126,12,112.95,197.85,0.336
9419,Hardware,Set Imbusuri Model 28,64,12,42.03,68.19,0.052
9420,Auto,Filtru Aer Model 1,88,9,200.3,454.55,0.237
9421,Hardware,Set Imbusuri Model 54,100,13,75.65,167.18,0.082
9422,Hardware,Cheie Dinamometrica Model 21,77,20,166.65,320.27,0.251
9423,Hardware,Cheie Dinamometrica Model 73,138,9,241.93,519.08,0.22
9424,Electronice,[Electronice] Osciloscop Model 86,35,16,208.11,400.34,0.159
9425,Hardware,Cheie Dinamometrica Model 43,38,20,52.41,127.05,0.259
9426,Perisabile,[Perisabile] Solutie Curatare Frane Model 42,0,20,208.58,393.81,0.202
9427,Auto,Filtru Aer Model 70,146,11,145.85,223.22,0.1
9428,Electronice,[Electronice] Osciloscop Model 89,62,15,179.43,306.56,0.248
9429,Hardware,Cheie Dinamometrica Model 70,75,11,36.55,48.05,0.455
9430,Hardware,Set Imbusuri Model 39,110,17,292.51,638.61,0.493
9431,Hardware,Set Imbusuri Model 19,21,10,23.31,57.24,0.245
9432,Auto,Set Placute Frana Model 8,37,7,200.83,330.44,0.087
9433,Hardware,Set Imbusuri Model 77,127,9,24.19,41.08,0.269
9434,Auto,Baterie 12V 70Ah Model 28,146,14,145.24,263.82,0.43
9435,Perisabile,[Perisabile] Solutie Curatare Frane Model 16,147,6,259.34,543.83,0.483
9436,Perisabile,[Perisabile] Solutie Curatare Frane Model 15,90,6,102.32,237.04,0.225
9437,Auto,Furtun Intercooler 2.0 TDI Model 37,16,6,33.34,80.55,0.107
9438,Auto,Baterie 12V 70Ah Model 12,87,7,118.1,240.32,0.053
9439,Perisabile,[Perisabile] Solutie Curatare Frane Model 50,39,15,196.71,403.26,0.339
9440,Perisabile,[Perisabile] Solutie Curatare Frane Model 3,150,9,187.38,422.53,0.259
9441,Electronice,[Electronice] Multimetru Analogic Model 38,94,11,10.31,25.16,0.098
9442,Perisabile,[Perisabile] Solutie Curatare Frane Model 21,80,8,152.36,284.53,0.079
9443,Perisabile,[Perisabile] Solutie Curatare Frane Model 34,64,17,200.66,288.81,0.236
9444,Perisabile,[Perisabile] Solutie Curatare Frane Model 63,147,18,151.17,330.68,0.319
9445,Hardware,Trusa Tubulare Model 50,1,6,103.06,247.53,0.481
9446,Auto,Senzor Debitmetru Model 85,86,18,174.18,281.78,0.473
9447,Electronice,[Electronice] Osciloscop Model 70,108,19,272.97,649.26,0.35
9448,Perisabile,[Perisabile] Solutie Curatare Frane Model 83,54,12,124.32,208.53,0.464
9449,Perisabile,[Perisabile] Spray Degripant Model 44,135,6,287.8,692.79,0.19
9450,Electronice,[Electronice] Osciloscop Model 5,76,7,26.15,52.82,0.468
9451,Auto,Baterie 12V 70Ah Model 69,25,18,11.82,23.08,0.344
9452,Hardware,Trusa Tubulare Model 6,73,10,118.59,281.83,0.073
9453,Auto,Furtun Intercooler 2.0 TDI Model 64,53,18,126.22,231.03,0.047
9454,Electronice,[Electronice] Sursa Laborator Model 57,86,5,91.18,132.68,0.433
9455,Perisabile,[Perisabile] Spray Degripant Model 45,70,11,127.03,290.81,0.072
9456,Auto,Rulment Roata Fata Model 23,67,16,137.17,173.06,0.16
9457,Hardware,Set Imbusuri Model 22,49,10,103.88,254.3,0.434
9458,Electronice,[Electronice] Sursa Laborator Model 42,12,7,210.33,305.3,0.343
9459,Electronice,[Electronice] Osciloscop Model 23,60,13,29.95,48.68,0.33
9460,Hardware,Trusa Tubulare Model 57,33,7,67.92,85.05,0.33
9461,Electronice,[Electronice] Modul Transmisie LoRa Model 1,107,20,35.01,85.0,0.363
9462,Perisabile,[Perisabile] Adeziv Industrial Model 31,67,11,131.98,199.26,0.252
9463,Hardware,Set Imbusuri Model 74,56,12,134.58,214.6,0.156
9464,Perisabile,[Perisabile] Solutie Curatare Frane Model 48,87,18,298.31,744.87,0.271
9465,Auto,Baterie 12V 70Ah Model 86,59,6,230.61,345.83,0.448
9466,Hardware,Set Imbusuri Model 55,133,17,40.9,65.72,0.099
9467,Electronice,[Electronice] Sursa Laborator Model 45,55,8,129.61,184.23,0.394
9468,Hardware,Incarcator Gaz Model 69,47,14,133.35,311.45,0.084
9469,Hardware,Trusa Tubulare Model 21,38,7,78.28,174.03,0.22
9470,Perisabile,[Perisabile] Spray Degripant Model 1,141,20,44.94,95.58,0.406
9471,Perisabile,[Perisabile] Spray Degripant Model 15,138,11,29.7,52.56,0.353
9472,Auto,Baterie 12V 70Ah Model 56,34,20,71.62,140.29,0.235
9473,Perisabile,[Perisabile] Solutie Curatare Frane Model 77,137,10,110.92,267.05,0.089
9474,Auto,Senzor Debitmetru Model 26,148,9,115.72,211.52,0.452
9475,Auto,Set Placute Frana Model 72,83,9,223.12,336.0,0.446
9476,Auto,Rulment Roata Fata Model 75,10,16,177.37,276.56,0.278
9477,Perisabile,[Perisabile] Spray Degripant Model 98,119,13,249.71,544.77,0.261
9478,Hardware,Trusa Tubulare Model 97,121,10,259.12,507.43,0.194
9479,Auto,Senzor Debitmetru Model 85,90,19,47.48,81.23,0.438
9480,Electronice,[Electronice] Sursa Laborator Model 75,52,10,163.56,208.41,0.33
9481,Hardware,Cheie Dinamometrica Model 61,48,6,161.45,265.26,0.339
9482,Auto,Furtun Intercooler 2.0 TDI Model 91,5,20,151.9,333.49,0.438
9483,Perisabile,[Perisabile] Spray Degripant Model 39,107,14,24.26,44.35,0.477
9484,Perisabile,[Perisabile] Solutie Curatare Frane Model 20,70,17,72.32,153.1,0.059
9485,Auto,Baterie 12V 70Ah Model 39,107,18,62.15,115.55,0.04
9486,Perisabile,[Perisabile] Solutie Curatare Frane Model 21,55,11,100.17,229.61,0.369
9487,Electronice,[Electronice] Sursa Laborator Model 52,76,18,151.31,284.08,0.434
9488,Auto,Set Placute Frana Model 36,21,10,79.57,126.55,0.444
9489,Hardware,Trusa Tubulare Model 55,145,7,107.25,155.41,0.05
9490,Auto,Furtun Intercooler 2.0 TDI Model 63,130,7,33.64,61.47,0.397
9491,Hardware,Trusa Tubulare Model 63,29,9,139.34,261.54,0.349
9492,Electronice,[Electronice] Osciloscop Model 10,66,18,199.83,408.51,0.391
9493,Perisabile,[Perisabile] Adeziv Industrial Model 67,137,20,102.4,181.65,0.351
9494,Hardware,Cheie Dinamometrica Model 55,119,12,112.7,218.52,0.196
9495,Perisabile,[Perisabile] Spray Degripant Model 88,34,5,51.88,117.92,0.061
9496,Auto,Set Placute Frana Model 41,91,10,188.13,327.13,0.214
9497,Auto,Filtru Aer Model 56,58,12,210.1,500.93,0.089
9498,Auto,Furtun Intercooler 2.0 TDI Model 88,49,6,240.05,526.76,0.254
9499,Hardware,Incarcator Gaz Model 76,84,18,168.05,371.24,0.482
9500,Hardware,Trusa Tubulare Model 77,41,19,167.7,246.93,0.245
9501,Perisabile,[Perisabile] Solutie Curatare Frane Model 82,74,19,272.85,623.37,0.351
9502,Electronice,[Electronice] Modul Transmisie LoRa Model 2,138,11,252.88,419.61,0.125
9503,Perisabile,[Perisabile] Spray Degripant Model 46,123,5,153.45,266.53,0.388
9504,Auto,Filtru Aer Model 23,37,10,15.77,19.32,0.086
9505,Hardware,Incarcator Gaz Model 92,81,9,270.97,674.09,0.318
9506,Electronice,[Electronice] Sursa Laborator Model 93,90,20,168.28,281.43,0.174
9507,Perisabile,[Perisabile] Solutie Curatare Frane Model 9,101,18,125.67,246.72,0.178
9508,Hardware,Incarcator Gaz Model 69,96,15,15.13,34.15,0.05
9509,Auto,Furtun Intercooler 2.0 TDI Model 65,44,10,154.54,365.97,0.137
9510,Perisabile,[Perisabile] Spray Degripant Model 17,47,12,121.36,227.68,0.411
9511,Electronice,[Electronice] Modul Transmisie LoRa Model 44,132,19,199.91,337.48,0.451
9512,Perisabile,[Perisabile] Spray Degripant Model 57,104,13,171.26,423.7,0.178
9513,Hardware,Trusa Tubulare Model 35,44,11,15.84,21.27,0.106
9514,Hardware,Set Imbusuri Model 48,118,17,39.48,73.22,0.023
9515,Electronice,[Electronice] Osciloscop Model 5,45,6,231.25,391.83,0.296
9516,Auto,Baterie 12V 70Ah Model 83,5,18,111.34,213.71,0.078
9517,Electronice,[Electronice] Osciloscop Model 15,73,19,282.51,538.03,0.484
9518,Hardware,Trusa Tubulare Model 68,97,13,258.16,413.87,0.31
9519,Electronice,[Electronice] Sursa Laborator Model 81,28,10,46.59,80.52,0.369
9520,Auto,Senzor Debitmetru Model 64,131,11,233.88,285.25,0.298
9521,Electronice,[Electronice] Sursa Laborator Model 37,31,7,101.47,194.76,0.026
9522,Electronice,[Electronice] Multimetru Analogic Model 71,54,5,292.46,364.33,0.49
9523,Auto,Filtru Aer Model 76,120,5,110.1,263.11,0.118
9524,Perisabile,[Perisabile] Solutie Curatare Frane Model 38,105,17,172.17,242.1,0.047
9525,Auto,Senzor Debitmetru Model 54,40,10,245.02,559.7,0.489
9526,Electronice,[Electronice] Modul Transmisie LoRa Model 86,142,20,286.38,518.03,0.202
9527,Auto,Senzor Debitmetru Model 78,41,9,187.17,422.74,0.03
9528,Auto,Baterie 12V 70Ah Model 5,57,9,168.07,202.91,0.332
9529,Perisabile,[Perisabile] Spray Degripant Model 3,122,5,196.61,446.43,0.316
9530,Electronice,[Electronice] Sursa Laborator Model 86,134,6,221.23,321.68,0.462
9531,Auto,Furtun Intercooler 2.0 TDI Model 14,14,10,157.85,194.15,0.392
9532,Hardware,Incarcator Gaz Model 99,131,13,169.18,315.02,0.196
9533,Perisabile,[Perisabile] Spray Degripant Model 68,91,11,134.51,234.24,0.496
9534,Electronice,[Electronice] Modul Transmisie LoRa Model 54,7,19,135.73,296.38,0.308
9535,Auto,Baterie 12V 70Ah Model 69,115,10,152.0,312.8,0.083
9536,Auto,Set Placute Frana Model 58,39,14,77.54,132.92,0.035
9537,Auto,Furtun Intercooler 2.0 TDI Model 9,75,13,63.03,112.23,0.284
9538,Electronice,[Electronice] Modul Transmisie LoRa Model 89,10,16,136.96,291.13,0.028
9539,Electronice,[Electronice] Modul Transmisie LoRa Model 55,10,17,84.5,146.15,0.2
9540,Electronice,[Electronice] Modul Transmisie LoRa Model 57,119,19,49.01,111.87,0.195
9541,Electronice,[Electronice] Sursa Laborator Model 33,104,15,148.3,182.66,0.14
9542,Electronice,[Electronice] Modul Transmisie LoRa Model 67,100,18,125.25,180.63,0.164
9543,Electronice,[Electronice] Osciloscop Model 82,71,18,86.01,212.13,0.052
9544,Electronice,[Electronice] Osciloscop Model 25,22,10,197.53,388.39,0.26
9545,Hardware,Cheie Dinamometrica Model 7,138,7,196.22,257.32,0.113
9546,Electronice,[Electronice] Modul Transmisie LoRa Model 22,22,5,97.96,201.98,0.249
9547,Hardware,Cheie Dinamometrica Model 87,121,5,14.69,28.17,0.067
9548,Perisabile,[Perisabile] Solutie Curatare Frane Model 10,9,16,171.02,310.55,0.141
9549,Auto,Baterie 12V 70Ah Model 86,130,17,266.94,605.69,0.099
9550,Electronice,[Electronice] Modul Transmisie LoRa Model 5,117,11,28.45,69.1,0.16
9551,Hardware,Trusa Tubulare Model 96,97,18,291.2,705.75,0.239
9552,Hardware,Set Imbusuri Model 70,9,6,83.87,178.28,0.16
9553,Perisabile,[Perisabile] Solutie Curatare Frane Model 27,60,17,133.5,317.12,0.282
9554,Electronice,[Electronice] Osciloscop Model 77,138,8,236.38,465.42,0.381
9555,Hardware,Incarcator Gaz Model 14,141,12,128.58,182.86,0.433
9556,Auto,Baterie 12V 70Ah Model 29,106,9,232.69,399.94,0.052
9557,Auto,Senzor Debitmetru Model 28,53,6,39.26,86.73,0.028
9558,Auto,Furtun Intercooler 2.0 TDI Model 53,26,8,181.77,277.42,0.314
9559,Hardware,Set Imbusuri Model 55,101,7,62.64,123.57,0.24
9560,Perisabile,[Perisabile] Spray Degripant Model 45,95,18,162.47,233.27,0.178
9561,Perisabile,[Perisabile] Spray Degripant Model 48,58,11,97.13,196.04,0.448
9562,Perisabile,[Perisabile] Solutie Curatare Frane Model 41,72,12,132.34,205.83,0.354
9563,Electronice,[Electronice] Sursa Laborator Model 66,70,17,271.99,559.9,0.043
9564,Perisabile,[Perisabile] Solutie Curatare Frane Model 60,139,10,197.35,377.77,0.303
9565,Perisabile,[Perisabile] Solutie Curatare Frane Model 12,52,7,94.84,156.34,0.022
9566,Hardware,Set Imbusuri Model 8,129,19,195.87,477.45,0.246
9567,Auto,Senzor Debitmetru Model 7,126,19,82.82,156.98,0.2
9568,Electronice,[Electronice] Multimetru Analogic Model 53,26,18,189.39,348.05,0.331
9569,Electronice,[Electronice] Multimetru Analogic Model 36,74,11,71.49,113.48,0.215
9570,Hardware,Incarcator Gaz Model 96,33,10,17.32,22.8,0.379
9571,Hardware,Trusa Tubulare Model 15,121,20,74.75,94.56,0.224
9572,Perisabile,[Perisabile] Solutie Curatare Frane Model 36,11,9,110.79,260.63,0.049
9573,Hardware,Set Imbusuri Model 79,116,11,272.34,657.93,0.33
9574,Perisabile,[Perisabile] Spray Degripant Model 17,38,18,74.71,176.09,0.047
9575,Auto,Rulment Roata Fata Model 79,116,5,155.57,257.79,0.393
9576,Hardware,Incarcator Gaz Model 7,12,20,90.51,201.47,0.044
9577,Hardware,Trusa Tubulare Model 83,59,19,115.39,221.18,0.475
9578,Perisabile,[Perisabile] Adeziv Industrial Model 33,140,15,132.04,217.73,0.437
9579,Hardware,Set Imbusuri Model 92,119,12,60.12,128.36,0.331
9580,Electronice,[Electronice] Modul Transmisie LoRa Model 60,137,6,246.72,488.82,0.266
9581,Electronice,[Electronice] Multimetru Analogic Model 4,49,20,155.37,217.73,0.261
9582,Hardware,Incarcator Gaz Model 52,82,17,115.02,278.63,0.119
9583,Electronice,[Electronice] Modul Transmisie LoRa Model 81,143,6,19.11,28.98,0.015
9584,Perisabile,[Perisabile] Adeziv Industrial Model 8,17,11,245.19,532.94,0.236
9585,Auto,Filtru Aer Model 30,144,7,285.04,595.42,0.051
9586,Hardware,Trusa Tubulare Model 56,115,6,81.52,188.02,0.037
9587,Hardware,Incarcator Gaz Model 66,114,7,56.06,111.0,0.369
9588,Hardware,Trusa Tubulare Model 36,0,6,107.1,249.33,0.36
9589,Electronice,[Electronice] Osciloscop Model 38,77,15,241.13,354.9,0.227
9590,Hardware,Set Imbusuri Model 69,149,18,198.43,364.55,0.195
9591,Electronice,[Electronice] Modul Transmisie LoRa Model 99,19,13,224.88,420.94,0.468
9592,Hardware,Incarcator Gaz Model 65,7,9,52.74,128.4,0.18
9593,Perisabile,[Perisabile] Adeziv Industrial Model 21,36,17,249.38,375.47,0.193
9594,Electronice,[Electronice] Modul Transmisie LoRa Model 82,79,19,206.2,415.98,0.175
9595,Perisabile,[Perisabile] Solutie Curatare Frane Model 44,6,20,116.01,261.88,0.22
9596,Hardware,Cheie Dinamometrica Model 11,117,13,250.54,498.81,0.128
9597,Auto,Filtru Aer Model 5,104,15,256.19,390.25,0.038
9598,Hardware,Trusa Tubulare Model 45,135,7,29.96,38.11,0.305
9599,Auto,Baterie 12V 70Ah Model 77,79,17,242.11,316.15,0.346
9600,Hardware,Trusa Tubulare Model 87,134,20,273.07,463.85,0.425
9601,Hardware,Set Imbusuri Model 29,73,5,16.59,23.31,0.158
9602,Electronice,[Electronice] Multimetru Analogic Model 95,121,14,166.24,339.66,0.389
9603,Electronice,[Electronice] Multimetru Analogic Model 91,119,6,285.29,604.53,0.262
9604,Hardware,Cheie Dinamometrica Model 7,88,13,193.5,393.59,0.372
9605,Electronice,[Electronice] Sursa Laborator Model 93,139,14,253.0,436.02,0.376
9606,Perisabile,[Perisabile] Spray Degripant Model 98,25,11,216.07,330.72,0.185
9607,Electronice,[Electronice] Modul Transmisie LoRa Model 25,107,9,86.72,166.63,0.463
9608,Auto,Baterie 12V 70Ah Model 23,115,12,205.86,496.5,0.279
9609,Perisabile,[Perisabile] Adeziv Industrial Model 41,51,12,21.5,49.72,0.286
9610,Electronice,[Electronice] Multimetru Analogic Model 55,57,9,273.13,369.03,0.32
9611,Auto,Rulment Roata Fata Model 65,87,15,168.03,339.85,0.157
9612,Perisabile,[Perisabile] Adeziv Industrial Model 77,38,8,211.63,520.39,0.078
9613,Perisabile,[Perisabile] Adeziv Industrial Model 4,78,15,14.63,24.23,0.227
9614,Auto,Rulment Roata Fata Model 7,89,8,23.14,38.32,0.265
9615,Hardware,Incarcator Gaz Model 3,121,9,64.92,101.48,0.054
9616,Perisabile,[Perisabile] Spray Degripant Model 29,144,11,249.97,592.35,0.136
9617,Auto,Filtru Aer Model 71,97,20,38.97,78.86,0.086
9618,Perisabile,[Perisabile] Spray Degripant Model 78,85,15,278.05,654.91,0.372
9619,Auto,Filtru Aer Model 6,6,14,205.79,343.26,0.322
9620,Auto,Furtun Intercooler 2.0 TDI Model 74,97,20,207.28,252.28,0.317
9621,Electronice,[Electronice] Multimetru Analogic Model 24,113,18,104.28,250.64,0.147
9622,Electronice,[Electronice] Modul Transmisie LoRa Model 97,55,14,211.25,507.73,0.101
9623,Hardware,Trusa Tubulare Model 5,104,14,99.39,180.98,0.035
9624,Electronice,[Electronice] Osciloscop Model 34,26,13,144.11,303.55,0.227
9625,Auto,Set Placute Frana Model 73,29,18,243.51,516.78,0.226
9626,Electronice,[Electronice] Osciloscop Model 80,0,17,85.04,188.6,0.317
9627,Electronice,[Electronice] Osciloscop Model 41,22,19,76.14,141.69,0.299
9628,Electronice,[Electronice] Multimetru Analogic Model 52,49,19,101.81,220.79,0.389
9629,Electronice,[Electronice] Modul Transmisie LoRa Model 99,27,6,273.02,568.88,0.385
9630,Auto,Rulment Roata Fata Model 24,5,12,29.65,60.29,0.344
9631,Auto,Rulment Roata Fata Model 8,137,16,242.51,342.43,0.272
9632,Electronice,[Electronice] Osciloscop Model 11,75,18,63.84,119.23,0.042
9633,Hardware,Trusa Tubulare Model 36,55,18,144.51,295.45,0.039
9634,Perisabile,[Perisabile] Adeziv Industrial Model 55,108,17,182.29,295.1,0.246
9635,Electronice,[Electronice] Modul Transmisie LoRa Model 12,131,9,230.34,549.79,0.21
9636,Hardware,Incarcator Gaz Model 81,39,6,253.81,437.16,0.058
9637,Hardware,Incarcator Gaz Model 8,135,9,47.77,98.23,0.472
9638,Electronice,[Electronice] Multimetru Analogic Model 8,107,19,110.39,254.76,0.344
9639,Electronice,[Electronice] Multimetru Analogic Model 36,52,13,80.93,138.92,0.244
9640,Perisabile,[Perisabile] Solutie Curatare Frane Model 29,48,13,174.22,329.69,0.379
9641,Perisabile,[Perisabile] Adeziv Industrial Model 69,44,5,201.09,296.69,0.141
9642,Electronice,[Electronice] Sursa Laborator Model 45,119,6,266.17,510.16,0.044
9643,Perisabile,[Perisabile] Adeziv Industrial Model 84,24,17,229.66,319.94,0.388
9644,Electronice,[Electronice] Multimetru Analogic Model 72,16,14,88.13,139.88,0.256
9645,Auto,Furtun Intercooler 2.0 TDI Model 94,11,6,285.23,580.63,0.307
9646,Perisabile,[Perisabile] Solutie Curatare Frane Model 9,35,18,228.27,304.66,0.013
9647,Auto,Filtru Aer Model 36,98,7,271.22,334.84,0.417
9648,Hardware,Set Imbusuri Model 67,139,16,128.59,182.8,0.357
9649,Hardware,Trusa Tubulare Model 67,51,6,168.33,409.01,0.244
9650,Auto,Senzor Debitmetru Model 29,54,16,165.71,273.28,0.344
9651,Auto,Baterie 12V 70Ah Model 53,24,16,42.63,97.03,0.465
9652,Auto,Rulment Roata Fata Model 62,3,17,72.15,102.72,0.367
9653,Auto,Filtru Aer Model 10,37,5,69.18,126.43,0.091
9654,Hardware,Incarcator Gaz Model 19,55,17,66.35,122.06,0.197
9655,Hardware,Set Imbusuri Model 48,108,19,144.77,246.4,0.261
9656,Perisabile,[Perisabile] Adeziv Industrial Model 25,87,7,259.67,646.75,0.448
9657,Electronice,[Electronice] Sursa Laborator Model 82,102,5,104.86,211.76,0.444
9658,Hardware,Trusa Tubulare Model 57,46,8,164.96,220.79,0.146
9659,Perisabile,[Perisabile] Spray Degripant Model 97,18,16,100.33,216.28,0.302
9660,Auto,Furtun Intercooler 2.0 TDI Model 9,44,18,234.16,522.17,0.023
9661,Perisabile,[Perisabile] Adeziv Industrial Model 14,125,5,45.83,106.81,0.204
9662,Electronice,[Electronice] Sursa Laborator Model 50,66,12,247.14,301.17,0.416
9663,Electronice,[Electronice] Multimetru Analogic Model 30,15,6,129.01,216.61,0.392
9664,Perisabile,[Perisabile] Adeziv Industrial Model 55,62,7,76.76,93.0,0.492
9665,Auto,Filtru Aer Model 61,88,16,293.76,599.92,0.227
9666,Hardware,Set Imbusuri Model 16,98,12,26.62,51.53,0.45
9667,Hardware,Cheie Dinamometrica Model 93,94,9,36.51,46.42,0.147
9668,Auto,Set Placute Frana Model 57,59,20,258.37,465.59,0.449
9669,Auto,Filtru Aer Model 51,88,5,142.7,245.47,0.125
9670,Perisabile,[Perisabile] Adeziv Industrial Model 17,2,17,147.25,305.24,0.13
9671,Electronice,[Electronice] Multimetru Analogic Model 80,133,19,171.91,379.98,0.267
9672,Auto,Furtun Intercooler 2.0 TDI Model 44,134,19,212.94,448.0,0.126
9673,Electronice,[Electronice] Modul Transmisie LoRa Model 64,21,12,50.3,114.54,0.135
9674,Electronice,[Electronice] Multimetru Analogic Model 14,4,16,74.26,96.77,0.397
9675,Perisabile,[Perisabile] Spray Degripant Model 7,70,14,264.91,492.77,0.192
9676,Perisabile,[Perisabile] Spray Degripant Model 4,74,11,244.74,357.75,0.247
9677,Electronice,[Electronice] Sursa Laborator Model 98,142,19,184.89,323.57,0.064
9678,Hardware,Cheie Dinamometrica Model 31,88,19,222.39,496.96,0.188
9679,Perisabile,[Perisabile] Spray Degripant Model 8,38,16,206.23,376.44,0.39
9680,Hardware,Cheie Dinamometrica Model 62,128,15,94.82,193.3,0.276
9681,Electronice,[Electronice] Multimetru Analogic Model 14,147,7,44.65,99.55,0.016
9682,Hardware,Set Imbusuri Model 45,24,13,145.22,354.42,0.293
9683,Hardware,Cheie Dinamometrica Model 2,122,12,42.28,74.52,0.192
9684,Electronice,[Electronice] Modul Transmisie LoRa Model 97,145,9,263.35,343.42,0.314
9685,Electronice,[Electronice] Modul Transmisie LoRa Model 81,72,19,80.66,116.58,0.145
9686,Hardware,Set Imbusuri Model 18,12,19,161.4,285.76,0.397
9687,Auto,Set Placute Frana Model 70,32,13,270.35,436.87,0.037
9688,Auto,Senzor Debitmetru Model 20,28,16,214.77,406.77,0.403
9689,Perisabile,[Perisabile] Adeziv Industrial Model 52,81,11,57.43,80.4,0.236
9690,Perisabile,[Perisabile] Adeziv Industrial Model 14,63,18,64.81,106.2,0.101
9691,Auto,Furtun Intercooler 2.0 TDI Model 45,8,15,78.66,165.23,0.117
9692,Perisabile,[Perisabile] Solutie Curatare Frane Model 91,127,11,213.13,448.59,0.154
9693,Auto,Baterie 12V 70Ah Model 30,126,20,56.85,97.18,0.44
9694,Auto,Baterie 12V 70Ah Model 49,82,18,157.8,192.84,0.237
9695,Hardware,Trusa Tubulare Model 65,99,13,101.04,180.31,0.396
9696,Perisabile,[Perisabile] Adeziv Industrial Model 49,116,20,116.72,205.84,0.421
9697,Electronice,[Electronice] Modul Transmisie LoRa Model 89,28,9,206.78,387.71,0.203
9698,Auto,Furtun Intercooler 2.0 TDI Model 27,19,9,212.25,360.33,0.17
9699,Auto,Rulment Roata Fata Model 50,99,14,68.86,110.94,0.282
9700,Auto,Furtun Intercooler 2.0 TDI Model 64,1,19,38.14,56.14,0.235
9701,Hardware,Set Imbusuri Model 3,138,5,118.32,272.96,0.136
9702,Hardware,Trusa Tubulare Model 90,39,16,295.28,675.12,0.046
9703,Electronice,[Electronice] Multimetru Analogic Model 85,132,15,201.56,298.99,0.14
9704,Auto,Senzor Debitmetru Model 43,34,13,75.19,93.68,0.213
9705,Auto,Baterie 12V 70Ah Model 36,7,8,76.66,94.84,0.216
9706,Hardware,Incarcator Gaz Model 82,0,18,229.76,533.28,0.131
9707,Auto,Rulment Roata Fata Model 52,25,6,49.74,84.85,0.204
9708,Electronice,[Electronice] Sursa Laborator Model 2,63,5,207.95,317.09,0.128
9709,Electronice,[Electronice] Multimetru Analogic Model 48,3,17,84.97,200.42,0.243
9710,Hardware,Cheie Dinamometrica Model 58,13,6,226.28,467.24,0.069
9711,Auto,Baterie 12V 70Ah Model 58,115,17,89.45,209.37,0.152
9712,Electronice,[Electronice] Sursa Laborator Model 77,45,7,290.74,628.04,0.103
9713,Hardware,Incarcator Gaz Model 84,94,8,149.68,357.28,0.019
9714,Auto,Baterie 12V 70Ah Model 97,144,12,24.18,33.75,0.377
9715,Auto,Filtru Aer Model 8,102,14,288.7,528.47,0.422
9716,Perisabile,[Perisabile] Spray Degripant Model 11,31,11,234.99,334.52,0.265
9717,Perisabile,[Perisabile] Solutie Curatare Frane Model 54,39,9,65.39,132.86,0.454
9718,Hardware,Incarcator Gaz Model 79,31,20,276.5,498.15,0.199
9719,Hardware,Cheie Dinamometrica Model 22,39,18,44.92,60.66,0.228
9720,Auto,Furtun Intercooler 2.0 TDI Model 60,101,15,144.28,286.91,0.453
9721,Auto,Set Placute Frana Model 51,118,13,69.23,149.01,0.244
9722,Electronice,[Electronice] Osciloscop Model 83,123,15,120.93,149.06,0.441
9723,Hardware,Trusa Tubulare Model 98,46,18,36.54,57.36,0.153
9724,Hardware,Set Imbusuri Model 76,63,15,142.77,212.98,0.324
9725,Perisabile,[Perisabile] Solutie Curatare Frane Model 68,103,12,60.39,87.19,0.233
9726,Auto,Rulment Roata Fata Model 50,129,9,77.92,115.08,0.132
9727,Perisabile,[Perisabile] Adeziv Industrial Model 66,72,18,239.77,504.36,0.11
9728,Auto,Baterie 12V 70Ah Model 37,59,6,280.03,606.28,0.085
9729,Hardware,Trusa Tubulare Model 26,2,7,25.88,41.72,0.065
9730,Electronice,[Electronice] Sursa Laborator Model 3,102,17,257.77,573.82,0.036
9731,Perisabile,[Perisabile] Solutie Curatare Frane Model 53,71,10,211.85,391.79,0.379
9732,Hardware,Cheie Dinamometrica Model 58,52,20,33.03,67.61,0.429
9733,Perisabile,[Perisabile] Solutie Curatare Frane Model 31,25,5,65.77,111.46,0.374
9734,Auto,Rulment Roata Fata Model 10,45,13,98.0,180.04,0.49
9735,Perisabile,[Perisabile] Spray Degripant Model 13,65,19,166.95,416.38,0.435
9736,Electronice,[Electronice] Modul Transmisie LoRa Model 59,25,10,165.6,220.76,0.469
9737,Electronice,[Electronice] Osciloscop Model 49,27,10,138.55,286.65,0.334
9738,Electronice,[Electronice] Osciloscop Model 59,28,16,218.76,543.14,0.499
9739,Electronice,[Electronice] Modul Transmisie LoRa Model 44,131,16,93.96,142.22,0.396
9740,Perisabile,[Perisabile] Spray Degripant Model 21,70,20,88.26,143.2,0.492
9741,Hardware,Cheie Dinamometrica Model 9,42,12,206.84,282.27,0.137
9742,Perisabile,[Perisabile] Adeziv Industrial Model 73,105,15,131.25,270.39,0.369
9743,Electronice,[Electronice] Osciloscop Model 14,63,6,209.25,285.96,0.463
9744,Auto,Senzor Debitmetru Model 92,108,19,240.77,398.78,0.45
9745,Electronice,[Electronice] Sursa Laborator Model 31,106,9,185.36,274.87,0.166
9746,Electronice,[Electronice] Osciloscop Model 21,98,14,13.46,24.33,0.416
9747,Auto,Furtun Intercooler 2.0 TDI Model 20,90,11,283.39,385.9,0.346
9748,Hardware,Incarcator Gaz Model 55,8,12,158.71,343.61,0.162
9749,Electronice,[Electronice] Multimetru Analogic Model 46,101,6,233.62,524.32,0.431
9750,Hardware,Incarcator Gaz Model 59,118,7,152.87,360.31,0.145
9751,Perisabile,[Perisabile] Solutie Curatare Frane Model 32,101,18,118.83,205.3,0.361
9752,Perisabile,[Perisabile] Spray Degripant Model 81,88,13,219.97,548.71,0.362
9753,Perisabile,[Perisabile] Solutie Curatare Frane Model 66,68,6,98.58,221.16,0.213
9754,Auto,Baterie 12V 70Ah Model 5,145,10,72.04,112.1,0.177
9755,Auto,Set Placute Frana Model 70,4,10,255.71,537.52,0.419
9756,Perisabile,[Perisabile] Spray Degripant Model 77,20,11,42.97,62.91,0.391
9757,Hardware,Incarcator Gaz Model 7,44,10,17.46,29.06,0.486
9758,Electronice,[Electronice] Multimetru Analogic Model 67,101,7,96.32,175.92,0.037
9759,Auto,Baterie 12V 70Ah Model 16,98,20,213.94,439.21,0.42
9760,Perisabile,[Perisabile] Solutie Curatare Frane Model 23,63,19,298.93,610.61,0.436
9761,Perisabile,[Perisabile] Adeziv Industrial Model 37,138,10,238.98,474.45,0.456
9762,Auto,Furtun Intercooler 2.0 TDI Model 76,45,8,236.26,452.12,0.466
9763,Hardware,Cheie Dinamometrica Model 24,99,14,63.99,122.04,0.29
9764,Hardware,Set Imbusuri Model 62,115,15,52.95,126.3,0.183
9765,Auto,Furtun Intercooler 2.0 TDI Model 82,137,12,71.31,103.25,0.157
9766,Electronice,[Electronice] Sursa Laborator Model 55,126,20,148.9,351.38,0.414
9767,Hardware,Incarcator Gaz Model 39,75,12,57.67,91.75,0.443
9768,Electronice,[Electronice] Sursa Laborator Model 70,135,14,96.93,189.51,0.184
9769,Auto,Filtru Aer Model 3,2,12,152.65,231.74,0.185
9770,Perisabile,[Perisabile] Adeziv Industrial Model 44,90,13,260.96,573.34,0.473
9771,Perisabile,[Perisabile] Spray Degripant Model 25,49,8,55.51,136.84,0.496
9772,Auto,Senzor Debitmetru Model 66,137,5,20.0,40.93,0.11
9773,Perisabile,[Perisabile] Spray Degripant Model 95,77,19,38.81,48.32,0.435
9774,Electronice,[Electronice] Multimetru Analogic Model 13,97,19,93.02,211.26,0.126
9775,Perisabile,[Perisabile] Solutie Curatare Frane Model 22,126,5,102.88,237.28,0.461
9776,Perisabile,[Perisabile] Adeziv Industrial Model 81,94,15,11.89,25.29,0.321
9777,Perisabile,[Perisabile] Spray Degripant Model 8,21,17,194.56,358.21,0.435
9778,Hardware,Trusa Tubulare Model 54,58,10,118.98,145.47,0.037
9779,Auto,Furtun Intercooler 2.0 TDI Model 22,53,19,101.5,161.61,0.258
9780,Electronice,[Electronice] Osciloscop Model 77,5,12,126.27,217.78,0.221
9781,Hardware,Trusa Tubulare Model 39,39,7,203.76,485.23,0.199
9782,Hardware,Cheie Dinamometrica Model 41,108,20,28.33,41.03,0.186
9783,Electronice,[Electronice] Sursa Laborator Model 82,108,17,120.23,161.3,0.051
9784,Hardware,Cheie Dinamometrica Model 65,123,17,87.35,167.33,0.393
9785,Electronice,[Electronice] Sursa Laborator Model 60,5,16,168.37,376.11,0.19
9786,Auto,Senzor Debitmetru Model 96,118,15,109.82,151.65,0.035
9787,Perisabile,[Perisabile] Solutie Curatare Frane Model 79,88,9,94.04,219.14,0.084
9788,Hardware,Set Imbusuri Model 43,35,13,38.28,74.28,0.289
9789,Hardware,Set Imbusuri Model 17,41,7,273.48,405.92,0.161
9790,Hardware,Incarcator Gaz Model 47,31,5,44.05,81.5,0.374
9791,Perisabile,[Perisabile] Adeziv Industrial Model 40,39,6,101.36,194.85,0.049
9792,Perisabile,[Perisabile] Solutie Curatare Frane Model 33,81,5,253.16,450.06,0.202
9793,Electronice,[Electronice] Multimetru Analogic Model 29,105,16,227.73,285.93,0.479
9794,Perisabile,[Perisabile] Spray Degripant Model 32,64,17,121.35,271.37,0.335
9795,Hardware,Set Imbusuri Model 20,39,6,266.47,497.36,0.041
9796,Perisabile,[Perisabile] Adeziv Industrial Model 16,41,12,284.6,473.13,0.467
9797,Perisabile,[Perisabile] Solutie Curatare Frane Model 27,72,20,189.62,384.11,0.223
9798,Auto,Baterie 12V 70Ah Model 65,50,18,68.41,170.52,0.172
9799,Perisabile,[Perisabile] Solutie Curatare Frane Model 93,51,6,18.83,25.22,0.244
9800,Electronice,[Electronice] Multimetru Analogic Model 17,43,14,77.07,133.85,0.375
9801,Auto,Rulment Roata Fata Model 72,22,18,270.24,522.21,0.244
9802,Hardware,Set Imbusuri Model 29,93,10,251.52,414.3,0.214
9803,Auto,Filtru Aer Model 61,86,19,269.69,524.38,0.465
9804,Auto,Senzor Debitmetru Model 80,7,20,138.2,307.93,0.124
9805,Auto,Furtun Intercooler 2.0 TDI Model 77,26,15,167.45,359.82,0.253
9806,Hardware,Set Imbusuri Model 74,38,20,32.68,78.5,0.203
9807,Electronice,[Electronice] Sursa Laborator Model 97,12,14,18.77,24.9,0.054
9808,Hardware,Incarcator Gaz Model 61,39,6,22.11,39.96,0.322
9809,Hardware,Cheie Dinamometrica Model 40,47,5,285.73,482.29,0.012
9810,Perisabile,[Perisabile] Spray Degripant Model 6,97,8,71.24,144.12,0.107
9811,Perisabile,[Perisabile] Adeziv Industrial Model 52,142,12,276.1,409.42,0.442
9812,Hardware,Incarcator Gaz Model 34,105,15,165.8,400.33,0.257
9813,Hardware,Trusa Tubulare Model 60,93,14,122.99,257.0,0.199
9814,Auto,Senzor Debitmetru Model 61,145,8,108.0,148.46,0.268
9815,Electronice,[Electronice] Modul Transmisie LoRa Model 24,23,10,279.01,565.41,0.182
9816,Electronice,[Electronice] Osciloscop Model 16,65,17,277.08,563.3,0.42
9817,Hardware,Trusa Tubulare Model 84,14,19,84.65,153.22,0.07
9818,Electronice,[Electronice] Modul Transmisie LoRa Model 87,25,15,45.18,108.17,0.495
9819,Electronice,[Electronice] Osciloscop Model 47,48,10,281.61,513.96,0.087
9820,Perisabile,[Perisabile] Solutie Curatare Frane Model 55,110,10,117.05,234.13,0.339
9821,Auto,Set Placute Frana Model 97,58,10,229.02,352.45,0.074
9822,Perisabile,[Perisabile] Solutie Curatare Frane Model 52,61,13,29.62,70.13,0.445
9823,Electronice,[Electronice] Sursa Laborator Model 62,100,17,259.01,405.79,0.302
9824,Electronice,[Electronice] Multimetru Analogic Model 47,68,20,172.95,426.45,0.213
9825,Auto,Baterie 12V 70Ah Model 34,77,15,185.58,238.85,0.198
9826,Electronice,[Electronice] Multimetru Analogic Model 4,52,6,127.45,276.52,0.122
9827,Hardware,Set Imbusuri Model 80,138,9,206.59,324.09,0.098
9828,Hardware,Trusa Tubulare Model 38,145,20,271.98,587.65,0.335
9829,Auto,Senzor Debitmetru Model 29,110,11,97.46,151.27,0.261
9830,Auto,Furtun Intercooler 2.0 TDI Model 1,71,16,191.11,402.37,0.112
9831,Perisabile,[Perisabile] Adeziv Industrial Model 94,21,11,241.9,418.27,0.169
9832,Electronice,[Electronice] Osciloscop Model 8,75,12,143.32,357.84,0.305
9833,Auto,Senzor Debitmetru Model 31,17,19,16.38,26.42,0.205
9834,Hardware,Incarcator Gaz Model 74,13,15,195.82,289.36,0.192
9835,Auto,Rulment Roata Fata Model 51,75,17,70.6,148.27,0.407
9836,Hardware,Cheie Dinamometrica Model 10,118,5,127.38,206.95,0.031
9837,Auto,Furtun Intercooler 2.0 TDI Model 84,40,6,84.63,153.96,0.143
9838,Electronice,[Electronice] Osciloscop Model 84,69,15,216.79,295.9,0.48
9839,Electronice,[Electronice] Osciloscop Model 82,126,17,89.27,125.72,0.049
9840,Hardware,Set Imbusuri Model 86,145,18,141.17,203.95,0.397
9841,Perisabile,[Perisabile] Spray Degripant Model 12,19,5,56.8,136.85,0.16
9842,Hardware,Incarcator Gaz Model 94,137,18,55.61,73.63,0.486
9843,Hardware,Incarcator Gaz Model 71,90,7,54.41,81.14,0.438
9844,Auto,Set Placute Frana Model 29,98,8,149.74,313.37,0.207
9845,Electronice,[Electronice] Sursa Laborator Model 97,60,20,241.66,378.55,0.429
9846,Electronice,[Electronice] Multimetru Analogic Model 53,107,14,178.14,342.28,0.103
9847,Electronice,[Electronice] Sursa Laborator Model 62,141,14,115.22,280.32,0.385
9848,Electronice,[Electronice] Modul Transmisie LoRa Model 3,67,15,260.54,439.5,0.294
9849,Auto,Set Placute Frana Model 54,126,14,155.7,289.17,0.011
9850,Perisabile,[Perisabile] Solutie Curatare Frane Model 76,50,14,39.02,54.8,0.436
9851,Hardware,Cheie Dinamometrica Model 35,150,19,93.93,173.81,0.047
9852,Hardware,Cheie Dinamometrica Model 6,148,9,177.8,278.87,0.382
9853,Electronice,[Electronice] Multimetru Analogic Model 41,106,12,208.82,265.45,0.158
9854,Electronice,[Electronice] Sursa Laborator Model 80,7,15,76.51,119.05,0.275
9855,Perisabile,[Perisabile] Spray Degripant Model 28,143,14,182.41,235.57,0.294
9856,Hardware,Set Imbusuri Model 27,51,18,73.65,108.63,0.088
9857,Perisabile,[Perisabile] Spray Degripant Model 82,54,15,29.02,64.93,0.423
9858,Hardware,Trusa Tubulare Model 90,105,8,166.42,411.45,0.037
9859,Auto,Furtun Intercooler 2.0 TDI Model 96,98,10,280.91,670.58,0.22
9860,Electronice,[Electronice] Modul Transmisie LoRa Model 70,72,18,33.08,78.0,0.38
9861,Hardware,Trusa Tubulare Model 41,44,18,181.79,269.65,0.496
9862,Auto,Baterie 12V 70Ah Model 97,84,10,209.62,492.53,0.288
9863,Hardware,Incarcator Gaz Model 57,84,7,111.82,162.54,0.395
9864,Electronice,[Electronice] Modul Transmisie LoRa Model 25,22,5,287.94,360.26,0.081
9865,Electronice,[Electronice] Osciloscop Model 44,129,20,14.44,23.15,0.39
9866,Perisabile,[Perisabile] Spray Degripant Model 81,53,12,264.21,549.86,0.317
9867,Perisabile,[Perisabile] Adeziv Industrial Model 87,109,12,229.04,390.18,0.395
9868,Hardware,Incarcator Gaz Model 5,82,14,71.48,168.04,0.464
9869,Auto,Rulment Roata Fata Model 78,55,13,143.98,268.58,0.39
9870,Perisabile,[Perisabile] Solutie Curatare Frane Model 55,36,7,266.18,433.79,0.443
9871,Auto,Rulment Roata Fata Model 33,5,17,253.96,603.78,0.247
9872,Hardware,Set Imbusuri Model 71,87,10,186.98,278.99,0.282
9873,Perisabile,[Perisabile] Adeziv Industrial Model 8,81,10,140.59,309.13,0.374
9874,Electronice,[Electronice] Osciloscop Model 99,140,8,99.92,160.27,0.35
9875,Electronice,[Electronice] Osciloscop Model 61,95,5,204.3,436.1,0.245
9876,Hardware,Incarcator Gaz Model 71,77,20,199.31,408.42,0.069
9877,Hardware,Set Imbusuri Model 90,24,15,122.54,303.9,0.384
9878,Electronice,[Electronice] Multimetru Analogic Model 82,42,19,165.94,211.59,0.335
9879,Perisabile,[Perisabile] Adeziv Industrial Model 44,21,17,206.48,406.5,0.12
9880,Hardware,Cheie Dinamometrica Model 99,58,8,97.68,195.37,0.044
9881,Auto,Filtru Aer Model 29,58,9,180.49,228.33,0.14
9882,Perisabile,[Perisabile] Adeziv Industrial Model 22,61,5,42.99,74.46,0.287
9883,Hardware,Set Imbusuri Model 12,7,16,81.44,124.65,0.279
9884,Perisabile,[Perisabile] Adeziv Industrial Model 64,126,13,265.05,408.5,0.375
9885,Hardware,Set Imbusuri Model 88,124,8,281.46,608.58,0.136
9886,Auto,Filtru Aer Model 55,70,7,296.52,505.62,0.055
9887,Hardware,Incarcator Gaz Model 86,100,7,186.29,423.98,0.374
9888,Electronice,[Electronice] Sursa Laborator Model 49,13,10,140.61,320.89,0.471
9889,Auto,Baterie 12V 70Ah Model 74,123,12,20.37,35.17,0.44
9890,Hardware,Trusa Tubulare Model 67,97,11,284.28,567.48,0.265
9891,Perisabile,[Perisabile] Solutie Curatare Frane Model 90,102,19,194.28,450.54,0.091
9892,Electronice,[Electronice] Sursa Laborator Model 73,54,12,202.38,291.86,0.279
9893,Perisabile,[Perisabile] Spray Degripant Model 47,100,14,131.14,309.25,0.114
9894,Electronice,[Electronice] Modul Transmisie LoRa Model 97,78,8,108.74,176.45,0.086
9895,Electronice,[Electronice] Sursa Laborator Model 94,72,17,205.09,296.53,0.286
9896,Auto,Senzor Debitmetru Model 85,114,15,135.45,187.09,0.153
9897,Electronice,[Electronice] Modul Transmisie LoRa Model 78,4,16,32.09,78.9,0.339
9898,Hardware,Set Imbusuri Model 61,47,7,107.43,215.54,0.394
9899,Hardware,Cheie Dinamometrica Model 47,123,8,16.22,29.93,0.37
9900,Electronice,[Electronice] Osciloscop Model 78,30,5,157.4,311.33,0.047
9901,Electronice,[Electronice] Sursa Laborator Model 1,97,12,78.18,115.89,0.145
9902,Auto,Baterie 12V 70Ah Model 13,114,14,299.64,673.78,0.299
9903,Hardware,Cheie Dinamometrica Model 34,29,17,168.52,270.13,0.356
9904,Hardware,Cheie Dinamometrica Model 65,119,8,149.35,359.57,0.033
9905,Auto,Furtun Intercooler 2.0 TDI Model 7,81,6,289.24,487.91,0.47
9906,Electronice,[Electronice] Modul Transmisie LoRa Model 80,72,14,169.81,405.67,0.324
9907,Electronice,[Electronice] Multimetru Analogic Model 55,93,20,137.51,314.14,0.051
9908,Hardware,Incarcator Gaz Model 13,56,14,244.06,322.67,0.103
9909,Auto,Senzor Debitmetru Model 84,15,9,288.05,444.95,0.272
9910,Auto,Set Placute Frana Model 74,113,7,72.92,111.31,0.164
9911,Auto,Set Placute Frana Model 24,45,7,175.9,406.16,0.486
9912,Electronice,[Electronice] Modul Transmisie LoRa Model 86,121,17,229.81,335.84,0.017
9913,Auto,Set Placute Frana Model 66,129,16,233.12,358.91,0.481
9914,Auto,Senzor Debitmetru Model 14,105,20,87.14,114.87,0.354
9915,Hardware,Set Imbusuri Model 1,46,18,200.72,318.6,0.487
9916,Electronice,[Electronice] Multimetru Analogic Model 51,7,19,269.84,673.81,0.359
9917,Electronice,[Electronice] Sursa Laborator Model 25,132,19,12.64,25.47,0.216
9918,Hardware,Set Imbusuri Model 30,21,14,218.09,522.18,0.154
9919,Perisabile,[Perisabile] Spray Degripant Model 36,41,12,175.76,387.49,0.105
9920,Auto,Set Placute Frana Model 94,72,9,38.21,84.92,0.229
9921,Auto,Filtru Aer Model 99,15,20,237.3,533.0,0.038
9922,Auto,Rulment Roata Fata Model 38,135,19,162.27,233.05,0.417
9923,Perisabile,[Perisabile] Solutie Curatare Frane Model 39,11,15,116.39,175.06,0.279
9924,Hardware,Trusa Tubulare Model 3,94,19,94.77,147.12,0.396
9925,Auto,Set Placute Frana Model 21,43,12,264.36,482.81,0.308
9926,Auto,Filtru Aer Model 66,114,14,184.43,250.74,0.032
9927,Electronice,[Electronice] Multimetru Analogic Model 10,46,14,121.75,189.1,0.221
9928,Hardware,Incarcator Gaz Model 89,36,6,59.8,145.21,0.213
9929,Auto,Rulment Roata Fata Model 13,82,17,202.5,246.19,0.196
9930,Auto,Filtru Aer Model 73,144,11,190.54,419.25,0.464
9931,Hardware,Trusa Tubulare Model 73,143,20,218.03,358.03,0.113
9932,Auto,Furtun Intercooler 2.0 TDI Model 83,96,17,273.24,628.99,0.189
9933,Hardware,Cheie Dinamometrica Model 3,25,12,66.43,100.34,0.329
9934,Hardware,Incarcator Gaz Model 51,63,12,139.18,275.44,0.086
9935,Perisabile,[Perisabile] Solutie Curatare Frane Model 28,43,14,263.17,555.61,0.419
9936,Perisabile,[Perisabile] Spray Degripant Model 92,87,11,164.85,407.9,0.46
9937,Perisabile,[Perisabile] Adeziv Industrial Model 28,92,15,203.47,308.34,0.062
9938,Auto,Filtru Aer Model 74,93,14,16.8,31.47,0.241
9939,Electronice,[Electronice] Multimetru Analogic Model 93,129,19,256.71,311.28,0.32
9940,Hardware,Trusa Tubulare Model 49,45,6,66.65,106.07,0.183
9941,Hardware,Trusa Tubulare Model 69,32,5,124.85,207.7,0.276
9942,Perisabile,[Perisabile] Adeziv Industrial Model 93,150,13,97.46,156.4,0.487
9943,Auto,Senzor Debitmetru Model 10,98,10,143.68,289.18,0.198
9944,Electronice,[Electronice] Osciloscop Model 28,87,13,204.02,398.26,0.284
9945,Hardware,Incarcator Gaz Model 5,23,12,171.91,346.75,0.448
9946,Electronice,[Electronice] Multimetru Analogic Model 34,11,9,249.17,611.41,0.107
9947,Hardware,Set Imbusuri Model 34,100,9,218.82,440.83,0.157
9948,Auto,Filtru Aer Model 74,65,5,19.23,28.81,0.094
9949,Perisabile,[Perisabile] Adeziv Industrial Model 10,136,14,203.68,370.71,0.325
9950,Hardware,Set Imbusuri Model 33,111,8,54.16,83.41,0.075
9951,Hardware,Incarcator Gaz Model 27,118,9,59.64,147.66,0.107
9952,Electronice,[Electronice] Multimetru Analogic Model 12,68,9,19.75,36.39,0.296
9953,Perisabile,[Perisabile] Adeziv Industrial Model 59,136,20,193.54,266.89,0.06
9954,Perisabile,[Perisabile] Adeziv Industrial Model 49,150,11,141.37,349.23,0.316
9955,Electronice,[Electronice] Modul Transmisie LoRa Model 23,17,7,123.06,192.69,0.478
9956,Auto,Furtun Intercooler 2.0 TDI Model 62,98,10,100.16,183.42,0.473
9957,Auto,Rulment Roata Fata Model 87,143,9,41.79,82.22,0.083
9958,Hardware,Cheie Dinamometrica Model 57,100,10,137.8,250.04,0.049
9959,Perisabile,[Perisabile] Spray Degripant Model 57,140,10,205.11,293.17,0.31
9960,Perisabile,[Perisabile] Solutie Curatare Frane Model 24,55,20,188.4,349.59,0.464
9961,Auto,Filtru Aer Model 84,143,17,122.84,249.99,0.339
9962,Perisabile,[Perisabile] Solutie Curatare Frane Model 44,142,17,61.2,152.41,0.48
9963,Perisabile,[Perisabile] Spray Degripant Model 73,118,17,276.99,339.32,0.445
9964,Hardware,Cheie Dinamometrica Model 58,11,14,111.9,258.62,0.4
9965,Hardware,Cheie Dinamometrica Model 62,33,12,284.71,500.63,0.478
9966,Perisabile,[Perisabile] Solutie Curatare Frane Model 57,0,16,70.98,157.84,0.034
9967,Hardware,Incarcator Gaz Model 86,82,13,184.42,266.62,0.217
9968,Electronice,[Electronice] Osciloscop Model 2,81,11,256.66,547.26,0.042
9969,Auto,Set Placute Frana Model 88,10,11,244.81,394.86,0.184
9970,Hardware,Cheie Dinamometrica Model 56,132,20,145.52,227.86,0.405
9971,Electronice,[Electronice] Multimetru Analogic Model 50,64,17,16.81,25.46,0.127
9972,Hardware,Set Imbusuri Model 57,10,12,14.86,26.59,0.321
9973,Perisabile,[Perisabile] Spray Degripant Model 45,106,7,26.73,54.21,0.154
9974,Perisabile,[Perisabile] Spray Degripant Model 33,41,20,258.15,460.26,0.37
9975,Perisabile,[Perisabile] Adeziv Industrial Model 83,49,20,151.61,354.25,0.415
9976,Hardware,Cheie Dinamometrica Model 8,39,12,14.3,18.58,0.23
9977,Hardware,Cheie Dinamometrica Model 95,90,12,54.7,88.97,0.04
9978,Electronice,[Electronice] Osciloscop Model 11,81,16,133.25,245.55,0.096
9979,Electronice,[Electronice] Sursa Laborator Model 24,129,17,116.65,241.03,0.285
9980,Hardware,Set Imbusuri Model 89,132,8,40.21,59.96,0.297
9981,Electronice,[Electronice] Sursa Laborator Model 87,31,18,270.19,661.38,0.262
9982,Electronice,[Electronice] Multimetru Analogic Model 96,64,16,216.35,380.42,0.435
9983,Hardware,Trusa Tubulare Model 26,93,17,28.56,61.04,0.237
9984,Hardware,Trusa Tubulare Model 28,0,13,68.97,90.7,0.145
9985,Hardware,Set Imbusuri Model 76,23,18,269.5,567.38,0.329
9986,Auto,Filtru Aer Model 79,116,8,220.64,409.71,0.123
9987,Hardware,Incarcator Gaz Model 68,139,16,129.27,191.45,0.246
9988,Perisabile,[Perisabile] Adeziv Industrial Model 65,111,18,283.19,368.94,0.244
9989,Hardware,Incarcator Gaz Model 47,20,11,185.57,300.33,0.275
9990,Perisabile,[Perisabile] Solutie Curatare Frane Model 35,85,11,259.65,627.16,0.166
9991,Auto,Filtru Aer Model 58,82,12,187.07,368.15,0.126
9992,Electronice,[Electronice] Multimetru Analogic Model 22,118,10,262.83,421.91,0.023
9993,Auto,Set Placute Frana Model 53,71,13,279.91,594.08,0.043
9994,Auto,Filtru Aer Model 43,93,12,182.03,417.47,0.201
9995,Perisabile,[Perisabile] Adeziv Industrial Model 38,45,7,259.77,330.38,0.42
9996,Perisabile,[Perisabile] Adeziv Industrial Model 89,41,5,228.03,510.32,0.039
9997,Perisabile,[Perisabile] Adeziv Industrial Model 21,4,9,14.46,27.9,0.186
9998,Hardware,Cheie Dinamometrica Model 49,59,18,222.85,544.91,0.285
9999,Electronice,[Electronice] Modul Transmisie LoRa Model 21,110,5,269.84,596.88,0.282
10000,Perisabile,[Perisabile] Adeziv Industrial Model 51,17,19,31.05,65.05,0.259
